post_id,category_id,title,content,status,date_published
1360,2,"""senectus et""","""tellus faucibus leo, in lobortis tellus justo sit amet nulla. Donec non justo. Proin""","""Draft""",3/9/2024 17:11
1133,7,"""Integer vitae""","""neque. Nullam nisl. Maecenas malesuada fringilla est. Mauris eu turpis. Nulla aliquet. Proin velit. Sed malesuada augue ut lacus. Nulla tincidunt, neque""","""Draft""",10/14/2023 18:47
1028,12,"""Nullam feugiat""","""luctus vulputate, nisi sem semper erat, in consectetuer ipsum nunc id enim. Curabitur massa. Vestibulum accumsan""","""Published""",11/21/2023 14:24
1289,6,"""interdum ligula""","""sit amet, faucibus ut, nulla. Cras eu tellus eu augue porttitor interdum. Sed auctor odio a purus. Duis elementum, dui quis accumsan""","""Published""",11/24/2023 7:49
1223,9,"""laoreet lectus""","""at, nisi. Cum sociis natoque penatibus et magnis dis parturient montes, nascetur ridiculus mus. Proin vel nisl. Quisque""","""Draft""",1/5/2024 15:44
1257,2,"""Nunc commodo""","""vulputate, posuere vulputate, lacus. Cras interdum. Nunc sollicitudin commodo ipsum. Suspendisse non leo. Vivamus nibh dolor, nonummy ac, feugiat non, lobortis quis, pede.""","""Published""",2/10/2024 22:17
1198,10,"""purus. Maecenas""","""eu tempor erat neque non quam. Pellentesque habitant morbi tristique senectus""","""Draft""",6/14/2023 1:38
1360,5,"""pharetra, felis""","""egestas rhoncus. Proin nisl sem, consequat nec, mollis vitae, posuere at, velit. Cras lorem lorem, luctus ut, pellentesque eget, dictum placerat, augue. Sed molestie.""","""Draft""",7/27/2023 21:11
1081,7,"""arcu vel""","""pede sagittis augue, eu tempor erat neque non quam. Pellentesque habitant morbi tristique senectus et netus et""","""Published""",10/22/2023 23:31
1317,12,"""sollicitudin commodo""","""non, dapibus rutrum, justo. Praesent luctus. Curabitur egestas nunc sed libero. Proin sed turpis nec mauris blandit mattis. Cras eget nisi dictum augue""","""Draft""",5/17/2023 6:29
1192,15,"""neque non""","""molestie dapibus ligula. Aliquam erat volutpat. Nulla dignissim. Maecenas ornare egestas ligula.""","""Draft""",2/19/2024 19:48
1065,8,"""orci lobortis""","""sed, sapien. Nunc pulvinar arcu et pede. Nunc sed orci lobortis augue scelerisque mollis. Phasellus libero mauris, aliquam""","""Published""",8/12/2023 2:13
1393,7,"""diam lorem,""","""amet ornare lectus justo eu arcu. Morbi sit amet massa. Quisque porttitor eros nec tellus.""","""Draft""",6/3/2023 9:09
1246,6,"""enim. Sed""","""pretium et, rutrum non, hendrerit id, ante. Nunc mauris sapien, cursus in, hendrerit""","""Published""",11/17/2023 9:30
1343,10,"""id, blandit""","""felis. Nulla tempor augue ac ipsum. Phasellus vitae mauris sit amet lorem semper auctor. Mauris vel turpis. Aliquam adipiscing lobortis risus. In mi""","""Published""",4/29/2024 6:00
1024,9,"""nec, leo.""","""molestie arcu. Sed eu nibh vulputate mauris sagittis placerat. Cras dictum ultricies ligula.""","""Draft""",3/6/2024 16:10
1311,14,"""lobortis quis,""","""ligula. Donec luctus aliquet odio. Etiam ligula tortor, dictum eu, placerat eget, venenatis a, magna. Lorem""","""Draft""",10/9/2023 22:34
1189,4,"""nisi nibh""","""et, rutrum eu, ultrices sit amet, risus. Donec nibh enim, gravida sit amet, dapibus id,""","""Published""",7/28/2023 14:17
1200,6,"""lacus. Etiam""","""mi pede, nonummy ut, molestie in, tempus eu, ligula. Aenean euismod mauris eu elit. Nulla facilisi. Sed neque. Sed""","""Draft""",4/30/2024 15:49
1071,8,"""vitae semper""","""neque sed dictum eleifend, nunc risus varius orci, in consequat enim diam vel arcu. Curabitur ut odio vel est tempor bibendum. Donec felis""","""Published""",4/30/2024 18:29
1381,13,"""posuere at,""","""fringilla cursus purus. Nullam scelerisque neque sed sem egestas blandit. Nam nulla magna, malesuada vel, convallis in, cursus""","""Draft""",9/21/2023 21:12
1225,2,"""ultricies adipiscing,""","""Fusce aliquam, enim nec tempus scelerisque, lorem ipsum sodales purus, in molestie""","""Draft""",5/6/2023 4:25
1075,11,"""est arcu""","""sed pede nec ante blandit viverra. Donec tempus, lorem fringilla ornare""","""Draft""",11/25/2023 2:24
1100,1,"""eu nulla""","""dui, in sodales elit erat vitae risus. Duis a mi fringilla mi""","""Draft""",10/30/2023 20:52
1299,9,"""Fusce feugiat.""","""in faucibus orci luctus et ultrices posuere cubilia Curae Donec tincidunt. Donec vitae erat vel pede blandit congue. In""","""Draft""",10/25/2023 3:30
1194,7,"""arcu. Morbi""","""felis. Nulla tempor augue ac ipsum. Phasellus vitae mauris sit""","""Draft""",5/17/2023 17:13
1141,13,"""Suspendisse sagittis.""","""mi felis, adipiscing fringilla, porttitor vulputate, posuere vulputate, lacus. Cras interdum. Nunc sollicitudin commodo ipsum. Suspendisse non leo. Vivamus nibh""","""Draft""",6/24/2023 16:00
1056,5,"""nibh lacinia""","""sociis natoque penatibus et magnis dis parturient montes, nascetur ridiculus mus. Proin vel nisl. Quisque fringilla euismod enim. Etiam gravida""","""Draft""",6/16/2023 13:40
1277,4,"""sed dictum""","""arcu. Curabitur ut odio vel est tempor bibendum. Donec felis orci, adipiscing non, luctus sit amet, faucibus ut, nulla. Cras eu tellus""","""Published""",12/3/2023 5:10
1099,5,"""ornare, lectus""","""metus sit amet ante. Vivamus non lorem vitae odio sagittis semper. Nam tempor diam dictum sapien. Aenean massa. Integer""","""Published""",7/30/2023 15:49
1300,8,"""dictum augue""","""enim consequat purus. Maecenas libero est, congue a, aliquet vel, vulputate eu, odio. Phasellus at augue id ante dictum""","""Draft""",10/17/2023 11:33
1041,12,"""magna. Phasellus""","""sem magna nec quam. Curabitur vel lectus. Cum sociis natoque penatibus et magnis dis parturient montes, nascetur""","""Draft""",7/11/2023 12:11
1140,12,"""eget varius""","""mauris a nunc. In at pede. Cras vulputate velit eu sem.""","""Published""",8/5/2023 22:58
1249,12,"""non, lacinia""","""arcu. Sed eu nibh vulputate mauris sagittis placerat. Cras dictum ultricies ligula. Nullam enim. Sed nulla ante, iaculis nec, eleifend non,""","""Published""",2/3/2024 18:06
1111,12,"""nec urna""","""Phasellus ornare. Fusce mollis. Duis sit amet diam eu dolor""","""Published""",6/26/2023 5:40
1087,2,"""dui. Suspendisse""","""tristique ac, eleifend vitae, erat. Vivamus nisi. Mauris nulla. Integer urna. Vivamus molestie dapibus ligula. Aliquam erat volutpat. Nulla dignissim. Maecenas ornare egestas""","""Draft""",4/27/2024 14:02
1301,15,"""eget, ipsum.""","""Maecenas malesuada fringilla est. Mauris eu turpis. Nulla aliquet. Proin velit. Sed malesuada augue ut""","""Published""",1/13/2024 19:18
1255,6,"""massa lobortis""","""facilisis eget, ipsum. Donec sollicitudin adipiscing ligula. Aenean gravida nunc""","""Published""",11/3/2023 13:02
1162,6,"""lectus rutrum""","""Nulla interdum. Curabitur dictum. Phasellus in felis. Nulla tempor augue ac ipsum. Phasellus vitae mauris sit amet lorem semper auctor. Mauris vel turpis. Aliquam""","""Published""",8/27/2023 1:33
1043,2,"""non, bibendum""","""Duis ac arcu. Nunc mauris. Morbi non sapien molestie orci tincidunt adipiscing. Mauris molestie""","""Published""",9/17/2023 10:10
1042,3,"""a, arcu.""","""mi tempor lorem, eget mollis lectus pede et risus. Quisque libero lacus, varius et, euismod et, commodo at, libero. Morbi accumsan""","""Published""",7/16/2023 16:18
1122,5,"""Quisque fringilla""","""scelerisque neque. Nullam nisl. Maecenas malesuada fringilla est. Mauris eu turpis. Nulla aliquet. Proin velit. Sed malesuada augue ut""","""Published""",9/26/2023 13:10
1004,5,"""semper. Nam""","""enim. Mauris quis turpis vitae purus gravida sagittis. Duis gravida. Praesent eu nulla at sem molestie""","""Published""",9/3/2023 5:58
1028,4,"""eget ipsum.""","""sed pede. Cum sociis natoque penatibus et magnis dis parturient montes, nascetur ridiculus mus. Proin vel arcu""","""Draft""",7/15/2023 4:41
1399,12,"""et risus.""","""quam a felis ullamcorper viverra. Maecenas iaculis aliquet diam. Sed diam lorem, auctor quis, tristique ac, eleifend vitae, erat.""","""Draft""",7/12/2023 13:06
1169,14,"""ipsum dolor""","""porttitor interdum. Sed auctor odio a purus. Duis elementum, dui quis accumsan""","""Published""",8/18/2023 22:17
1342,6,"""euismod urna.""","""libero. Morbi accumsan laoreet ipsum. Curabitur consequat, lectus sit amet luctus vulputate, nisi sem semper erat, in consectetuer ipsum nunc id enim. Curabitur""","""Published""",1/13/2024 6:41
1099,6,"""est, vitae""","""porttitor interdum. Sed auctor odio a purus. Duis elementum, dui quis accumsan convallis, ante lectus convallis est, vitae sodales nisi magna sed dui. Fusce""","""Draft""",10/23/2023 9:11
1096,3,"""neque. Nullam""","""Mauris ut quam vel sapien imperdiet ornare. In faucibus. Morbi""","""Draft""",10/15/2023 20:07
1240,3,"""Duis at""","""elit. Etiam laoreet, libero et tristique pellentesque, tellus sem mollis dui, in sodales elit erat vitae risus. Duis a mi fringilla mi lacinia""","""Published""",9/24/2023 13:31
1067,11,"""nisi sem""","""Nunc ac sem ut dolor dapibus gravida. Aliquam tincidunt, nunc ac mattis ornare, lectus ante dictum mi, ac mattis velit justo nec ante. Maecenas mi""","""Published""",4/29/2024 21:41
1083,12,"""mauris id""","""Nunc mauris. Morbi non sapien molestie orci tincidunt adipiscing. Mauris molestie pharetra nibh. Aliquam""","""Published""",9/9/2023 3:03
1111,2,"""vulputate eu,""","""sit amet ante. Vivamus non lorem vitae odio sagittis semper. Nam tempor diam dictum sapien. Aenean massa. Integer vitae nibh. Donec est mauris,""","""Draft""",7/30/2023 15:25
1075,4,"""ullamcorper, velit""","""lorem, eget mollis lectus pede et risus. Quisque libero lacus, varius et,""","""Draft""",1/9/2024 7:32
1331,9,"""rutrum eu,""","""Suspendisse sed dolor. Fusce mi lorem, vehicula et, rutrum eu, ultrices sit amet, risus. Donec nibh enim, gravida sit amet, dapibus id, blandit""","""Draft""",9/1/2023 21:17
1267,5,"""consectetuer adipiscing""","""rhoncus. Donec est. Nunc ullamcorper, velit in aliquet lobortis, nisi nibh lacinia orci, consectetuer euismod est arcu ac orci.""","""Draft""",7/9/2023 15:11
1004,13,"""Nulla dignissim.""","""luctus sit amet, faucibus ut, nulla. Cras eu tellus eu augue porttitor interdum. Sed auctor odio""","""Published""",9/29/2023 8:43
1209,13,"""sed dolor.""","""fermentum metus. Aenean sed pede nec ante blandit viverra. Donec tempus,""","""Draft""",9/15/2023 20:18
1345,14,"""tellus. Nunc""","""fringilla purus mauris a nunc. In at pede. Cras vulputate velit eu sem. Pellentesque ut ipsum ac mi eleifend egestas. Sed pharetra, felis eget varius""","""Published""",7/25/2023 6:43
1329,15,"""Aenean eget""","""Nunc sollicitudin commodo ipsum. Suspendisse non leo. Vivamus nibh dolor, nonummy ac, feugiat non, lobortis quis, pede. Suspendisse""","""Draft""",10/14/2023 1:57
1052,6,"""Fusce feugiat.""","""elit, a feugiat tellus lorem eu metus. In lorem. Donec elementum,""","""Draft""",6/22/2023 10:26
1246,15,"""Vivamus sit""","""imperdiet non, vestibulum nec, euismod in, dolor. Fusce feugiat. Lorem ipsum dolor sit amet, consectetuer adipiscing elit.""","""Published""",4/30/2024 12:16
1318,5,"""in sodales""","""sem, consequat nec, mollis vitae, posuere at, velit. Cras lorem lorem, luctus ut, pellentesque eget,""","""Draft""",12/29/2023 11:33
1285,6,"""vel turpis.""","""facilisi. Sed neque. Sed eget lacus. Mauris non dui nec urna""","""Draft""",1/23/2024 12:38
1277,9,"""nisl. Maecenas""","""Integer eu lacus. Quisque imperdiet, erat nonummy ultricies ornare, elit elit fermentum risus, at fringilla purus mauris a nunc. In at pede. Cras vulputate velit""","""Draft""",4/7/2024 17:30
1398,4,"""laoreet, libero""","""vestibulum lorem, sit amet ultricies sem magna nec quam. Curabitur vel lectus. Cum sociis natoque penatibus et magnis dis""","""Draft""",10/5/2023 22:34
1399,11,"""lorem, auctor""","""nec enim. Nunc ut erat. Sed nunc est, mollis non, cursus non, egestas a, dui. Cras""","""Published""",3/24/2024 2:48
1083,4,"""ad litora""","""elit, a feugiat tellus lorem eu metus. In lorem. Donec elementum, lorem ut""","""Draft""",12/24/2023 21:28
1369,12,"""posuere cubilia""","""montes, nascetur ridiculus mus. Aenean eget magna. Suspendisse tristique neque venenatis lacus. Etiam bibendum fermentum metus. Aenean sed pede""","""Draft""",10/26/2023 13:35
1288,12,"""nisl arcu""","""Cum sociis natoque penatibus et magnis dis parturient montes, nascetur""","""Published""",1/15/2024 2:47
1081,15,"""aliquet lobortis,""","""amet, consectetuer adipiscing elit. Curabitur sed tortor. Integer aliquam adipiscing lacus. Ut nec urna et arcu imperdiet ullamcorper. Duis at lacus. Quisque""","""Published""",9/14/2023 14:37
1153,9,"""eget, venenatis""","""ipsum nunc id enim. Curabitur massa. Vestibulum accumsan neque et nunc. Quisque ornare tortor at risus. Nunc ac sem ut""","""Draft""",10/9/2023 2:43
1050,6,"""interdum libero""","""laoreet, libero et tristique pellentesque, tellus sem mollis dui, in sodales elit erat vitae risus. Duis a mi fringilla""","""Draft""",2/6/2024 13:22
1012,12,"""libero nec""","""quis lectus. Nullam suscipit, est ac facilisis facilisis, magna tellus faucibus leo, in lobortis tellus justo""","""Published""",8/28/2023 21:43
1139,2,"""fringilla cursus""","""adipiscing. Mauris molestie pharetra nibh. Aliquam ornare, libero at auctor ullamcorper, nisl arcu iaculis enim, sit amet ornare lectus justo eu arcu. Morbi sit amet""","""Published""",5/7/2023 12:30
1184,15,"""vehicula. Pellentesque""","""non, bibendum sed, est. Nunc laoreet lectus quis massa. Mauris""","""Draft""",9/5/2023 19:35
1178,5,"""diam eu""","""congue, elit sed consequat auctor, nunc nulla vulputate dui, nec tempus mauris erat eget ipsum. Suspendisse sagittis. Nullam vitae diam. Proin dolor.""","""Published""",10/31/2023 22:49
1137,7,"""lobortis ultrices.""","""malesuada fames ac turpis egestas. Fusce aliquet magna a neque. Nullam ut""","""Published""",4/30/2024 6:20
1038,11,"""magna a""","""metus urna convallis erat, eget tincidunt dui augue eu tellus. Phasellus elit pede, malesuada vel, venenatis vel, faucibus id, libero. Donec""","""Draft""",4/17/2024 10:48
1387,2,"""egestas a,""","""Aliquam nisl. Nulla eu neque pellentesque massa lobortis ultrices. Vivamus rhoncus. Donec est. Nunc ullamcorper,""","""Draft""",1/14/2024 18:34
1019,1,"""vestibulum massa""","""velit. Aliquam nisl. Nulla eu neque pellentesque massa lobortis ultrices. Vivamus rhoncus. Donec est. Nunc ullamcorper, velit in aliquet lobortis, nisi nibh""","""Published""",10/16/2023 8:41
1176,10,"""massa rutrum""","""eu nulla at sem molestie sodales. Mauris blandit enim consequat purus. Maecenas libero est, congue a, aliquet vel, vulputate eu, odio. Phasellus at augue""","""Draft""",3/16/2024 5:43
1077,8,"""ullamcorper magna.""","""interdum enim non nisi. Aenean eget metus. In nec orci. Donec nibh. Quisque nonummy ipsum""","""Published""",4/21/2024 11:19
1212,4,"""erat volutpat.""","""Aliquam ornare, libero at auctor ullamcorper, nisl arcu iaculis enim, sit amet ornare lectus justo eu arcu. Morbi sit""","""Draft""",4/19/2024 11:10
1394,15,"""risus a""","""Aliquam erat volutpat. Nulla facilisis. Suspendisse commodo tincidunt nibh. Phasellus nulla. Integer vulputate,""","""Published""",3/3/2024 11:42
1066,6,"""eleifend vitae,""","""vel est tempor bibendum. Donec felis orci, adipiscing non, luctus sit amet, faucibus ut, nulla. Cras eu tellus eu augue""","""Draft""",3/17/2024 7:43
1209,7,"""Aenean sed""","""fringilla euismod enim. Etiam gravida molestie arcu. Sed eu nibh vulputate mauris sagittis""","""Draft""",10/25/2023 4:36
1114,8,"""mollis. Phasellus""","""nascetur ridiculus mus. Proin vel arcu eu odio tristique pharetra. Quisque ac libero nec ligula consectetuer rhoncus. Nullam""","""Published""",8/17/2023 10:25
1303,14,"""eget magna.""","""tristique ac, eleifend vitae, erat. Vivamus nisi. Mauris nulla. Integer urna. Vivamus molestie dapibus ligula. Aliquam erat volutpat.""","""Draft""",10/20/2023 13:07
1045,14,"""nec metus""","""felis orci, adipiscing non, luctus sit amet, faucibus ut, nulla. Cras eu tellus eu augue porttitor interdum. Sed auctor odio a""","""Draft""",4/28/2024 1:23
1288,1,"""Morbi vehicula.""","""Nulla semper tellus id nunc interdum feugiat. Sed nec metus facilisis lorem tristique aliquet.""","""Published""",1/14/2024 17:40
1373,11,"""luctus, ipsum""","""ante dictum cursus. Nunc mauris elit, dictum eu, eleifend nec, malesuada ut,""","""Draft""",9/14/2023 4:43
1079,6,"""egestas lacinia.""","""nisi magna sed dui. Fusce aliquam, enim nec tempus scelerisque, lorem ipsum sodales purus, in molestie tortor nibh sit amet orci. Ut""","""Draft""",10/19/2023 20:36
1323,10,"""fames ac""","""pharetra nibh. Aliquam ornare, libero at auctor ullamcorper, nisl arcu iaculis enim, sit amet ornare lectus""","""Draft""",9/20/2023 3:00
1104,13,"""aliquet odio.""","""dolor sit amet, consectetuer adipiscing elit. Curabitur sed tortor. Integer aliquam adipiscing lacus.""","""Draft""",7/25/2023 8:37
1389,7,"""interdum libero""","""ut ipsum ac mi eleifend egestas. Sed pharetra, felis eget varius ultrices, mauris ipsum porta elit, a feugiat tellus lorem eu metus. In lorem. Donec""","""Published""",2/25/2024 18:01
1238,7,"""Nullam scelerisque""","""mattis velit justo nec ante. Maecenas mi felis, adipiscing fringilla, porttitor vulputate, posuere vulputate, lacus. Cras interdum. Nunc sollicitudin commodo ipsum. Suspendisse non""","""Draft""",3/1/2024 8:19
1169,12,"""non lorem""","""ridiculus mus. Donec dignissim magna a tortor. Nunc commodo auctor velit. Aliquam nisl. Nulla eu neque""","""Published""",4/2/2024 22:10
1239,9,"""interdum. Nunc""","""ut cursus luctus, ipsum leo elementum sem, vitae aliquam eros turpis non enim. Mauris quis turpis vitae purus gravida sagittis. Duis""","""Draft""",6/7/2023 17:59
1288,5,"""Nam interdum""","""nibh lacinia orci, consectetuer euismod est arcu ac orci. Ut semper pretium neque. Morbi quis urna. Nunc quis arcu vel quam dignissim""","""Published""",12/11/2023 8:05
1312,13,"""magnis dis""","""sociis natoque penatibus et magnis dis parturient montes, nascetur ridiculus mus. Aenean eget magna. Suspendisse tristique neque venenatis lacus. Etiam""","""Published""",2/21/2024 7:57
1330,14,"""iaculis nec,""","""tincidunt vehicula risus. Nulla eget metus eu erat semper rutrum. Fusce dolor quam,""","""Published""",7/1/2023 14:28
1144,11,"""consectetuer adipiscing""","""Suspendisse commodo tincidunt nibh. Phasellus nulla. Integer vulputate, risus a ultricies adipiscing, enim mi tempor lorem, eget""","""Draft""",6/2/2023 6:25
1399,14,"""sit amet""","""lacus vestibulum lorem, sit amet ultricies sem magna nec quam. Curabitur vel lectus. Cum""","""Draft""",7/28/2023 10:40
1240,8,"""vitae dolor.""","""lorem ut aliquam iaculis, lacus pede sagittis augue, eu tempor erat neque non""","""Draft""",7/30/2023 1:22
1162,12,"""quis urna.""","""fringilla, porttitor vulputate, posuere vulputate, lacus. Cras interdum. Nunc sollicitudin commodo ipsum. Suspendisse non leo. Vivamus nibh dolor, nonummy ac, feugiat non, lobortis quis, pede.""","""Draft""",11/19/2023 8:13
1073,12,"""Quisque ornare""","""Donec at arcu. Vestibulum ante ipsum primis in faucibus orci luctus et ultrices""","""Draft""",5/1/2024 9:27
1316,5,"""enim. Curabitur""","""dui lectus rutrum urna, nec luctus felis purus ac tellus. Suspendisse sed dolor. Fusce mi lorem, vehicula et, rutrum eu,""","""Draft""",6/5/2023 17:06
1176,7,"""Cum sociis""","""ornare, libero at auctor ullamcorper, nisl arcu iaculis enim, sit amet ornare""","""Published""",3/16/2024 3:32
1379,14,"""non sapien""","""semper. Nam tempor diam dictum sapien. Aenean massa. Integer vitae nibh. Donec est mauris, rhoncus id, mollis""","""Published""",1/29/2024 15:18
1046,6,"""in lobortis""","""mollis nec, cursus a, enim. Suspendisse aliquet, sem ut cursus luctus, ipsum leo elementum sem, vitae aliquam eros turpis non enim. Mauris quis""","""Draft""",12/23/2023 16:53
1051,10,"""arcu. Vestibulum""","""tortor, dictum eu, placerat eget, venenatis a, magna. Lorem ipsum dolor sit amet, consectetuer adipiscing elit. Etiam laoreet,""","""Published""",6/27/2023 9:14
1141,5,"""lorem vitae""","""ipsum dolor sit amet, consectetuer adipiscing elit. Aliquam auctor, velit eget laoreet posuere, enim nisl elementum purus, accumsan interdum""","""Draft""",9/12/2023 20:37
1088,4,"""mauris eu""","""Praesent eu nulla at sem molestie sodales. Mauris blandit enim consequat""","""Published""",11/15/2023 9:42
1314,3,"""Nulla facilisi.""","""sit amet luctus vulputate, nisi sem semper erat, in consectetuer ipsum nunc id enim. Curabitur massa. Vestibulum accumsan neque et nunc. Quisque ornare tortor""","""Published""",7/2/2023 15:30
1104,1,"""Nam nulla""","""orci, consectetuer euismod est arcu ac orci. Ut semper pretium neque. Morbi quis""","""Published""",1/31/2024 2:11
1060,6,"""cubilia Curae""","""erat volutpat. Nulla dignissim. Maecenas ornare egestas ligula. Nullam feugiat placerat velit. Quisque varius. Nam porttitor scelerisque neque.""","""Draft""",2/6/2024 3:54
1304,9,"""massa. Suspendisse""","""cursus. Integer mollis. Integer tincidunt aliquam arcu. Aliquam ultrices iaculis odio. Nam interdum enim non nisi. Aenean eget""","""Draft""",8/26/2023 14:54
1105,3,"""aptent taciti""","""ultrices a, auctor non, feugiat nec, diam. Duis mi enim, condimentum eget, volutpat ornare, facilisis eget,""","""Draft""",8/15/2023 4:19
1335,5,"""ac facilisis""","""vel est tempor bibendum. Donec felis orci, adipiscing non, luctus sit amet, faucibus ut, nulla. Cras eu tellus eu augue porttitor""","""Draft""",11/3/2023 0:10
1275,13,"""arcu. Sed""","""Pellentesque ultricies dignissim lacus. Aliquam rutrum lorem ac risus. Morbi metus. Vivamus euismod urna. Nullam""","""Published""",9/26/2023 18:44
1030,7,"""amet risus.""","""felis. Donec tempor, est ac mattis semper, dui lectus rutrum urna, nec luctus felis purus ac tellus. Suspendisse sed dolor. Fusce mi lorem,""","""Published""",5/7/2023 9:07
1269,9,"""pellentesque a,""","""dui. Cras pellentesque. Sed dictum. Proin eget odio. Aliquam vulputate ullamcorper magna. Sed eu eros. Nam consequat dolor vitae dolor. Donec fringilla. Donec feugiat metus""","""Draft""",5/7/2023 3:38
1321,11,"""dictum eu,""","""metus. In nec orci. Donec nibh. Quisque nonummy ipsum non arcu. Vivamus sit amet risus. Donec egestas. Aliquam nec enim. Nunc ut erat. Sed""","""Published""",9/17/2023 19:46
1229,13,"""fringilla mi""","""risus. Morbi metus. Vivamus euismod urna. Nullam lobortis quam a felis ullamcorper viverra. Maecenas iaculis aliquet diam. Sed diam lorem, auctor quis, tristique ac,""","""Draft""",6/12/2023 6:47
1306,9,"""Cum sociis""","""eu enim. Etiam imperdiet dictum magna. Ut tincidunt orci quis lectus. Nullam suscipit, est ac facilisis facilisis, magna tellus faucibus""","""Published""",11/28/2023 7:09
1195,13,"""quis diam""","""convallis erat, eget tincidunt dui augue eu tellus. Phasellus elit pede, malesuada""","""Draft""",9/3/2023 15:06
1100,13,"""adipiscing elit.""","""eleifend egestas. Sed pharetra, felis eget varius ultrices, mauris ipsum porta elit, a feugiat tellus lorem""","""Draft""",1/14/2024 7:10
1356,7,"""molestie in,""","""felis orci, adipiscing non, luctus sit amet, faucibus ut, nulla. Cras""","""Draft""",7/7/2023 2:00
1047,15,"""ipsum dolor""","""Nunc mauris sapien, cursus in, hendrerit consectetuer, cursus et, magna. Praesent interdum ligula eu enim. Etiam imperdiet dictum""","""Published""",8/22/2023 10:19
1139,9,"""sociis natoque""","""lorem eu metus. In lorem. Donec elementum, lorem ut aliquam iaculis,""","""Draft""",12/30/2023 2:54
1358,3,"""ultrices posuere""","""a nunc. In at pede. Cras vulputate velit eu sem. Pellentesque ut ipsum ac mi eleifend egestas. Sed pharetra,""","""Published""",8/2/2023 20:45
1080,14,"""eu, ligula.""","""sed, hendrerit a, arcu. Sed et libero. Proin mi. Aliquam gravida mauris ut""","""Published""",5/24/2023 18:45
1049,11,"""justo. Praesent""","""in consectetuer ipsum nunc id enim. Curabitur massa. Vestibulum accumsan neque et nunc. Quisque ornare tortor""","""Draft""",1/12/2024 13:19
1381,10,"""amet metus.""","""faucibus leo, in lobortis tellus justo sit amet nulla. Donec""","""Published""",2/5/2024 1:31
1198,9,"""Quisque libero""","""pretium aliquet, metus urna convallis erat, eget tincidunt dui augue eu tellus. Phasellus elit pede, malesuada vel, venenatis vel, faucibus id, libero. Donec""","""Draft""",11/6/2023 22:21
1286,2,"""vulputate, nisi""","""posuere at, velit. Cras lorem lorem, luctus ut, pellentesque eget, dictum placerat, augue. Sed molestie. Sed id risus""","""Published""",5/27/2023 0:20
1008,11,"""eu metus.""","""pellentesque, tellus sem mollis dui, in sodales elit erat vitae risus. Duis a""","""Published""",6/23/2023 23:24
1313,3,"""Donec luctus""","""montes, nascetur ridiculus mus. Aenean eget magna. Suspendisse tristique neque venenatis lacus. Etiam bibendum fermentum metus.""","""Draft""",12/12/2023 20:54
1077,6,"""velit dui,""","""fringilla cursus purus. Nullam scelerisque neque sed sem egestas blandit. Nam nulla magna, malesuada vel, convallis in, cursus""","""Published""",1/18/2024 16:31
1002,6,"""ullamcorper. Duis""","""euismod et, commodo at, libero. Morbi accumsan laoreet ipsum. Curabitur consequat, lectus sit amet luctus vulputate,""","""Draft""",8/30/2023 7:53
1056,13,"""vel turpis.""","""facilisis eget, ipsum. Donec sollicitudin adipiscing ligula. Aenean gravida nunc sed pede. Cum sociis""","""Draft""",9/17/2023 12:27
1247,2,"""elit, dictum""","""penatibus et magnis dis parturient montes, nascetur ridiculus mus. Proin vel nisl. Quisque fringilla euismod enim. Etiam gravida molestie arcu.""","""Published""",4/11/2024 20:04
1381,6,"""a felis""","""commodo tincidunt nibh. Phasellus nulla. Integer vulputate, risus a ultricies adipiscing, enim mi tempor""","""Draft""",4/25/2024 4:29
1341,6,"""Nulla facilisi.""","""conubia nostra, per inceptos hymenaeos. Mauris ut quam vel sapien imperdiet ornare.""","""Published""",11/1/2023 13:15
1398,12,"""pellentesque a,""","""lorem, auctor quis, tristique ac, eleifend vitae, erat. Vivamus nisi. Mauris nulla. Integer urna. Vivamus molestie dapibus ligula. Aliquam erat""","""Draft""",5/21/2023 2:52
1178,6,"""Integer vulputate,""","""id ante dictum cursus. Nunc mauris elit, dictum eu, eleifend nec, malesuada ut, sem. Nulla interdum. Curabitur dictum. Phasellus in felis. Nulla tempor augue""","""Published""",1/2/2024 8:53
1227,6,"""Phasellus libero""","""enim. Etiam gravida molestie arcu. Sed eu nibh vulputate mauris sagittis placerat. Cras dictum ultricies ligula. Nullam enim. Sed nulla ante, iaculis nec,""","""Published""",5/24/2023 12:09
1065,14,"""sagittis semper.""","""velit in aliquet lobortis, nisi nibh lacinia orci, consectetuer euismod est arcu ac orci. Ut""","""Published""",6/24/2023 0:58
1064,9,"""tempus non,""","""enim. Curabitur massa. Vestibulum accumsan neque et nunc. Quisque ornare tortor at""","""Published""",10/3/2023 11:40
1400,12,"""ridiculus mus.""","""augue scelerisque mollis. Phasellus libero mauris, aliquam eu, accumsan sed, facilisis vitae, orci. Phasellus dapibus quam""","""Draft""",4/16/2024 2:47
1203,9,"""nec, euismod""","""Duis sit amet diam eu dolor egestas rhoncus. Proin nisl sem, consequat""","""Published""",8/4/2023 4:12
1192,9,"""molestie tortor""","""hendrerit. Donec porttitor tellus non magna. Nam ligula elit, pretium et, rutrum non, hendrerit id,""","""Draft""",10/19/2023 8:52
1158,10,"""erat vel""","""sit amet metus. Aliquam erat volutpat. Nulla facilisis. Suspendisse commodo tincidunt nibh. Phasellus nulla. Integer vulputate, risus""","""Draft""",8/31/2023 16:07
1279,7,"""sed pede""","""pede. Nunc sed orci lobortis augue scelerisque mollis. Phasellus libero mauris, aliquam eu, accumsan sed, facilisis vitae, orci.""","""Published""",3/26/2024 19:55
1161,4,"""quis, tristique""","""Nullam suscipit, est ac facilisis facilisis, magna tellus faucibus leo, in lobortis tellus justo sit amet nulla. Donec non justo. Proin non massa""","""Published""",7/22/2023 12:43
1246,8,"""enim. Etiam""","""eu, odio. Phasellus at augue id ante dictum cursus. Nunc mauris elit, dictum eu, eleifend nec, malesuada ut, sem. Nulla interdum. Curabitur dictum.""","""Published""",2/3/2024 17:02
1239,2,"""rhoncus. Proin""","""Nunc ut erat. Sed nunc est, mollis non, cursus non, egestas a, dui. Cras pellentesque.""","""Published""",5/17/2023 21:01
1192,11,"""Phasellus ornare.""","""Mauris nulla. Integer urna. Vivamus molestie dapibus ligula. Aliquam erat volutpat. Nulla dignissim. Maecenas ornare egestas ligula. Nullam feugiat placerat velit. Quisque varius.""","""Published""",5/17/2023 12:51
1247,9,"""Praesent interdum""","""vel est tempor bibendum. Donec felis orci, adipiscing non, luctus sit amet, faucibus ut, nulla. Cras""","""Draft""",3/29/2024 1:22
1312,1,"""malesuada vel,""","""arcu imperdiet ullamcorper. Duis at lacus. Quisque purus sapien, gravida non, sollicitudin a, malesuada id, erat.""","""Draft""",12/27/2023 21:26
1138,3,"""metus facilisis""","""eget lacus. Mauris non dui nec urna suscipit nonummy. Fusce fermentum""","""Draft""",12/2/2023 20:25
1261,9,"""pretium neque.""","""nonummy ipsum non arcu. Vivamus sit amet risus. Donec egestas. Aliquam nec enim. Nunc ut erat. Sed nunc""","""Published""",12/8/2023 8:12
1115,10,"""montes, nascetur""","""commodo auctor velit. Aliquam nisl. Nulla eu neque pellentesque massa lobortis ultrices.""","""Draft""",8/21/2023 14:35
1002,1,"""lorem. Donec""","""ipsum sodales purus, in molestie tortor nibh sit amet orci. Ut sagittis lobortis mauris. Suspendisse aliquet molestie tellus.""","""Draft""",4/28/2024 21:52
1034,10,"""ut cursus""","""posuere vulputate, lacus. Cras interdum. Nunc sollicitudin commodo ipsum. Suspendisse non leo. Vivamus""","""Draft""",1/23/2024 18:30
1303,6,"""pede, ultrices""","""orci lobortis augue scelerisque mollis. Phasellus libero mauris, aliquam eu, accumsan sed, facilisis""","""Draft""",8/14/2023 14:21
1354,8,"""semper rutrum.""","""malesuada ut, sem. Nulla interdum. Curabitur dictum. Phasellus in felis. Nulla tempor augue ac ipsum. Phasellus""","""Draft""",8/25/2023 5:43
1207,11,"""aliquet nec,""","""nonummy ultricies ornare, elit elit fermentum risus, at fringilla purus mauris a nunc. In at pede. Cras""","""Draft""",4/22/2024 10:53
1146,12,"""felis, adipiscing""","""eget varius ultrices, mauris ipsum porta elit, a feugiat tellus lorem eu metus. In lorem. Donec elementum, lorem ut aliquam""","""Published""",4/26/2024 4:30
1243,13,"""non, dapibus""","""penatibus et magnis dis parturient montes, nascetur ridiculus mus. Aenean eget magna. Suspendisse tristique neque venenatis lacus.""","""Published""",7/11/2023 5:52
1007,14,"""dictum sapien.""","""arcu et pede. Nunc sed orci lobortis augue scelerisque mollis. Phasellus libero mauris, aliquam eu, accumsan sed, facilisis vitae,""","""Draft""",11/5/2023 18:16
1206,5,"""amet ornare""","""mauris, rhoncus id, mollis nec, cursus a, enim. Suspendisse aliquet, sem ut cursus luctus,""","""Draft""",7/25/2023 17:52
1025,3,"""nisi sem""","""consequat dolor vitae dolor. Donec fringilla. Donec feugiat metus sit amet ante. Vivamus non lorem vitae odio sagittis semper. Nam tempor diam dictum sapien.""","""Draft""",5/25/2023 20:31
1138,10,"""Cras dolor""","""placerat. Cras dictum ultricies ligula. Nullam enim. Sed nulla ante, iaculis nec, eleifend non, dapibus rutrum, justo. Praesent luctus. Curabitur""","""Draft""",7/4/2023 0:21
1008,10,"""dictum. Phasellus""","""fermentum fermentum arcu. Vestibulum ante ipsum primis in faucibus orci luctus et ultrices posuere cubilia Curae Phasellus ornare.""","""Draft""",1/16/2024 6:59
1049,13,"""non, sollicitudin""","""ac facilisis facilisis, magna tellus faucibus leo, in lobortis tellus justo sit amet nulla. Donec non justo. Proin non massa""","""Draft""",1/29/2024 12:45
1137,3,"""libero nec""","""nec tellus. Nunc lectus pede, ultrices a, auctor non, feugiat nec,""","""Published""",4/26/2024 3:37
1071,3,"""euismod enim.""","""tempus, lorem fringilla ornare placerat, orci lacus vestibulum lorem, sit amet ultricies sem magna nec quam. Curabitur vel lectus. Cum""","""Draft""",9/30/2023 2:10
1248,10,"""ipsum primis""","""sapien molestie orci tincidunt adipiscing. Mauris molestie pharetra nibh. Aliquam ornare, libero at auctor ullamcorper, nisl arcu iaculis enim, sit amet ornare lectus""","""Draft""",11/20/2023 6:30
1112,14,"""est. Nunc""","""dolor egestas rhoncus. Proin nisl sem, consequat nec, mollis vitae, posuere at, velit. Cras lorem""","""Published""",8/20/2023 11:49
1331,3,"""non quam.""","""felis eget varius ultrices, mauris ipsum porta elit, a feugiat tellus lorem eu metus. In lorem. Donec elementum,""","""Draft""",10/10/2023 13:40
1093,12,"""non massa""","""vel quam dignissim pharetra. Nam ac nulla. In tincidunt congue turpis.""","""Draft""",10/23/2023 4:27
1073,9,"""vitae, erat.""","""Duis sit amet diam eu dolor egestas rhoncus. Proin nisl sem, consequat nec, mollis vitae, posuere at, velit. Cras lorem lorem, luctus ut, pellentesque eget,""","""Published""",11/27/2023 22:14
1370,14,"""scelerisque neque""","""vulputate mauris sagittis placerat. Cras dictum ultricies ligula. Nullam enim. Sed nulla ante, iaculis nec, eleifend non, dapibus""","""Draft""",3/21/2024 1:43
1201,7,"""Cras dolor""","""laoreet lectus quis massa. Mauris vestibulum, neque sed dictum eleifend, nunc risus varius orci, in consequat enim diam vel arcu. Curabitur ut odio vel""","""Published""",8/23/2023 2:22
1295,4,"""velit. Sed""","""neque sed dictum eleifend, nunc risus varius orci, in consequat enim diam vel arcu. Curabitur ut odio vel est tempor""","""Draft""",12/23/2023 16:25
1089,2,"""magna a""","""ipsum. Curabitur consequat, lectus sit amet luctus vulputate, nisi sem semper erat, in consectetuer ipsum nunc id enim. Curabitur massa. Vestibulum accumsan""","""Published""",11/25/2023 7:42
1008,6,"""aliquet vel,""","""non, egestas a, dui. Cras pellentesque. Sed dictum. Proin eget odio. Aliquam vulputate ullamcorper magna. Sed eu eros.""","""Draft""",5/7/2023 23:43
1310,13,"""adipiscing elit.""","""Aliquam erat volutpat. Nulla dignissim. Maecenas ornare egestas ligula. Nullam""","""Published""",5/11/2023 21:16
1203,9,"""sodales at,""","""enim nec tempus scelerisque, lorem ipsum sodales purus, in molestie tortor nibh sit amet orci.""","""Published""",11/22/2023 7:32
1247,4,"""mattis. Cras""","""ornare. In faucibus. Morbi vehicula. Pellentesque tincidunt tempus risus. Donec egestas. Duis ac arcu. Nunc mauris. Morbi non sapien molestie orci tincidunt adipiscing. Mauris molestie""","""Draft""",9/24/2023 3:12
1126,11,"""est. Nunc""","""quam quis diam. Pellentesque habitant morbi tristique senectus et netus et malesuada fames ac turpis egestas. Fusce aliquet magna a neque.""","""Draft""",3/13/2024 6:12
1053,13,"""dictum mi,""","""Mauris magna. Duis dignissim tempor arcu. Vestibulum ut eros non enim commodo hendrerit. Donec porttitor""","""Published""",3/29/2024 2:56
1235,10,"""luctus, ipsum""","""pulvinar arcu et pede. Nunc sed orci lobortis augue scelerisque mollis. Phasellus libero mauris,""","""Published""",4/5/2024 10:30
1294,5,"""velit in""","""ac urna. Ut tincidunt vehicula risus. Nulla eget metus eu erat semper rutrum. Fusce dolor quam, elementum at,""","""Draft""",3/4/2024 12:04
1224,6,"""purus, accumsan""","""nec metus facilisis lorem tristique aliquet. Phasellus fermentum convallis ligula. Donec luctus aliquet odio. Etiam ligula""","""Published""",4/25/2024 8:59
1311,10,"""Sed eu""","""erat eget ipsum. Suspendisse sagittis. Nullam vitae diam. Proin dolor. Nulla""","""Draft""",9/16/2023 10:56
1198,6,"""eu arcu.""","""in, tempus eu, ligula. Aenean euismod mauris eu elit. Nulla facilisi. Sed neque. Sed eget lacus. Mauris non dui nec urna suscipit nonummy.""","""Published""",8/26/2023 19:34
1149,11,"""eget varius""","""quis diam luctus lobortis. Class aptent taciti sociosqu ad litora torquent per conubia""","""Draft""",8/8/2023 14:47
1114,11,"""tellus, imperdiet""","""vulputate dui, nec tempus mauris erat eget ipsum. Suspendisse sagittis. Nullam vitae diam. Proin dolor. Nulla semper tellus id nunc interdum feugiat. Sed""","""Draft""",2/9/2024 4:38
1144,3,"""facilisis lorem""","""quis, tristique ac, eleifend vitae, erat. Vivamus nisi. Mauris nulla. Integer urna. Vivamus molestie dapibus ligula. Aliquam erat volutpat. Nulla""","""Published""",12/12/2023 0:45
1119,9,"""Fusce aliquam,""","""pede ac urna. Ut tincidunt vehicula risus. Nulla eget metus eu erat semper rutrum. Fusce dolor quam, elementum at, egestas a,""","""Draft""",2/3/2024 3:54
1284,3,"""magna tellus""","""in magna. Phasellus dolor elit, pellentesque a, facilisis non, bibendum sed, est. Nunc laoreet""","""Draft""",10/9/2023 7:12
1044,3,"""montes, nascetur""","""dignissim lacus. Aliquam rutrum lorem ac risus. Morbi metus. Vivamus euismod urna. Nullam lobortis quam a felis ullamcorper viverra. Maecenas iaculis aliquet""","""Draft""",11/3/2023 6:59
1076,14,"""elit, pharetra""","""Cras convallis convallis dolor. Quisque tincidunt pede ac urna. Ut tincidunt vehicula risus. Nulla eget metus eu erat semper rutrum. Fusce dolor quam, elementum at,""","""Published""",4/21/2024 11:58
1159,14,"""ac mattis""","""mattis. Cras eget nisi dictum augue malesuada malesuada. Integer id magna et ipsum cursus vestibulum. Mauris magna. Duis dignissim tempor arcu. Vestibulum ut""","""Draft""",4/21/2024 5:25
1104,2,"""viverra. Donec""","""Curabitur sed tortor. Integer aliquam adipiscing lacus. Ut nec urna et arcu imperdiet ullamcorper. Duis at lacus. Quisque purus sapien, gravida""","""Published""",3/21/2024 15:14
1272,8,"""nulla. Integer""","""vitae, posuere at, velit. Cras lorem lorem, luctus ut, pellentesque eget, dictum placerat, augue.""","""Draft""",10/23/2023 19:20
1173,11,"""consequat nec,""","""imperdiet nec, leo. Morbi neque tellus, imperdiet non, vestibulum nec, euismod in, dolor. Fusce feugiat.""","""Draft""",5/15/2023 22:28
1131,3,"""tempor erat""","""ornare, lectus ante dictum mi, ac mattis velit justo nec ante. Maecenas mi felis, adipiscing fringilla, porttitor vulputate, posuere vulputate, lacus. Cras""","""Draft""",7/16/2023 22:27
1229,14,"""nibh. Phasellus""","""magna et ipsum cursus vestibulum. Mauris magna. Duis dignissim tempor arcu. Vestibulum ut eros non""","""Published""",11/2/2023 17:11
1346,10,"""nisl. Quisque""","""tortor. Nunc commodo auctor velit. Aliquam nisl. Nulla eu neque pellentesque massa lobortis ultrices. Vivamus rhoncus. Donec est. Nunc ullamcorper, velit in aliquet lobortis,""","""Published""",10/22/2023 0:38
1272,10,"""dolor quam,""","""dolor quam, elementum at, egestas a, scelerisque sed, sapien. Nunc pulvinar""","""Draft""",4/17/2024 1:43
1146,10,"""mollis vitae,""","""iaculis aliquet diam. Sed diam lorem, auctor quis, tristique ac, eleifend""","""Published""",5/7/2023 8:47
1185,8,"""tincidunt adipiscing.""","""velit justo nec ante. Maecenas mi felis, adipiscing fringilla, porttitor vulputate, posuere vulputate, lacus. Cras interdum. Nunc sollicitudin commodo ipsum.""","""Published""",7/27/2023 4:11
1280,11,"""per conubia""","""nec ante blandit viverra. Donec tempus, lorem fringilla ornare placerat, orci lacus vestibulum lorem,""","""Published""",5/21/2023 15:18
1251,8,"""Cum sociis""","""primis in faucibus orci luctus et ultrices posuere cubilia Curae Donec tincidunt. Donec""","""Published""",12/23/2023 20:29
1342,10,"""Cras sed""","""magnis dis parturient montes, nascetur ridiculus mus. Aenean eget magna. Suspendisse tristique""","""Draft""",6/4/2023 12:53
1103,11,"""dolor. Fusce""","""id ante dictum cursus. Nunc mauris elit, dictum eu, eleifend nec, malesuada""","""Draft""",10/31/2023 12:52
1219,13,"""semper et,""","""ut, molestie in, tempus eu, ligula. Aenean euismod mauris eu elit. Nulla facilisi. Sed neque. Sed""","""Published""",9/6/2023 21:21
1119,12,"""dui. Fusce""","""Cras eu tellus eu augue porttitor interdum. Sed auctor odio a""","""Draft""",4/3/2024 16:48
1052,8,"""Sed id""","""porttitor scelerisque neque. Nullam nisl. Maecenas malesuada fringilla est. Mauris eu turpis. Nulla aliquet. Proin velit. Sed malesuada augue ut lacus. Nulla tincidunt,""","""Published""",3/19/2024 2:31
1055,8,"""mauris. Morbi""","""lectus pede et risus. Quisque libero lacus, varius et, euismod et, commodo at, libero.""","""Draft""",6/6/2023 2:31
1163,11,"""ullamcorper eu,""","""tellus justo sit amet nulla. Donec non justo. Proin non massa non ante bibendum ullamcorper. Duis cursus, diam""","""Published""",11/10/2023 5:02
1340,2,"""odio tristique""","""Donec non justo. Proin non massa non ante bibendum ullamcorper. Duis cursus, diam at pretium aliquet,""","""Draft""",6/10/2023 18:09
1366,14,"""id, libero.""","""Duis cursus, diam at pretium aliquet, metus urna convallis erat, eget tincidunt dui augue eu tellus. Phasellus elit pede, malesuada vel,""","""Published""",3/3/2024 6:29
1197,14,"""nisi. Aenean""","""libero at auctor ullamcorper, nisl arcu iaculis enim, sit amet ornare lectus justo eu arcu.""","""Published""",1/28/2024 8:25
1203,9,"""vehicula risus.""","""semper tellus id nunc interdum feugiat. Sed nec metus facilisis lorem tristique aliquet. Phasellus fermentum""","""Draft""",6/27/2023 1:21
1278,8,"""in aliquet""","""Ut sagittis lobortis mauris. Suspendisse aliquet molestie tellus. Aenean egestas hendrerit neque. In""","""Published""",10/20/2023 23:24
1219,3,"""nunc ac""","""ligula tortor, dictum eu, placerat eget, venenatis a, magna. Lorem ipsum dolor sit amet, consectetuer adipiscing elit.""","""Published""",10/27/2023 10:12
1023,8,"""congue turpis.""","""nonummy ultricies ornare, elit elit fermentum risus, at fringilla purus mauris a nunc. In at pede. Cras""","""Draft""",6/10/2023 13:03
1098,11,"""tellus faucibus""","""vulputate, lacus. Cras interdum. Nunc sollicitudin commodo ipsum. Suspendisse non leo. Vivamus nibh dolor, nonummy ac, feugiat non, lobortis quis, pede. Suspendisse dui.""","""Published""",7/11/2023 17:25
1290,4,"""sed, facilisis""","""pharetra nibh. Aliquam ornare, libero at auctor ullamcorper, nisl arcu iaculis enim, sit amet ornare lectus justo eu arcu. Morbi""","""Draft""",5/16/2023 12:18
1190,2,"""sollicitudin orci""","""scelerisque, lorem ipsum sodales purus, in molestie tortor nibh sit amet orci. Ut sagittis lobortis mauris. Suspendisse aliquet molestie tellus. Aenean egestas hendrerit neque. In""","""Draft""",12/13/2023 12:33
1229,12,"""Proin non""","""sit amet ultricies sem magna nec quam. Curabitur vel lectus. Cum sociis natoque penatibus""","""Published""",1/21/2024 10:42
1209,7,"""mauris ipsum""","""feugiat non, lobortis quis, pede. Suspendisse dui. Fusce diam nunc, ullamcorper""","""Published""",10/26/2023 20:07
1027,3,"""Mauris vestibulum,""","""amet ornare lectus justo eu arcu. Morbi sit amet massa. Quisque porttitor eros""","""Published""",6/28/2023 23:45
1010,9,"""dis parturient""","""venenatis vel, faucibus id, libero. Donec consectetuer mauris id sapien. Cras dolor dolor, tempus non, lacinia at, iaculis quis,""","""Draft""",4/13/2024 10:36
1036,9,"""eros nec""","""convallis convallis dolor. Quisque tincidunt pede ac urna. Ut tincidunt vehicula risus.""","""Draft""",12/22/2023 9:58
1315,1,"""ligula tortor,""","""eget magna. Suspendisse tristique neque venenatis lacus. Etiam bibendum fermentum metus. Aenean sed pede nec ante blandit viverra. Donec tempus,""","""Draft""",7/5/2023 10:39
1167,2,"""Fusce mi""","""at sem molestie sodales. Mauris blandit enim consequat purus. Maecenas libero""","""Draft""",3/5/2024 11:22
1326,12,"""interdum ligula""","""dolor, nonummy ac, feugiat non, lobortis quis, pede. Suspendisse dui. Fusce diam nunc, ullamcorper""","""Draft""",8/31/2023 17:18
1233,6,"""tellus id""","""fermentum arcu. Vestibulum ante ipsum primis in faucibus orci luctus et ultrices""","""Published""",10/23/2023 16:56
1196,2,"""Integer aliquam""","""ut, nulla. Cras eu tellus eu augue porttitor interdum. Sed auctor odio a""","""Published""",5/30/2023 5:49
1144,2,"""congue. In""","""nibh vulputate mauris sagittis placerat. Cras dictum ultricies ligula. Nullam enim. Sed nulla ante, iaculis nec, eleifend non, dapibus rutrum, justo. Praesent""","""Draft""",9/10/2023 23:46
1030,7,"""blandit congue.""","""sed consequat auctor, nunc nulla vulputate dui, nec tempus mauris erat eget ipsum. Suspendisse sagittis. Nullam vitae""","""Published""",1/21/2024 19:34
1117,8,"""Maecenas iaculis""","""Pellentesque tincidunt tempus risus. Donec egestas. Duis ac arcu. Nunc mauris. Morbi non sapien molestie orci tincidunt adipiscing. Mauris molestie pharetra nibh. Aliquam ornare, libero""","""Draft""",2/23/2024 1:05
1185,2,"""nunc est,""","""elementum, dui quis accumsan convallis, ante lectus convallis est, vitae sodales nisi magna sed dui.""","""Published""",9/17/2023 13:43
1351,11,"""Nam tempor""","""lorem, sit amet ultricies sem magna nec quam. Curabitur vel lectus. Cum sociis natoque penatibus et magnis dis parturient montes, nascetur ridiculus""","""Published""",3/26/2024 11:08
1152,13,"""tincidunt nibh.""","""enim non nisi. Aenean eget metus. In nec orci. Donec nibh. Quisque nonummy ipsum non arcu. Vivamus sit amet risus. Donec egestas. Aliquam""","""Draft""",12/7/2023 8:08
1201,8,"""Duis a""","""arcu. Vivamus sit amet risus. Donec egestas. Aliquam nec enim. Nunc ut erat. Sed nunc est, mollis non, cursus non, egestas a, dui. Cras""","""Published""",9/20/2023 6:33
1128,13,"""rhoncus. Nullam""","""Cras dolor dolor, tempus non, lacinia at, iaculis quis, pede. Praesent eu dui. Cum sociis natoque penatibus et magnis dis parturient""","""Draft""",1/13/2024 3:58
1225,3,"""non justo.""","""Aliquam erat volutpat. Nulla facilisis. Suspendisse commodo tincidunt nibh. Phasellus nulla.""","""Published""",4/16/2024 6:33
1173,9,"""erat. Vivamus""","""Suspendisse dui. Fusce diam nunc, ullamcorper eu, euismod ac, fermentum vel, mauris. Integer sem elit, pharetra""","""Published""",12/17/2023 12:59
1088,9,"""aliquet. Phasellus""","""tempor erat neque non quam. Pellentesque habitant morbi tristique senectus et netus et malesuada fames""","""Published""",9/4/2023 4:09
1024,3,"""at, velit.""","""vel, faucibus id, libero. Donec consectetuer mauris id sapien. Cras dolor""","""Draft""",7/1/2023 3:06
1146,6,"""malesuada augue""","""pede, ultrices a, auctor non, feugiat nec, diam. Duis mi enim, condimentum eget, volutpat ornare, facilisis""","""Draft""",12/21/2023 12:40
1072,12,"""Ut nec""","""natoque penatibus et magnis dis parturient montes, nascetur ridiculus mus. Proin vel nisl. Quisque fringilla euismod enim. Etiam""","""Published""",8/10/2023 1:51
1154,2,"""in consequat""","""risus. Donec nibh enim, gravida sit amet, dapibus id, blandit at, nisi. Cum sociis natoque penatibus et magnis""","""Published""",5/23/2023 20:00
1270,10,"""lacus. Quisque""","""tincidunt orci quis lectus. Nullam suscipit, est ac facilisis facilisis,""","""Published""",6/24/2023 4:16
1363,6,"""Integer id""","""Integer mollis. Integer tincidunt aliquam arcu. Aliquam ultrices iaculis odio. Nam interdum enim non""","""Published""",11/4/2023 0:33
1119,13,"""magna. Ut""","""enim. Sed nulla ante, iaculis nec, eleifend non, dapibus rutrum, justo. Praesent luctus. Curabitur egestas nunc sed""","""Published""",6/6/2023 9:42
1173,4,"""eros turpis""","""ligula tortor, dictum eu, placerat eget, venenatis a, magna. Lorem ipsum""","""Published""",7/3/2023 9:11
1137,13,"""aliquam, enim""","""sed libero. Proin sed turpis nec mauris blandit mattis. Cras eget nisi dictum augue malesuada""","""Published""",12/29/2023 14:33
1072,6,"""faucibus lectus,""","""ultrices posuere cubilia Curae Phasellus ornare. Fusce mollis. Duis sit amet diam eu dolor egestas rhoncus. Proin nisl sem,""","""Published""",11/30/2023 18:50
1033,12,"""lobortis quam""","""neque sed sem egestas blandit. Nam nulla magna, malesuada vel, convallis in, cursus et, eros. Proin ultrices. Duis volutpat nunc""","""Draft""",1/5/2024 8:20
1337,12,"""Pellentesque ultricies""","""tincidunt vehicula risus. Nulla eget metus eu erat semper rutrum. Fusce dolor""","""Published""",3/14/2024 19:08
1047,10,"""volutpat. Nulla""","""hendrerit a, arcu. Sed et libero. Proin mi. Aliquam gravida mauris""","""Published""",4/17/2024 3:56
1017,5,"""orci quis""","""orci lobortis augue scelerisque mollis. Phasellus libero mauris, aliquam eu, accumsan""","""Published""",1/23/2024 7:19
1348,4,"""Proin nisl""","""id, ante. Nunc mauris sapien, cursus in, hendrerit consectetuer, cursus et, magna. Praesent interdum ligula eu enim. Etiam imperdiet dictum magna. Ut""","""Draft""",6/23/2023 8:32
1386,8,"""turpis nec""","""non, sollicitudin a, malesuada id, erat. Etiam vestibulum massa rutrum magna. Cras convallis convallis dolor. Quisque tincidunt pede ac""","""Published""",4/2/2024 11:36
1108,10,"""rutrum. Fusce""","""velit in aliquet lobortis, nisi nibh lacinia orci, consectetuer euismod est arcu ac orci. Ut semper""","""Draft""",9/30/2023 3:57
1189,15,"""parturient montes,""","""sem mollis dui, in sodales elit erat vitae risus. Duis a mi fringilla mi lacinia mattis. Integer eu lacus. Quisque""","""Published""",4/9/2024 2:09
1151,3,"""fringilla ornare""","""felis. Donec tempor, est ac mattis semper, dui lectus rutrum urna, nec luctus felis purus ac tellus. Suspendisse sed dolor. Fusce""","""Published""",12/27/2023 18:04
1334,4,"""Sed et""","""sed consequat auctor, nunc nulla vulputate dui, nec tempus mauris erat eget ipsum. Suspendisse sagittis. Nullam vitae diam.""","""Draft""",3/29/2024 9:44
1138,1,"""porttitor eros""","""amet orci. Ut sagittis lobortis mauris. Suspendisse aliquet molestie tellus.""","""Draft""",9/30/2023 9:51
1353,14,"""sapien. Aenean""","""odio. Nam interdum enim non nisi. Aenean eget metus. In nec orci. Donec nibh. Quisque nonummy ipsum non arcu. Vivamus""","""Published""",12/7/2023 11:39
1043,3,"""leo. Cras""","""risus, at fringilla purus mauris a nunc. In at pede. Cras vulputate velit eu sem. Pellentesque ut""","""Draft""",5/29/2023 9:27
1071,5,"""lacus. Cras""","""luctus sit amet, faucibus ut, nulla. Cras eu tellus eu augue porttitor interdum. Sed auctor odio a purus.""","""Draft""",7/7/2023 15:52
1370,9,"""pharetra. Nam""","""sit amet, dapibus id, blandit at, nisi. Cum sociis natoque penatibus et magnis dis parturient montes, nascetur ridiculus mus. Proin vel nisl.""","""Draft""",1/3/2024 7:56
1326,14,"""cursus et,""","""Nunc mauris elit, dictum eu, eleifend nec, malesuada ut, sem. Nulla interdum. Curabitur dictum. Phasellus in felis. Nulla tempor augue ac ipsum. Phasellus vitae mauris""","""Published""",9/4/2023 6:03
1123,8,"""Sed id""","""vitae, sodales at, velit. Pellentesque ultricies dignissim lacus. Aliquam rutrum lorem ac risus. Morbi metus. Vivamus euismod urna. Nullam lobortis quam""","""Published""",9/19/2023 16:54
1246,11,"""eleifend non,""","""In scelerisque scelerisque dui. Suspendisse ac metus vitae velit egestas lacinia. Sed congue, elit sed consequat auctor, nunc""","""Published""",6/10/2023 13:25
1244,8,"""commodo ipsum.""","""tempor augue ac ipsum. Phasellus vitae mauris sit amet lorem semper""","""Draft""",4/8/2024 15:20
1095,6,"""arcu. Sed""","""sociis natoque penatibus et magnis dis parturient montes, nascetur ridiculus mus. Proin vel nisl. Quisque fringilla euismod enim. Etiam gravida molestie arcu. Sed eu nibh""","""Draft""",9/5/2023 17:32
1253,15,"""faucibus orci""","""auctor vitae, aliquet nec, imperdiet nec, leo. Morbi neque tellus, imperdiet non, vestibulum nec,""","""Draft""",7/19/2023 2:35
1199,10,"""nec tempus""","""ipsum dolor sit amet, consectetuer adipiscing elit. Etiam laoreet, libero et tristique""","""Published""",1/10/2024 9:38
1272,9,"""arcu. Nunc""","""metus. Aliquam erat volutpat. Nulla facilisis. Suspendisse commodo tincidunt nibh. Phasellus nulla. Integer vulputate, risus a ultricies adipiscing, enim mi tempor""","""Published""",3/21/2024 9:20
1326,10,"""neque. Sed""","""tempor diam dictum sapien. Aenean massa. Integer vitae nibh. Donec est mauris, rhoncus id, mollis nec,""","""Published""",10/9/2023 19:10
1375,5,"""purus. Nullam""","""Suspendisse ac metus vitae velit egestas lacinia. Sed congue, elit sed consequat auctor, nunc nulla vulputate dui, nec tempus mauris""","""Draft""",8/22/2023 21:19
1002,7,"""congue, elit""","""nec, diam. Duis mi enim, condimentum eget, volutpat ornare, facilisis eget, ipsum. Donec sollicitudin adipiscing ligula. Aenean gravida nunc sed""","""Draft""",5/27/2023 7:41
1282,6,"""Integer vulputate,""","""Sed nulla ante, iaculis nec, eleifend non, dapibus rutrum, justo. Praesent""","""Draft""",12/21/2023 19:50
1069,4,"""ipsum primis""","""mus. Proin vel arcu eu odio tristique pharetra. Quisque ac libero nec ligula consectetuer rhoncus. Nullam velit""","""Draft""",6/16/2023 17:48
1153,14,"""fermentum vel,""","""mus. Donec dignissim magna a tortor. Nunc commodo auctor velit. Aliquam""","""Draft""",1/10/2024 20:29
1096,10,"""erat vel""","""sed tortor. Integer aliquam adipiscing lacus. Ut nec urna et arcu imperdiet ullamcorper. Duis at lacus.""","""Draft""",3/3/2024 18:23
1295,9,"""fames ac""","""dolor sit amet, consectetuer adipiscing elit. Etiam laoreet, libero et tristique pellentesque, tellus sem mollis dui, in sodales elit erat vitae risus. Duis""","""Published""",2/17/2024 7:37
1149,14,"""leo elementum""","""congue, elit sed consequat auctor, nunc nulla vulputate dui, nec tempus mauris erat eget ipsum. Suspendisse sagittis.""","""Draft""",2/26/2024 11:29
1329,2,"""mattis. Cras""","""vestibulum nec, euismod in, dolor. Fusce feugiat. Lorem ipsum dolor sit amet, consectetuer adipiscing elit. Aliquam auctor, velit eget laoreet posuere, enim nisl elementum""","""Draft""",9/3/2023 6:34
1011,5,"""nisi dictum""","""Sed malesuada augue ut lacus. Nulla tincidunt, neque vitae semper egestas, urna justo faucibus""","""Published""",4/7/2024 13:20
1366,4,"""malesuada vel,""","""eget varius ultrices, mauris ipsum porta elit, a feugiat tellus lorem""","""Published""",2/7/2024 3:28
1002,11,"""dignissim. Maecenas""","""nunc ac mattis ornare, lectus ante dictum mi, ac mattis velit justo nec ante.""","""Draft""",7/12/2023 10:35
1065,6,"""Praesent eu""","""et arcu imperdiet ullamcorper. Duis at lacus. Quisque purus sapien, gravida non, sollicitudin a, malesuada id, erat.""","""Published""",11/29/2023 22:40
1296,6,"""lorem fringilla""","""quis, pede. Praesent eu dui. Cum sociis natoque penatibus et""","""Published""",12/19/2023 15:58
1275,9,"""vel arcu""","""scelerisque, lorem ipsum sodales purus, in molestie tortor nibh sit amet orci. Ut sagittis lobortis mauris. Suspendisse aliquet molestie tellus.""","""Published""",1/23/2024 2:05
1019,9,"""neque. Morbi""","""odio tristique pharetra. Quisque ac libero nec ligula consectetuer rhoncus. Nullam velit dui, semper et,""","""Published""",9/27/2023 13:01
1195,6,"""tristique ac,""","""senectus et netus et malesuada fames ac turpis egestas. Aliquam fringilla cursus purus. Nullam scelerisque""","""Published""",5/2/2024 5:04
1379,14,"""Curae Phasellus""","""tempor augue ac ipsum. Phasellus vitae mauris sit amet lorem semper auctor. Mauris""","""Published""",3/6/2024 23:55
1008,12,"""dolor sit""","""Maecenas malesuada fringilla est. Mauris eu turpis. Nulla aliquet. Proin velit. Sed malesuada augue ut lacus. Nulla tincidunt, neque vitae semper egestas, urna justo""","""Draft""",2/7/2024 1:33
1268,13,"""malesuada fringilla""","""Cras interdum. Nunc sollicitudin commodo ipsum. Suspendisse non leo. Vivamus nibh dolor, nonummy ac, feugiat non, lobortis quis, pede. Suspendisse dui. Fusce diam""","""Published""",9/2/2023 9:48
1310,14,"""enim commodo""","""sit amet lorem semper auctor. Mauris vel turpis. Aliquam adipiscing""","""Published""",3/31/2024 21:50
1243,14,"""Nam porttitor""","""orci. Ut semper pretium neque. Morbi quis urna. Nunc quis arcu vel quam""","""Published""",3/29/2024 15:53
1274,7,"""sem ut""","""odio semper cursus. Integer mollis. Integer tincidunt aliquam arcu. Aliquam ultrices iaculis odio. Nam interdum enim non nisi. Aenean""","""Draft""",4/24/2024 1:47
1291,3,"""risus, at""","""Nunc ut erat. Sed nunc est, mollis non, cursus non, egestas a, dui. Cras pellentesque. Sed dictum. Proin eget odio.""","""Published""",10/19/2023 19:18
1354,7,"""cursus. Integer""","""Duis ac arcu. Nunc mauris. Morbi non sapien molestie orci tincidunt adipiscing. Mauris molestie pharetra nibh. Aliquam ornare, libero at auctor ullamcorper,""","""Published""",7/7/2023 18:48
1395,9,"""gravida sit""","""Nunc mauris. Morbi non sapien molestie orci tincidunt adipiscing. Mauris molestie pharetra""","""Published""",9/19/2023 17:41
1314,7,"""ac mattis""","""Sed eu nibh vulputate mauris sagittis placerat. Cras dictum ultricies ligula. Nullam enim. Sed nulla ante, iaculis nec, eleifend non, dapibus""","""Published""",3/3/2024 9:15
1077,4,"""lacus. Etiam""","""facilisis vitae, orci. Phasellus dapibus quam quis diam. Pellentesque habitant morbi""","""Draft""",3/15/2024 10:57
1316,2,"""Cras vulputate""","""tellus id nunc interdum feugiat. Sed nec metus facilisis lorem tristique""","""Draft""",9/7/2023 18:17
1236,13,"""sed consequat""","""per conubia nostra, per inceptos hymenaeos. Mauris ut quam vel sapien imperdiet ornare. In faucibus. Morbi vehicula. Pellentesque tincidunt""","""Draft""",8/19/2023 14:05
1098,2,"""arcu. Morbi""","""et libero. Proin mi. Aliquam gravida mauris ut mi. Duis risus odio, auctor vitae, aliquet nec, imperdiet nec, leo. Morbi neque tellus, imperdiet""","""Draft""",4/21/2024 20:05
1039,15,"""Quisque tincidunt""","""risus. Nulla eget metus eu erat semper rutrum. Fusce dolor quam, elementum at, egestas a, scelerisque""","""Published""",4/1/2024 23:13
1035,3,"""Ut tincidunt""","""sed libero. Proin sed turpis nec mauris blandit mattis. Cras eget nisi""","""Published""",2/22/2024 0:31
1359,8,"""ultrices sit""","""a purus. Duis elementum, dui quis accumsan convallis, ante lectus convallis est, vitae sodales nisi magna sed dui. Fusce aliquam, enim nec""","""Draft""",12/14/2023 1:10
1021,14,"""risus. Donec""","""ipsum dolor sit amet, consectetuer adipiscing elit. Curabitur sed tortor. Integer aliquam adipiscing lacus. Ut nec urna et""","""Draft""",10/30/2023 13:09
1034,11,"""arcu. Curabitur""","""aliquam iaculis, lacus pede sagittis augue, eu tempor erat neque non quam. Pellentesque habitant morbi tristique senectus et netus et malesuada fames ac turpis""","""Draft""",8/15/2023 13:22
1332,9,"""Phasellus in""","""feugiat nec, diam. Duis mi enim, condimentum eget, volutpat ornare, facilisis eget, ipsum. Donec sollicitudin adipiscing ligula. Aenean gravida nunc sed pede. Cum""","""Published""",1/22/2024 16:50
1382,4,"""dictum. Proin""","""Sed congue, elit sed consequat auctor, nunc nulla vulputate dui, nec tempus mauris erat eget ipsum.""","""Published""",10/26/2023 14:26
1029,2,"""congue. In""","""nec, mollis vitae, posuere at, velit. Cras lorem lorem, luctus ut, pellentesque eget, dictum placerat, augue. Sed molestie. Sed id risus quis diam luctus lobortis.""","""Draft""",10/1/2023 5:14
1076,7,"""vulputate, posuere""","""scelerisque dui. Suspendisse ac metus vitae velit egestas lacinia. Sed congue, elit sed consequat auctor, nunc nulla vulputate dui,""","""Published""",10/9/2023 13:32
1124,2,"""diam. Pellentesque""","""non arcu. Vivamus sit amet risus. Donec egestas. Aliquam nec enim. Nunc ut erat. Sed""","""Published""",1/5/2024 17:26
1007,4,"""Nunc commodo""","""amet nulla. Donec non justo. Proin non massa non ante bibendum ullamcorper. Duis cursus, diam at pretium aliquet, metus urna convallis erat,""","""Published""",8/16/2023 21:42
1143,8,"""dignissim. Maecenas""","""Fusce dolor quam, elementum at, egestas a, scelerisque sed, sapien.""","""Draft""",4/5/2024 20:48
1059,11,"""ut lacus.""","""tempor bibendum. Donec felis orci, adipiscing non, luctus sit amet, faucibus ut, nulla.""","""Draft""",4/10/2024 7:05
1376,5,"""cursus purus.""","""Donec vitae erat vel pede blandit congue. In scelerisque scelerisque dui.""","""Published""",8/18/2023 12:50
1090,9,"""Fusce diam""","""tellus non magna. Nam ligula elit, pretium et, rutrum non, hendrerit id,""","""Draft""",12/9/2023 14:56
1338,7,"""Nunc mauris.""","""facilisi. Sed neque. Sed eget lacus. Mauris non dui nec urna suscipit nonummy. Fusce fermentum fermentum arcu. Vestibulum ante ipsum primis in faucibus orci""","""Draft""",5/16/2023 22:03
1397,11,"""sit amet""","""mauris. Suspendisse aliquet molestie tellus. Aenean egestas hendrerit neque. In ornare sagittis felis. Donec tempor, est ac mattis""","""Draft""",7/8/2023 6:35
1141,15,"""hendrerit id,""","""lorem tristique aliquet. Phasellus fermentum convallis ligula. Donec luctus aliquet odio. Etiam ligula tortor, dictum eu, placerat eget, venenatis a, magna. Lorem ipsum dolor sit""","""Draft""",4/6/2024 7:03
1047,9,"""commodo ipsum.""","""a mi fringilla mi lacinia mattis. Integer eu lacus. Quisque imperdiet, erat nonummy ultricies ornare, elit elit fermentum risus, at fringilla purus""","""Published""",10/12/2023 7:14
1170,12,"""Etiam gravida""","""non, vestibulum nec, euismod in, dolor. Fusce feugiat. Lorem ipsum dolor sit amet, consectetuer adipiscing elit. Aliquam auctor, velit""","""Published""",6/29/2023 15:48
1388,5,"""est mauris,""","""tortor. Nunc commodo auctor velit. Aliquam nisl. Nulla eu neque pellentesque massa lobortis ultrices. Vivamus rhoncus. Donec est.""","""Draft""",4/4/2024 7:11
1352,8,"""nec, eleifend""","""lobortis. Class aptent taciti sociosqu ad litora torquent per conubia nostra, per inceptos hymenaeos. Mauris ut quam vel sapien imperdiet""","""Published""",10/27/2023 2:28
1371,7,"""nulla. Integer""","""metus urna convallis erat, eget tincidunt dui augue eu tellus. Phasellus elit pede, malesuada""","""Draft""",12/13/2023 12:24
1320,12,"""orci tincidunt""","""accumsan laoreet ipsum. Curabitur consequat, lectus sit amet luctus vulputate, nisi sem semper erat, in consectetuer""","""Draft""",8/10/2023 6:45
1060,2,"""egestas ligula.""","""vel, faucibus id, libero. Donec consectetuer mauris id sapien. Cras dolor dolor, tempus non, lacinia at, iaculis quis, pede. Praesent eu""","""Draft""",1/19/2024 18:04
1086,9,"""ante. Maecenas""","""nibh dolor, nonummy ac, feugiat non, lobortis quis, pede. Suspendisse dui. Fusce diam nunc, ullamcorper eu, euismod""","""Published""",3/7/2024 7:31
1222,4,"""eu, euismod""","""cursus non, egestas a, dui. Cras pellentesque. Sed dictum. Proin eget odio. Aliquam vulputate ullamcorper magna. Sed eu eros. Nam""","""Published""",1/28/2024 21:17
1141,7,"""lobortis ultrices.""","""a purus. Duis elementum, dui quis accumsan convallis, ante lectus convallis est, vitae sodales nisi magna sed dui. Fusce aliquam, enim""","""Draft""",8/5/2023 11:26
1206,4,"""orci lobortis""","""vulputate, risus a ultricies adipiscing, enim mi tempor lorem, eget mollis lectus pede et risus. Quisque libero""","""Published""",10/4/2023 7:24
1059,14,"""Integer sem""","""non, luctus sit amet, faucibus ut, nulla. Cras eu tellus eu augue porttitor interdum. Sed auctor odio a purus. Duis elementum, dui""","""Draft""",1/18/2024 23:24
1307,14,"""augue scelerisque""","""urna, nec luctus felis purus ac tellus. Suspendisse sed dolor. Fusce mi lorem, vehicula et, rutrum eu, ultrices sit amet, risus. Donec nibh enim, gravida""","""Draft""",4/8/2024 9:49
1335,14,"""Nulla eget""","""dignissim magna a tortor. Nunc commodo auctor velit. Aliquam nisl. Nulla eu neque pellentesque massa lobortis""","""Published""",8/17/2023 21:13
1101,14,"""mauris eu""","""nunc interdum feugiat. Sed nec metus facilisis lorem tristique aliquet. Phasellus fermentum convallis ligula. Donec luctus aliquet odio.""","""Published""",5/27/2023 20:54
1375,6,"""elit. Nulla""","""cursus non, egestas a, dui. Cras pellentesque. Sed dictum. Proin eget odio. Aliquam vulputate ullamcorper""","""Draft""",9/16/2023 10:31
1186,10,"""enim nec""","""ac metus vitae velit egestas lacinia. Sed congue, elit sed consequat auctor, nunc nulla vulputate dui, nec""","""Draft""",11/28/2023 13:50
1267,10,"""semper et,""","""neque venenatis lacus. Etiam bibendum fermentum metus. Aenean sed pede nec ante blandit viverra. Donec tempus, lorem fringilla ornare placerat, orci""","""Draft""",5/21/2023 22:37
1161,9,"""magna. Nam""","""sociis natoque penatibus et magnis dis parturient montes, nascetur ridiculus mus. Aenean eget magna. Suspendisse tristique neque venenatis lacus. Etiam bibendum fermentum metus. Aenean""","""Published""",10/29/2023 12:28
1116,14,"""ornare egestas""","""convallis dolor. Quisque tincidunt pede ac urna. Ut tincidunt vehicula risus. Nulla eget metus eu erat semper rutrum. Fusce dolor quam, elementum at,""","""Published""",9/21/2023 2:30
1325,5,"""conubia nostra,""","""ridiculus mus. Proin vel arcu eu odio tristique pharetra. Quisque ac libero nec""","""Published""",10/14/2023 1:24
1134,5,"""dictum. Proin""","""nunc sed libero. Proin sed turpis nec mauris blandit mattis. Cras""","""Published""",9/1/2023 5:39
1007,10,"""Nunc pulvinar""","""velit. Cras lorem lorem, luctus ut, pellentesque eget, dictum placerat, augue. Sed molestie. Sed id risus quis""","""Published""",3/30/2024 20:14
1268,11,"""erat vel""","""Phasellus libero mauris, aliquam eu, accumsan sed, facilisis vitae, orci. Phasellus dapibus quam quis diam.""","""Draft""",6/5/2023 11:09
1002,5,"""nisl arcu""","""Nunc mauris elit, dictum eu, eleifend nec, malesuada ut, sem. Nulla interdum. Curabitur dictum. Phasellus in felis. Nulla tempor augue ac ipsum. Phasellus vitae mauris""","""Draft""",4/12/2024 14:33
1064,2,"""magnis dis""","""eget varius ultrices, mauris ipsum porta elit, a feugiat tellus lorem eu metus. In lorem. Donec elementum, lorem ut aliquam iaculis, lacus pede sagittis""","""Published""",9/22/2023 20:11
1173,14,"""diam vel""","""eu arcu. Morbi sit amet massa. Quisque porttitor eros nec tellus. Nunc lectus pede, ultrices a, auctor""","""Draft""",9/8/2023 19:45
1047,12,"""vulputate, posuere""","""lorem ipsum sodales purus, in molestie tortor nibh sit amet orci. Ut sagittis lobortis mauris. Suspendisse""","""Published""",1/28/2024 16:29
1005,9,"""Proin velit.""","""a, aliquet vel, vulputate eu, odio. Phasellus at augue id ante dictum cursus. Nunc mauris elit, dictum eu, eleifend nec, malesuada ut, sem. Nulla interdum.""","""Draft""",8/15/2023 16:43
1247,14,"""nec ante""","""et pede. Nunc sed orci lobortis augue scelerisque mollis. Phasellus libero mauris, aliquam eu,""","""Draft""",9/17/2023 16:06
1174,6,"""amet nulla.""","""Ut nec urna et arcu imperdiet ullamcorper. Duis at lacus. Quisque purus sapien, gravida non, sollicitudin a, malesuada id, erat. Etiam vestibulum massa""","""Draft""",7/4/2023 12:58
1010,13,"""odio. Phasellus""","""amet, consectetuer adipiscing elit. Curabitur sed tortor. Integer aliquam adipiscing lacus. Ut nec urna et arcu imperdiet ullamcorper. Duis at lacus. Quisque purus sapien,""","""Published""",7/6/2023 18:32
1210,12,"""consequat enim""","""et nunc. Quisque ornare tortor at risus. Nunc ac sem ut""","""Draft""",1/1/2024 4:08
1250,9,"""magnis dis""","""pharetra, felis eget varius ultrices, mauris ipsum porta elit, a feugiat tellus lorem eu metus. In lorem. Donec elementum, lorem ut""","""Published""",1/17/2024 4:12
1139,13,"""blandit congue.""","""imperdiet, erat nonummy ultricies ornare, elit elit fermentum risus, at""","""Published""",8/31/2023 16:32
1253,5,"""quis accumsan""","""posuere at, velit. Cras lorem lorem, luctus ut, pellentesque eget, dictum placerat, augue. Sed molestie. Sed id risus""","""Published""",7/24/2023 10:46
1161,14,"""mauris sit""","""vel quam dignissim pharetra. Nam ac nulla. In tincidunt congue turpis. In condimentum. Donec at arcu. Vestibulum""","""Published""",6/19/2023 0:50
1383,8,"""pharetra sed,""","""nulla. Integer vulputate, risus a ultricies adipiscing, enim mi tempor lorem, eget mollis lectus pede et risus.""","""Published""",2/7/2024 5:03
1342,9,"""risus odio,""","""Nam ligula elit, pretium et, rutrum non, hendrerit id, ante. Nunc mauris sapien, cursus in, hendrerit consectetuer, cursus et, magna. Praesent interdum ligula eu""","""Draft""",9/3/2023 3:20
1280,10,"""Morbi sit""","""dictum. Phasellus in felis. Nulla tempor augue ac ipsum. Phasellus vitae mauris sit amet lorem""","""Draft""",6/29/2023 3:38
1329,10,"""morbi tristique""","""eros. Proin ultrices. Duis volutpat nunc sit amet metus. Aliquam erat volutpat. Nulla facilisis. Suspendisse commodo tincidunt nibh. Phasellus nulla. Integer vulputate,""","""Draft""",10/3/2023 15:51
1091,2,"""quis turpis""","""lacus. Quisque imperdiet, erat nonummy ultricies ornare, elit elit fermentum risus, at fringilla purus""","""Published""",12/22/2023 15:47
1012,7,"""turpis. Aliquam""","""ut erat. Sed nunc est, mollis non, cursus non, egestas a, dui. Cras""","""Draft""",5/24/2023 11:34
1140,8,"""est tempor""","""orci lobortis augue scelerisque mollis. Phasellus libero mauris, aliquam eu, accumsan sed, facilisis vitae,""","""Published""",6/16/2023 15:46
1271,4,"""vestibulum, neque""","""sed pede nec ante blandit viverra. Donec tempus, lorem fringilla ornare placerat, orci""","""Published""",12/28/2023 21:46
1237,3,"""erat, in""","""non, sollicitudin a, malesuada id, erat. Etiam vestibulum massa rutrum magna. Cras convallis convallis dolor. Quisque tincidunt pede ac urna. Ut""","""Draft""",6/29/2023 8:40
1212,11,"""vitae dolor.""","""et ipsum cursus vestibulum. Mauris magna. Duis dignissim tempor arcu. Vestibulum ut eros non enim commodo hendrerit. Donec porttitor tellus""","""Draft""",1/4/2024 17:32
1165,14,"""ipsum dolor""","""ut, nulla. Cras eu tellus eu augue porttitor interdum. Sed auctor odio a purus. Duis elementum, dui quis accumsan""","""Published""",1/1/2024 16:19
1016,1,"""quis massa.""","""Phasellus fermentum convallis ligula. Donec luctus aliquet odio. Etiam ligula tortor,""","""Published""",10/27/2023 8:48
1277,3,"""diam luctus""","""conubia nostra, per inceptos hymenaeos. Mauris ut quam vel sapien imperdiet ornare. In faucibus. Morbi vehicula. Pellentesque tincidunt tempus""","""Draft""",9/13/2023 19:33
1341,8,"""in faucibus""","""iaculis odio. Nam interdum enim non nisi. Aenean eget metus. In nec""","""Draft""",11/3/2023 23:55
1185,12,"""lacus. Nulla""","""pede et risus. Quisque libero lacus, varius et, euismod et, commodo at, libero. Morbi accumsan laoreet ipsum. Curabitur consequat, lectus sit amet luctus vulputate,""","""Draft""",12/24/2023 9:14
1039,7,"""ridiculus mus.""","""Quisque purus sapien, gravida non, sollicitudin a, malesuada id, erat. Etiam vestibulum massa rutrum magna. Cras convallis convallis dolor. Quisque tincidunt pede ac""","""Draft""",3/15/2024 13:40
1254,1,"""ligula. Aenean""","""malesuada id, erat. Etiam vestibulum massa rutrum magna. Cras convallis convallis dolor. Quisque tincidunt pede ac urna. Ut tincidunt vehicula risus. Nulla eget""","""Published""",8/27/2023 6:31
1044,10,"""massa. Quisque""","""faucibus lectus, a sollicitudin orci sem eget massa. Suspendisse eleifend. Cras sed leo. Cras vehicula aliquet libero. Integer in""","""Published""",7/31/2023 15:33
1114,2,"""elit. Etiam""","""sodales. Mauris blandit enim consequat purus. Maecenas libero est, congue a, aliquet vel, vulputate eu, odio. Phasellus at augue id ante dictum cursus.""","""Draft""",5/3/2024 0:11
1151,2,"""urna. Nunc""","""Donec elementum, lorem ut aliquam iaculis, lacus pede sagittis augue, eu tempor erat neque non""","""Published""",2/6/2024 20:12
1205,14,"""elit. Etiam""","""nec, mollis vitae, posuere at, velit. Cras lorem lorem, luctus ut, pellentesque eget, dictum placerat, augue. Sed molestie. Sed id""","""Published""",8/21/2023 13:12
1332,4,"""auctor. Mauris""","""consectetuer rhoncus. Nullam velit dui, semper et, lacinia vitae, sodales at, velit. Pellentesque ultricies dignissim lacus. Aliquam rutrum lorem ac risus. Morbi metus. Vivamus euismod""","""Draft""",1/10/2024 0:41
1130,3,"""In lorem.""","""dapibus ligula. Aliquam erat volutpat. Nulla dignissim. Maecenas ornare egestas ligula. Nullam feugiat placerat velit. Quisque varius.""","""Published""",12/20/2023 15:55
1249,9,"""quis accumsan""","""amet metus. Aliquam erat volutpat. Nulla facilisis. Suspendisse commodo tincidunt nibh. Phasellus nulla. Integer vulputate, risus a ultricies adipiscing, enim mi tempor lorem,""","""Published""",1/30/2024 2:32
