post_id,user_id,title,content,tag_name,category_name,status,date_published
1000,100116,"""sem ut""","""eu dolor egestas rhoncus. Proin nisl sem, consequat nec, mollis vitae, posuere at, velit. Cras lorem lorem, luctus ut, pellentesque eget, dictum""","""multigrains""","""Frying""","""Published""",5/17/2023 21:20
1001,100024,"""feugiat placerat""","""lorem ipsum sodales purus, in molestie tortor nibh sit amet orci. Ut sagittis lobortis mauris. Suspendisse aliquet molestie""","""pasta""","""Poaching""","""Draft""",10/2/2023 10:54
1002,100149,"""Quisque nonummy""","""libero. Donec consectetuer mauris id sapien. Cras dolor dolor, tempus non, lacinia at, iaculis""","""cookies""","""Braising""","""Draft""",6/20/2023 11:43
1003,100082,"""gravida sit""","""Donec est mauris, rhoncus id, mollis nec, cursus a, enim. Suspendisse aliquet, sem ut cursus luctus, ipsum leo elementum sem, vitae aliquam""","""vegetables""","""Steaming""","""Draft""",12/13/2023 11:03
1004,100054,"""tristique pellentesque,""","""Sed dictum. Proin eget odio. Aliquam vulputate ullamcorper magna. Sed eu eros. Nam consequat dolor vitae dolor. Donec fringilla. Donec feugiat""","""almonds""","""Roasting""","""Published""",5/26/2023 4:53
1005,100038,"""gravida sagittis.""","""tellus eu augue porttitor interdum. Sed auctor odio a purus. Duis elementum, dui quis accumsan convallis, ante lectus convallis est, vitae sodales nisi""","""cheese""","""Salads""","""Published""",6/9/2023 7:22
1006,100193,"""vehicula. Pellentesque""","""quam vel sapien imperdiet ornare. In faucibus. Morbi vehicula. Pellentesque tincidunt tempus risus. Donec egestas.""","""fasting""","""Frying""","""Published""",1/11/2024 7:59
1007,100193,"""Integer vulputate,""","""dictum. Phasellus in felis. Nulla tempor augue ac ipsum. Phasellus vitae mauris sit amet lorem""","""muffins, pistachios""","""Braising""","""Published""",6/20/2023 18:51
1008,100015,"""sagittis felis.""","""massa. Integer vitae nibh. Donec est mauris, rhoncus id, mollis nec, cursus a, enim. Suspendisse aliquet, sem ut""","""muffins""","""Braising""","""Draft""",7/22/2023 19:17
1009,100108,"""sagittis placerat.""","""semper erat, in consectetuer ipsum nunc id enim. Curabitur massa. Vestibulum accumsan neque et""","""chicken, seafood""","""Poaching""","""Published""",12/8/2023 21:06
1010,100006,"""metus. In""","""ipsum cursus vestibulum. Mauris magna. Duis dignissim tempor arcu. Vestibulum ut eros non enim commodo hendrerit. Donec porttitor tellus non""","""pasta, salads""","""Boiling""","""Published""",12/31/2023 11:15
1011,100103,"""lacinia orci,""","""sit amet ornare lectus justo eu arcu. Morbi sit amet massa. Quisque porttitor eros""","""sandwiches, chocolate""","""Grilling""","""Published""",9/20/2023 13:38
1012,100180,"""lorem, vehicula""","""mi fringilla mi lacinia mattis. Integer eu lacus. Quisque imperdiet, erat nonummy ultricies ornare,""","""chocolate, pizza""","""Baking""","""Published""",11/4/2023 11:27
1013,100026,"""enim. Etiam""","""Nulla semper tellus id nunc interdum feugiat. Sed nec metus facilisis lorem tristique aliquet. Phasellus fermentum convallis ligula.""","""multigrains, cookies""","""Poaching""","""Published""",9/11/2023 9:35
1014,100052,"""Vivamus euismod""","""enim, condimentum eget, volutpat ornare, facilisis eget, ipsum. Donec sollicitudin adipiscing ligula. Aenean gravida""","""salads""","""Braising""","""Draft""",3/25/2024 10:18
1015,100121,"""et netus""","""lacus. Aliquam rutrum lorem ac risus. Morbi metus. Vivamus euismod urna.""","""multigrains, pies""","""Roasting""","""Draft""",3/15/2024 19:47
1016,100101,"""dui quis""","""Sed malesuada augue ut lacus. Nulla tincidunt, neque vitae semper egestas, urna justo faucibus lectus, a sollicitudin""","""cheese, vegan""","""Sweets""","""Published""",5/5/2023 2:59
1017,100177,"""non nisi.""","""nec metus facilisis lorem tristique aliquet. Phasellus fermentum convallis ligula. Donec luctus aliquet odio. Etiam ligula tortor, dictum eu, placerat eget, venenatis a,""","""pie""","""Snacks""","""Published""",2/13/2024 23:20
1018,100105,"""nisi nibh""","""at lacus. Quisque purus sapien, gravida non, sollicitudin a, malesuada id, erat. Etiam vestibulum massa""","""multigrains""","""Baking""","""Draft""",4/18/2024 6:36
1019,100023,"""orci luctus""","""at, velit. Cras lorem lorem, luctus ut, pellentesque eget, dictum placerat,""","""cheese cake, walnuts""","""Frying""","""Published""",8/8/2023 7:35
1020,100157,"""ipsum. Phasellus""","""imperdiet dictum magna. Ut tincidunt orci quis lectus. Nullam suscipit, est ac facilisis facilisis, magna tellus faucibus leo, in lobortis tellus justo sit amet""","""soups""","""Cooking""","""Published""",1/9/2024 13:39
1021,100197,"""morbi tristique""","""sem ut cursus luctus, ipsum leo elementum sem, vitae aliquam eros turpis non enim. Mauris quis turpis vitae""","""bread""","""Desserts""","""Published""",1/26/2024 10:12
1022,100104,"""habitant morbi""","""risus. In mi pede, nonummy ut, molestie in, tempus eu, ligula. Aenean euismod mauris eu""","""healthy, chicken""","""Poaching""","""Published""",9/2/2023 6:34
1023,100175,"""commodo hendrerit.""","""ornare sagittis felis. Donec tempor, est ac mattis semper, dui lectus rutrum urna, nec luctus felis purus ac tellus. Suspendisse sed dolor. Fusce""","""chicken, brownie""","""Salads""","""Draft""",4/5/2024 7:59
1024,100198,"""facilisis, magna""","""Duis ac arcu. Nunc mauris. Morbi non sapien molestie orci tincidunt adipiscing. Mauris molestie pharetra nibh. Aliquam ornare, libero at auctor ullamcorper, nisl""","""eggs, keto""","""Salads""","""Published""",9/2/2023 23:12
1025,100099,"""libero. Proin""","""cursus a, enim. Suspendisse aliquet, sem ut cursus luctus, ipsum leo elementum sem, vitae aliquam eros turpis non enim. Mauris quis turpis""","""pizza""","""Frying""","""Draft""",11/19/2023 4:00
1026,100187,"""nisi sem""","""Duis ac arcu. Nunc mauris. Morbi non sapien molestie orci tincidunt adipiscing. Mauris""","""vegan, chocolate""","""Baking""","""Published""",10/26/2023 19:45
1027,100031,"""lobortis risus.""","""Aliquam tincidunt, nunc ac mattis ornare, lectus ante dictum mi, ac mattis velit justo nec ante.""","""multigrains, lamb""","""Salads""","""Published""",11/19/2023 3:58
1028,100038,"""Phasellus vitae""","""nulla. Donec non justo. Proin non massa non ante bibendum ullamcorper. Duis cursus, diam at pretium aliquet, metus urna convallis erat,""","""lamb, beef""","""Grilling""","""Draft""",10/28/2023 12:27
1029,100008,"""Quisque tincidunt""","""nisl. Maecenas malesuada fringilla est. Mauris eu turpis. Nulla aliquet. Proin velit. Sed malesuada augue ut lacus. Nulla tincidunt, neque""","""diet""","""Poaching""","""Published""",11/14/2023 1:17
1030,100103,"""sem. Nulla""","""lobortis, nisi nibh lacinia orci, consectetuer euismod est arcu ac orci. Ut semper pretium neque. Morbi quis urna. Nunc quis arcu vel quam""","""desserts""","""Grilling""","""Published""",2/18/2024 0:04
1031,100029,"""porta elit,""","""sagittis felis. Donec tempor, est ac mattis semper, dui lectus rutrum urna, nec luctus felis purus ac""","""chicken, keto""","""Roasting""","""Published""",2/3/2024 14:52
1032,100084,"""nunc nulla""","""vel pede blandit congue. In scelerisque scelerisque dui. Suspendisse ac metus vitae velit""","""walnuts, pasta""","""Poaching""","""Draft""",4/21/2024 5:27
1033,100106,"""fermentum vel,""","""ligula tortor, dictum eu, placerat eget, venenatis a, magna. Lorem ipsum dolor""","""fasting, cake""","""Broiling""","""Draft""",6/23/2023 4:30
1034,100112,"""ornare placerat,""","""tortor at risus. Nunc ac sem ut dolor dapibus gravida. Aliquam tincidunt, nunc ac mattis ornare, lectus ante dictum mi, ac""","""cheese cake, diet""","""Grilling""","""Draft""",2/5/2024 10:48
1035,100123,"""Sed nec""","""lorem, luctus ut, pellentesque eget, dictum placerat, augue. Sed molestie. Sed id risus quis diam luctus lobortis. Class aptent taciti sociosqu ad""","""almonds""","""Sweets""","""Draft""",5/3/2024 1:36
1036,100169,"""elit. Curabitur""","""enim mi tempor lorem, eget mollis lectus pede et risus. Quisque libero lacus, varius et,""","""beef, cocoa""","""Broiling""","""Draft""",3/5/2024 10:30
1037,100139,"""velit eget""","""justo nec ante. Maecenas mi felis, adipiscing fringilla, porttitor vulputate, posuere vulputate, lacus. Cras interdum. Nunc sollicitudin commodo""","""pie, keto""","""Salads""","""Published""",2/6/2024 20:46
1038,100133,"""et netus""","""metus. Aliquam erat volutpat. Nulla facilisis. Suspendisse commodo tincidunt nibh. Phasellus nulla. Integer vulputate, risus a ultricies adipiscing, enim mi tempor lorem, eget mollis lectus""","""pasta, walnuts""","""Desserts""","""Draft""",6/21/2023 4:37
1039,100098,"""ridiculus mus.""","""tincidunt tempus risus. Donec egestas. Duis ac arcu. Nunc mauris. Morbi non sapien molestie orci tincidunt adipiscing. Mauris molestie""","""cocoa, pasta""","""Cooking""","""Published""",9/8/2023 22:44
1040,100133,"""luctus vulputate,""","""dui, semper et, lacinia vitae, sodales at, velit. Pellentesque ultricies dignissim lacus. Aliquam rutrum lorem ac risus. Morbi metus. Vivamus""","""pies""","""Boiling""","""Published""",1/30/2024 22:30
1041,100061,"""bibendum fermentum""","""rutrum eu, ultrices sit amet, risus. Donec nibh enim, gravida sit amet, dapibus id, blandit at, nisi. Cum sociis natoque penatibus""","""brownie""","""Boiling""","""Published""",12/14/2023 8:24
1042,100011,"""mauris a""","""libero mauris, aliquam eu, accumsan sed, facilisis vitae, orci. Phasellus dapibus quam quis diam. Pellentesque habitant morbi tristique senectus et netus et malesuada fames""","""stews, pizza""","""Frying""","""Published""",6/27/2023 8:43
1043,100031,"""Curabitur massa.""","""diam luctus lobortis. Class aptent taciti sociosqu ad litora torquent per conubia nostra, per inceptos""","""cake, noodles""","""Steaming""","""Draft""",8/9/2023 0:44
1044,100137,"""non massa""","""fringilla. Donec feugiat metus sit amet ante. Vivamus non lorem vitae odio sagittis semper. Nam tempor diam dictum""","""fasting, seafood""","""Salads""","""Draft""",7/27/2023 6:21
1045,100068,"""porttitor eros""","""non leo. Vivamus nibh dolor, nonummy ac, feugiat non, lobortis quis, pede. Suspendisse dui. Fusce diam nunc, ullamcorper eu, euismod""","""cocoa, beef""","""Steaming""","""Published""",10/12/2023 18:01
1046,100091,"""lectus quis""","""nec, imperdiet nec, leo. Morbi neque tellus, imperdiet non, vestibulum nec, euismod in, dolor. Fusce feugiat. Lorem ipsum dolor sit amet, consectetuer adipiscing""","""pasta""","""Frying""","""Published""",11/26/2023 17:02
1047,100181,"""bibendum. Donec""","""nec tellus. Nunc lectus pede, ultrices a, auctor non, feugiat nec, diam. Duis mi""","""pistachios""","""Salads""","""Published""",2/27/2024 6:29
1048,100082,"""Proin non""","""porttitor interdum. Sed auctor odio a purus. Duis elementum, dui quis accumsan convallis, ante lectus convallis est, vitae sodales nisi magna sed dui. Fusce aliquam,""","""butter, cashews""","""Braising""","""Published""",5/9/2023 8:43
1049,100098,"""purus, in""","""ante ipsum primis in faucibus orci luctus et ultrices posuere cubilia Curae""","""lamb""","""Snacks""","""Published""",11/14/2023 20:02
1050,100073,"""feugiat tellus""","""non, hendrerit id, ante. Nunc mauris sapien, cursus in, hendrerit consectetuer,""","""pasta, lamb""","""Poaching""","""Draft""",4/2/2024 11:35
1051,100189,"""nunc interdum""","""dolor vitae dolor. Donec fringilla. Donec feugiat metus sit amet""","""pasta, pistachios""","""Salads""","""Published""",8/11/2023 1:56
1052,100104,"""placerat velit.""","""pede ac urna. Ut tincidunt vehicula risus. Nulla eget metus eu erat semper rutrum. Fusce dolor quam, elementum at, egestas a, scelerisque sed,""","""desserts, cake""","""Desserts""","""Published""",1/6/2024 1:33
1053,100133,"""Sed pharetra,""","""lacus, varius et, euismod et, commodo at, libero. Morbi accumsan laoreet ipsum.""","""pie, bread""","""Cooking""","""Published""",12/16/2023 7:08
1054,100146,"""turpis. In""","""in magna. Phasellus dolor elit, pellentesque a, facilisis non, bibendum sed, est. Nunc laoreet lectus""","""eggs, healthy""","""Desserts""","""Draft""",10/26/2023 10:49
1055,100172,"""Nunc mauris""","""iaculis aliquet diam. Sed diam lorem, auctor quis, tristique ac, eleifend vitae, erat. Vivamus nisi. Mauris nulla. Integer""","""soups, muffins""","""Desserts""","""Draft""",3/28/2024 4:02
1056,100057,"""tellus lorem""","""magna, malesuada vel, convallis in, cursus et, eros. Proin ultrices. Duis volutpat nunc""","""stews, pie""","""Frying""","""Published""",1/26/2024 10:56
1057,100039,"""Maecenas iaculis""","""nunc interdum feugiat. Sed nec metus facilisis lorem tristique aliquet. Phasellus fermentum convallis ligula. Donec luctus aliquet odio.""","""walnuts""","""Grilling""","""Draft""",4/8/2024 18:26
1058,100069,"""dictum. Phasellus""","""erat volutpat. Nulla dignissim. Maecenas ornare egestas ligula. Nullam feugiat placerat velit. Quisque varius. Nam porttitor scelerisque""","""muffins, cookies""","""Cooking""","""Draft""",10/1/2023 4:42
1059,100039,"""magna nec""","""ligula. Nullam feugiat placerat velit. Quisque varius. Nam porttitor scelerisque neque. Nullam nisl. Maecenas malesuada fringilla est. Mauris eu turpis. Nulla aliquet.""","""cookies, pie""","""Snacks""","""Published""",6/8/2023 21:02
1060,100099,"""non massa""","""risus. Donec egestas. Aliquam nec enim. Nunc ut erat. Sed nunc est,""","""eggs, cake""","""Broiling""","""Published""",9/19/2023 18:16
1061,100189,"""suscipit nonummy.""","""Sed congue, elit sed consequat auctor, nunc nulla vulputate dui, nec tempus mauris erat eget ipsum. Suspendisse sagittis. Nullam vitae diam. Proin dolor. Nulla""","""cookies""","""Broiling""","""Published""",2/13/2024 13:32
1062,100100,"""nunc sit""","""id, blandit at, nisi. Cum sociis natoque penatibus et magnis dis parturient montes, nascetur ridiculus mus. Proin vel""","""sandwiches""","""Snacks""","""Published""",10/13/2023 16:31
1063,100122,"""libero et""","""nec metus facilisis lorem tristique aliquet. Phasellus fermentum convallis ligula. Donec luctus aliquet odio. Etiam ligula tortor, dictum eu, placerat eget, venenatis a, magna.""","""beef""","""Frying""","""Draft""",3/7/2024 12:26
1064,100053,"""mauris. Morbi""","""Vestibulum ante ipsum primis in faucibus orci luctus et ultrices posuere cubilia Curae Donec tincidunt. Donec vitae erat vel pede blandit congue.""","""cheese, cocoa""","""Sweets""","""Draft""",2/17/2024 6:04
1065,100124,"""semper tellus""","""neque sed dictum eleifend, nunc risus varius orci, in consequat enim diam""","""cake, stews""","""Grilling""","""Published""",12/1/2023 21:01
1066,100180,"""rhoncus. Donec""","""sociis natoque penatibus et magnis dis parturient montes, nascetur ridiculus mus. Donec dignissim magna a""","""cashews, vegan""","""Frying""","""Published""",3/29/2024 8:32
1067,100146,"""Morbi vehicula.""","""Sed diam lorem, auctor quis, tristique ac, eleifend vitae, erat. Vivamus nisi.""","""desserts, pistachios""","""Desserts""","""Draft""",5/18/2023 3:50
1068,100170,"""euismod urna.""","""Sed dictum. Proin eget odio. Aliquam vulputate ullamcorper magna. Sed eu eros. Nam consequat dolor vitae dolor.""","""desserts""","""Braising""","""Published""",6/26/2023 12:58
1069,100041,"""eget metus.""","""urna, nec luctus felis purus ac tellus. Suspendisse sed dolor. Fusce mi lorem, vehicula et, rutrum eu, ultrices sit amet, risus. Donec nibh enim, gravida""","""stews""","""Sweets""","""Published""",4/3/2024 9:41
1070,100065,"""orci lobortis""","""et, lacinia vitae, sodales at, velit. Pellentesque ultricies dignissim lacus. Aliquam""","""pistachios, bread""","""Baking""","""Draft""",11/12/2023 17:55
1071,100014,"""egestas a,""","""eget, dictum placerat, augue. Sed molestie. Sed id risus quis diam luctus lobortis. Class aptent taciti sociosqu ad litora torquent per conubia nostra,""","""chicken, keto""","""Sweets""","""Draft""",11/25/2023 20:10
1072,100031,"""Sed pharetra,""","""tellus eu augue porttitor interdum. Sed auctor odio a purus. Duis elementum, dui quis accumsan""","""fasting, soups""","""Cooking""","""Draft""",3/16/2024 9:42
1073,100052,"""nec orci.""","""ornare. Fusce mollis. Duis sit amet diam eu dolor egestas rhoncus. Proin nisl sem, consequat nec, mollis vitae, posuere at,""","""almonds, cashews""","""Grilling""","""Draft""",10/22/2023 2:30
1074,100143,"""et nunc.""","""facilisis non, bibendum sed, est. Nunc laoreet lectus quis massa. Mauris vestibulum, neque sed""","""cashews, soups""","""Desserts""","""Published""",9/8/2023 1:42
1075,100054,"""aliquet. Phasellus""","""neque pellentesque massa lobortis ultrices. Vivamus rhoncus. Donec est. Nunc ullamcorper, velit in aliquet lobortis, nisi""","""multigrains, eggs""","""Boiling""","""Draft""",4/22/2024 5:38
1076,100016,"""lorem, luctus""","""et malesuada fames ac turpis egestas. Fusce aliquet magna a""","""fasting""","""Frying""","""Draft""",11/28/2023 10:15
1077,100127,"""arcu ac""","""iaculis, lacus pede sagittis augue, eu tempor erat neque non quam. Pellentesque""","""keto, cake""","""Grilling""","""Draft""",4/25/2024 12:57
1078,100053,"""egestas. Fusce""","""dui. Suspendisse ac metus vitae velit egestas lacinia. Sed congue, elit sed consequat auctor,""","""vegetables""","""Braising""","""Published""",3/17/2024 21:06
1079,100046,"""libero lacus,""","""lorem. Donec elementum, lorem ut aliquam iaculis, lacus pede sagittis augue, eu tempor erat neque non quam. Pellentesque habitant morbi tristique senectus""","""sandwiches, muffins""","""Cooking""","""Published""",8/31/2023 6:05
1080,100047,"""mi felis,""","""laoreet lectus quis massa. Mauris vestibulum, neque sed dictum eleifend, nunc risus varius orci, in""","""pasta, fasting""","""Salads""","""Draft""",10/1/2023 13:26
1081,100167,"""eget magna.""","""euismod est arcu ac orci. Ut semper pretium neque. Morbi quis urna. Nunc quis arcu vel quam dignissim pharetra. Nam""","""pie, keto""","""Cooking""","""Published""",8/9/2023 12:40
1082,100043,"""rutrum, justo.""","""vestibulum nec, euismod in, dolor. Fusce feugiat. Lorem ipsum dolor sit amet, consectetuer adipiscing elit. Aliquam auctor, velit eget laoreet""","""vegan""","""Snacks""","""Published""",12/13/2023 0:21
1083,100152,"""placerat, orci""","""quis diam. Pellentesque habitant morbi tristique senectus et netus et malesuada fames ac turpis egestas. Fusce aliquet magna a neque. Nullam ut nisi a""","""almonds, cheese""","""Snacks""","""Published""",4/22/2024 22:20
1084,100188,"""pretium neque.""","""non, vestibulum nec, euismod in, dolor. Fusce feugiat. Lorem ipsum dolor""","""pies""","""Steaming""","""Published""",8/11/2023 0:10
1085,100085,"""Sed et""","""tempus risus. Donec egestas. Duis ac arcu. Nunc mauris. Morbi non sapien molestie orci tincidunt adipiscing. Mauris molestie pharetra nibh. Aliquam ornare,""","""keto""","""Desserts""","""Draft""",5/11/2023 2:39
1086,100009,"""molestie tellus.""","""nec orci. Donec nibh. Quisque nonummy ipsum non arcu. Vivamus sit amet risus. Donec egestas. Aliquam nec enim. Nunc""","""cookies, beef""","""Baking""","""Published""",3/25/2024 8:46
1087,100169,"""libero mauris,""","""Cras dolor dolor, tempus non, lacinia at, iaculis quis, pede. Praesent eu""","""vegetables""","""Grilling""","""Draft""",10/26/2023 17:44
1088,100172,"""convallis in,""","""quis diam. Pellentesque habitant morbi tristique senectus et netus et malesuada fames ac turpis egestas. Fusce aliquet magna a neque. Nullam ut nisi a""","""vegan""","""Steaming""","""Draft""",3/3/2024 10:47
1089,100007,"""mattis ornare,""","""sit amet, dapibus id, blandit at, nisi. Cum sociis natoque penatibus et magnis dis parturient montes, nascetur ridiculus mus. Proin vel nisl.""","""cheese, cashews""","""Grilling""","""Published""",6/25/2023 22:34
1090,100043,"""Proin velit.""","""Sed diam lorem, auctor quis, tristique ac, eleifend vitae, erat. Vivamus nisi. Mauris nulla. Integer urna. Vivamus molestie dapibus ligula. Aliquam""","""pasta, walnuts""","""Boiling""","""Draft""",1/28/2024 10:43
1091,100137,"""id enim.""","""lobortis mauris. Suspendisse aliquet molestie tellus. Aenean egestas hendrerit neque. In ornare sagittis felis.""","""seafood, pasta""","""Boiling""","""Published""",9/14/2023 13:55
1092,100178,"""dolor. Quisque""","""lacus. Nulla tincidunt, neque vitae semper egestas, urna justo faucibus lectus, a sollicitudin orci sem eget massa. Suspendisse""","""vegan, bread""","""Cooking""","""Published""",1/7/2024 4:24
1093,100187,"""et nunc.""","""a, aliquet vel, vulputate eu, odio. Phasellus at augue id ante dictum cursus. Nunc mauris elit, dictum eu, eleifend nec, malesuada ut, sem.""","""vegetables, cocoa""","""Frying""","""Published""",12/13/2023 10:53
1094,100055,"""Nunc sollicitudin""","""elit, a feugiat tellus lorem eu metus. In lorem. Donec elementum, lorem ut aliquam iaculis, lacus pede sagittis augue, eu tempor""","""stews, cake""","""Frying""","""Draft""",7/22/2023 18:36
1095,100125,"""volutpat. Nulla""","""nibh. Aliquam ornare, libero at auctor ullamcorper, nisl arcu iaculis enim, sit amet ornare lectus justo""","""cookies, salads""","""Roasting""","""Published""",7/12/2023 6:34
1096,100034,"""nec metus""","""nulla. Integer vulputate, risus a ultricies adipiscing, enim mi tempor lorem, eget""","""muffins, pistachios""","""Grilling""","""Draft""",1/17/2024 1:16
1097,100176,"""at, egestas""","""Vivamus euismod urna. Nullam lobortis quam a felis ullamcorper viverra. Maecenas iaculis aliquet diam. Sed diam lorem,""","""brownie, butter""","""Poaching""","""Published""",12/30/2023 11:58
1098,100107,"""nisl. Nulla""","""risus. In mi pede, nonummy ut, molestie in, tempus eu, ligula. Aenean euismod mauris eu elit. Nulla facilisi. Sed neque. Sed""","""noodles, fasting""","""Frying""","""Draft""",12/24/2023 2:45
1099,100194,"""quis diam.""","""ante lectus convallis est, vitae sodales nisi magna sed dui.""","""chocolate, chicken""","""Desserts""","""Published""",2/26/2024 8:55
1100,100061,"""sagittis. Nullam""","""montes, nascetur ridiculus mus. Aenean eget magna. Suspendisse tristique neque venenatis lacus. Etiam bibendum fermentum metus. Aenean sed""","""vegetables, walnuts""","""Boiling""","""Published""",7/23/2023 14:48
1101,100048,"""penatibus et""","""quam vel sapien imperdiet ornare. In faucibus. Morbi vehicula. Pellentesque tincidunt tempus risus. Donec""","""walnuts""","""Sweets""","""Published""",5/24/2023 2:54
1102,100167,"""amet massa.""","""eget metus. In nec orci. Donec nibh. Quisque nonummy ipsum non""","""noodles, vegetables""","""Broiling""","""Draft""",1/23/2024 0:50
1103,100005,"""arcu ac""","""arcu vel quam dignissim pharetra. Nam ac nulla. In tincidunt congue turpis. In condimentum. Donec at arcu. Vestibulum ante""","""soups""","""Frying""","""Draft""",10/31/2023 2:12
1104,100118,"""tristique senectus""","""augue ac ipsum. Phasellus vitae mauris sit amet lorem semper auctor. Mauris vel turpis. Aliquam""","""salads, cookies""","""Grilling""","""Draft""",12/2/2023 12:15
1105,100111,"""mauris blandit""","""ut lacus. Nulla tincidunt, neque vitae semper egestas, urna justo faucibus lectus, a""","""seafood, salads""","""Desserts""","""Published""",4/22/2024 14:29
1106,100069,"""sem. Nulla""","""Pellentesque tincidunt tempus risus. Donec egestas. Duis ac arcu. Nunc mauris. Morbi non""","""cake, diet""","""Snacks""","""Draft""",5/22/2023 21:39
1107,100038,"""tellus faucibus""","""In mi pede, nonummy ut, molestie in, tempus eu, ligula. Aenean euismod mauris eu elit. Nulla facilisi. Sed neque. Sed eget lacus.""","""keto, diet""","""Broiling""","""Published""",10/7/2023 7:59
1108,100078,"""nisi. Cum""","""nulla. Integer urna. Vivamus molestie dapibus ligula. Aliquam erat volutpat. Nulla dignissim. Maecenas ornare egestas ligula. Nullam feugiat placerat velit.""","""vegetables""","""Baking""","""Draft""",8/31/2023 9:47
1109,100116,"""penatibus et""","""augue ac ipsum. Phasellus vitae mauris sit amet lorem semper auctor. Mauris vel turpis. Aliquam adipiscing lobortis risus. In mi""","""diet""","""Cooking""","""Published""",10/10/2023 6:28
1110,100177,"""Sed pharetra,""","""est tempor bibendum. Donec felis orci, adipiscing non, luctus sit amet, faucibus ut, nulla. Cras eu tellus eu augue porttitor""","""muffins""","""Boiling""","""Published""",6/16/2023 8:20
1111,100140,"""non quam.""","""mus. Aenean eget magna. Suspendisse tristique neque venenatis lacus. Etiam bibendum fermentum metus. Aenean sed pede""","""cookies, soups""","""Frying""","""Draft""",12/8/2023 20:49
1112,100107,"""ac mattis""","""vitae velit egestas lacinia. Sed congue, elit sed consequat auctor, nunc nulla vulputate dui, nec tempus mauris erat eget ipsum. Suspendisse sagittis.""","""butter, keto""","""Baking""","""Published""",3/12/2024 3:13
1113,100194,"""Donec feugiat""","""Curae Donec tincidunt. Donec vitae erat vel pede blandit congue. In scelerisque scelerisque dui. Suspendisse ac metus vitae velit egestas lacinia. Sed congue, elit""","""soups""","""Poaching""","""Draft""",8/4/2023 14:07
1114,100155,"""bibendum fermentum""","""diam dictum sapien. Aenean massa. Integer vitae nibh. Donec est mauris, rhoncus id, mollis nec, cursus a, enim. Suspendisse aliquet, sem ut cursus luctus,""","""pistachios, salads""","""Frying""","""Published""",3/3/2024 23:10
1115,100108,"""Suspendisse sagittis.""","""tincidunt, neque vitae semper egestas, urna justo faucibus lectus, a sollicitudin""","""muffins""","""Snacks""","""Published""",6/3/2023 21:53
1116,100056,"""gravida molestie""","""odio tristique pharetra. Quisque ac libero nec ligula consectetuer rhoncus. Nullam velit dui, semper et, lacinia vitae, sodales at, velit. Pellentesque ultricies dignissim""","""seafood""","""Baking""","""Draft""",11/26/2023 22:42
1117,100149,"""cursus. Integer""","""parturient montes, nascetur ridiculus mus. Proin vel arcu eu odio tristique pharetra. Quisque ac libero""","""bread""","""Salads""","""Draft""",5/9/2023 13:05
1118,100052,"""ut, pellentesque""","""amet nulla. Donec non justo. Proin non massa non ante bibendum ullamcorper.""","""salads""","""Braising""","""Published""",9/14/2023 22:29
1119,100060,"""Etiam vestibulum""","""hendrerit a, arcu. Sed et libero. Proin mi. Aliquam gravida mauris ut mi. Duis""","""pistachios, soups""","""Sweets""","""Draft""",6/2/2023 17:27
1120,100189,"""in, cursus""","""Nunc quis arcu vel quam dignissim pharetra. Nam ac nulla. In tincidunt congue turpis.""","""cheese cake, muffins""","""Sweets""","""Published""",3/17/2024 23:05
1121,100167,"""Duis volutpat""","""imperdiet nec, leo. Morbi neque tellus, imperdiet non, vestibulum nec, euismod in, dolor. Fusce feugiat. Lorem ipsum dolor""","""pies, pasta""","""Snacks""","""Published""",3/18/2024 13:17
1122,100079,"""vitae, orci.""","""non dui nec urna suscipit nonummy. Fusce fermentum fermentum arcu. Vestibulum ante ipsum primis in faucibus orci luctus""","""keto""","""Steaming""","""Published""",3/20/2024 4:04
1123,100106,"""aliquet odio.""","""sem egestas blandit. Nam nulla magna, malesuada vel, convallis in, cursus et, eros. Proin ultrices.""","""chocolate, butter""","""Frying""","""Published""",4/4/2024 22:26
1124,100080,"""semper auctor.""","""placerat, orci lacus vestibulum lorem, sit amet ultricies sem magna nec""","""muffins""","""Sweets""","""Published""",4/12/2024 16:04
1125,100177,"""Sed nunc""","""eget metus. In nec orci. Donec nibh. Quisque nonummy ipsum non arcu. Vivamus sit amet risus. Donec egestas. Aliquam nec""","""cake""","""Cooking""","""Draft""",3/21/2024 3:55
1126,100136,"""mi felis,""","""cursus. Nunc mauris elit, dictum eu, eleifend nec, malesuada ut, sem.""","""cake, cereals""","""Steaming""","""Draft""",2/7/2024 17:50
1127,100133,"""eros. Nam""","""Nam nulla magna, malesuada vel, convallis in, cursus et, eros.""","""cake""","""Poaching""","""Published""",10/7/2023 13:00
1128,100199,"""quis arcu""","""turpis egestas. Aliquam fringilla cursus purus. Nullam scelerisque neque sed sem egestas blandit. Nam""","""vegetables, bread""","""Roasting""","""Published""",12/13/2023 15:25
1129,100053,"""sociosqu ad""","""in, hendrerit consectetuer, cursus et, magna. Praesent interdum ligula eu enim.""","""seafood, vegetables""","""Frying""","""Draft""",3/27/2024 8:18
1130,100111,"""lobortis tellus""","""facilisis vitae, orci. Phasellus dapibus quam quis diam. Pellentesque habitant morbi tristique senectus et netus et malesuada fames ac turpis egestas. Fusce aliquet magna""","""diet, pie""","""Boiling""","""Draft""",2/9/2024 1:03
1131,100027,"""non, lacinia""","""libero. Proin sed turpis nec mauris blandit mattis. Cras eget nisi dictum augue malesuada malesuada. Integer id magna et ipsum cursus""","""sandwiches, healthy""","""Frying""","""Published""",8/12/2023 10:49
1132,100175,"""egestas, urna""","""magnis dis parturient montes, nascetur ridiculus mus. Aenean eget magna. Suspendisse tristique""","""multigrains""","""Snacks""","""Draft""",1/31/2024 18:32
1133,100034,"""imperdiet, erat""","""sapien, cursus in, hendrerit consectetuer, cursus et, magna. Praesent interdum ligula eu enim. Etiam imperdiet dictum magna. Ut tincidunt orci quis lectus.""","""pasta""","""Cooking""","""Published""",7/4/2023 2:56
1134,100013,"""at, velit.""","""libero et tristique pellentesque, tellus sem mollis dui, in sodales elit erat vitae risus. Duis a mi fringilla mi lacinia mattis. Integer eu lacus.""","""cookies""","""Desserts""","""Published""",10/30/2023 14:23
1135,100112,"""faucibus orci""","""neque sed sem egestas blandit. Nam nulla magna, malesuada vel, convallis in, cursus et,""","""pies""","""Desserts""","""Draft""",12/27/2023 3:49
1136,100196,"""convallis in,""","""commodo auctor velit. Aliquam nisl. Nulla eu neque pellentesque massa lobortis ultrices. Vivamus rhoncus. Donec est. Nunc""","""butter""","""Sweets""","""Published""",11/8/2023 1:46
1137,100008,"""arcu iaculis""","""ligula eu enim. Etiam imperdiet dictum magna. Ut tincidunt orci""","""diet""","""Steaming""","""Published""",7/10/2023 21:44
1138,100011,"""elit, pharetra""","""iaculis quis, pede. Praesent eu dui. Cum sociis natoque penatibus et magnis dis parturient montes, nascetur ridiculus""","""cheese""","""Sweets""","""Draft""",7/18/2023 10:48
1139,100134,"""metus. Aenean""","""ante dictum mi, ac mattis velit justo nec ante. Maecenas mi felis, adipiscing fringilla, porttitor""","""butter""","""Sweets""","""Published""",2/26/2024 2:59
1140,100013,"""mauris erat""","""nascetur ridiculus mus. Aenean eget magna. Suspendisse tristique neque venenatis lacus. Etiam bibendum fermentum metus. Aenean""","""lamb, desserts""","""Baking""","""Published""",8/20/2023 5:39
1141,100096,"""magna nec""","""tellus id nunc interdum feugiat. Sed nec metus facilisis lorem tristique aliquet. Phasellus fermentum convallis ligula. Donec luctus aliquet odio.""","""beef""","""Snacks""","""Published""",4/11/2024 16:27
1142,100046,"""Integer urna.""","""lectus justo eu arcu. Morbi sit amet massa. Quisque porttitor eros nec tellus. Nunc lectus pede,""","""stews""","""Braising""","""Draft""",7/12/2023 15:05
1143,100067,"""ornare. Fusce""","""malesuada malesuada. Integer id magna et ipsum cursus vestibulum. Mauris magna.""","""pasta""","""Sweets""","""Draft""",10/10/2023 14:31
1144,100194,"""sodales at,""","""vel quam dignissim pharetra. Nam ac nulla. In tincidunt congue turpis. In condimentum. Donec""","""pasta, vegan""","""Steaming""","""Draft""",6/15/2023 23:25
1145,100136,"""scelerisque dui.""","""eleifend non, dapibus rutrum, justo. Praesent luctus. Curabitur egestas nunc sed libero. Proin sed turpis nec mauris blandit mattis. Cras eget""","""healthy""","""Sweets""","""Published""",3/23/2024 3:33
1146,100011,"""nibh sit""","""at, iaculis quis, pede. Praesent eu dui. Cum sociis natoque penatibus et magnis dis parturient montes,""","""chocolate, fasting""","""Sweets""","""Published""",1/12/2024 2:28
1147,100147,"""turpis egestas.""","""nulla at sem molestie sodales. Mauris blandit enim consequat purus. Maecenas libero est, congue a, aliquet vel, vulputate""","""cheese""","""Boiling""","""Draft""",2/10/2024 8:47
1148,100168,"""varius ultrices,""","""adipiscing elit. Curabitur sed tortor. Integer aliquam adipiscing lacus. Ut nec urna et arcu imperdiet ullamcorper. Duis""","""brownie""","""Frying""","""Published""",9/6/2023 17:06
1149,100092,"""Cras convallis""","""In ornare sagittis felis. Donec tempor, est ac mattis semper, dui lectus rutrum urna, nec luctus felis purus ac tellus. Suspendisse sed""","""multigrains, pasta""","""Cooking""","""Published""",8/24/2023 20:45
1150,100177,"""faucibus lectus,""","""arcu. Nunc mauris. Morbi non sapien molestie orci tincidunt adipiscing. Mauris molestie pharetra nibh. Aliquam ornare, libero at auctor ullamcorper, nisl arcu iaculis enim,""","""keto""","""Salads""","""Published""",8/15/2023 22:24
1151,100131,"""urna. Vivamus""","""dictum ultricies ligula. Nullam enim. Sed nulla ante, iaculis nec,""","""seafood, pies""","""Poaching""","""Draft""",6/25/2023 8:08
1152,100127,"""nibh. Quisque""","""lacus pede sagittis augue, eu tempor erat neque non quam. Pellentesque habitant morbi tristique senectus et netus et""","""brownie, butter""","""Baking""","""Published""",5/30/2023 12:44
1153,100045,"""fermentum fermentum""","""diam eu dolor egestas rhoncus. Proin nisl sem, consequat nec, mollis vitae, posuere at, velit. Cras lorem lorem, luctus""","""desserts""","""Frying""","""Draft""",11/18/2023 21:35
1154,100143,"""arcu. Vestibulum""","""eu, ligula. Aenean euismod mauris eu elit. Nulla facilisi. Sed neque. Sed""","""desserts, brownie""","""Desserts""","""Draft""",12/5/2023 11:16
1155,100145,"""ac mattis""","""elit sed consequat auctor, nunc nulla vulputate dui, nec tempus mauris erat eget ipsum. Suspendisse sagittis. Nullam vitae diam. Proin dolor. Nulla""","""walnuts""","""Salads""","""Published""",12/8/2023 4:34
1156,100113,"""vel, mauris.""","""aliquet odio. Etiam ligula tortor, dictum eu, placerat eget, venenatis a, magna. Lorem ipsum dolor sit""","""muffins, cashews""","""Frying""","""Draft""",4/1/2024 10:58
1157,100005,"""id enim.""","""nonummy ipsum non arcu. Vivamus sit amet risus. Donec egestas. Aliquam nec enim. Nunc ut erat. Sed nunc""","""bread""","""Poaching""","""Draft""",8/14/2023 16:59
1158,100124,"""nascetur ridiculus""","""natoque penatibus et magnis dis parturient montes, nascetur ridiculus mus. Donec""","""cocoa""","""Desserts""","""Draft""",3/14/2024 22:00
1159,100192,"""Integer in""","""lacinia at, iaculis quis, pede. Praesent eu dui. Cum sociis natoque penatibus et magnis dis parturient montes, nascetur ridiculus""","""cheese""","""Steaming""","""Published""",9/4/2023 18:42
1160,100136,"""Praesent luctus.""","""aliquet, metus urna convallis erat, eget tincidunt dui augue eu tellus. Phasellus elit pede, malesuada vel, venenatis vel, faucibus id, libero. Donec consectetuer""","""chicken""","""Cooking""","""Draft""",10/8/2023 4:25
1161,100158,"""aliquam eros""","""Proin nisl sem, consequat nec, mollis vitae, posuere at, velit. Cras lorem lorem, luctus""","""vegan""","""Cooking""","""Draft""",10/25/2023 5:21
1162,100158,"""dolor dolor,""","""volutpat nunc sit amet metus. Aliquam erat volutpat. Nulla facilisis. Suspendisse commodo tincidunt nibh. Phasellus""","""cookies, walnuts""","""Braising""","""Draft""",8/4/2023 3:03
1163,100091,"""Fusce aliquet""","""eget, dictum placerat, augue. Sed molestie. Sed id risus quis diam luctus lobortis. Class""","""cake, vegetables""","""Frying""","""Published""",4/1/2024 5:43
1164,100183,"""libero. Proin""","""amet lorem semper auctor. Mauris vel turpis. Aliquam adipiscing lobortis risus. In mi pede, nonummy ut, molestie in, tempus eu,""","""chicken, walnuts""","""Baking""","""Draft""",8/1/2023 20:14
1165,100081,"""Phasellus dolor""","""Nullam velit dui, semper et, lacinia vitae, sodales at, velit. Pellentesque ultricies dignissim lacus. Aliquam rutrum lorem ac risus. Morbi metus. Vivamus euismod urna.""","""chicken""","""Roasting""","""Published""",11/24/2023 14:50
1166,100133,"""Donec fringilla.""","""dolor. Quisque tincidunt pede ac urna. Ut tincidunt vehicula risus. Nulla eget metus eu erat semper rutrum. Fusce dolor quam, elementum at, egestas a,""","""butter""","""Broiling""","""Published""",3/17/2024 0:06
1167,100080,"""Aliquam auctor,""","""tellus id nunc interdum feugiat. Sed nec metus facilisis lorem tristique aliquet. Phasellus""","""cheese cake, healthy""","""Sweets""","""Draft""",9/20/2023 23:45
1168,100038,"""sit amet,""","""Nunc sollicitudin commodo ipsum. Suspendisse non leo. Vivamus nibh dolor, nonummy ac, feugiat non, lobortis""","""healthy""","""Baking""","""Published""",7/23/2023 8:13
1169,100057,"""nec orci.""","""interdum ligula eu enim. Etiam imperdiet dictum magna. Ut tincidunt orci quis lectus. Nullam suscipit, est ac facilisis""","""cashews, keto""","""Braising""","""Published""",1/2/2024 12:39
1170,100005,"""luctus et""","""quis urna. Nunc quis arcu vel quam dignissim pharetra. Nam ac nulla. In tincidunt congue""","""noodles""","""Grilling""","""Draft""",3/28/2024 10:40
1171,100016,"""et libero.""","""Donec tincidunt. Donec vitae erat vel pede blandit congue. In scelerisque scelerisque dui. Suspendisse ac metus vitae velit egestas lacinia. Sed""","""bread, fasting""","""Boiling""","""Published""",2/27/2024 23:52
1172,100086,"""ipsum dolor""","""arcu. Vestibulum ut eros non enim commodo hendrerit. Donec porttitor tellus non magna.""","""cashews""","""Poaching""","""Published""",7/19/2023 9:37
1173,100176,"""penatibus et""","""tellus lorem eu metus. In lorem. Donec elementum, lorem ut aliquam iaculis,""","""multigrains, desserts""","""Frying""","""Draft""",6/10/2023 0:01
1174,100031,"""scelerisque scelerisque""","""risus. Duis a mi fringilla mi lacinia mattis. Integer eu lacus. Quisque imperdiet, erat nonummy ultricies ornare, elit elit fermentum risus, at fringilla purus""","""butter""","""Frying""","""Draft""",11/9/2023 11:05
1175,100012,"""nisi sem""","""lobortis mauris. Suspendisse aliquet molestie tellus. Aenean egestas hendrerit neque. In ornare sagittis felis. Donec tempor, est ac mattis semper, dui""","""vegetables""","""Salads""","""Draft""",10/16/2023 16:51
1176,100116,"""Phasellus fermentum""","""aliquet. Proin velit. Sed malesuada augue ut lacus. Nulla tincidunt, neque vitae semper egestas, urna justo""","""keto""","""Broiling""","""Draft""",9/19/2023 10:41
1177,100053,"""in molestie""","""elit. Etiam laoreet, libero et tristique pellentesque, tellus sem mollis dui, in sodales elit erat""","""muffins""","""Snacks""","""Draft""",4/27/2024 3:59
1178,100128,"""parturient montes,""","""ut erat. Sed nunc est, mollis non, cursus non, egestas a, dui. Cras pellentesque. Sed dictum. Proin eget odio. Aliquam vulputate ullamcorper magna. Sed""","""vegan, salads""","""Sweets""","""Draft""",6/16/2023 22:52
1179,100157,"""tempor erat""","""velit justo nec ante. Maecenas mi felis, adipiscing fringilla, porttitor vulputate, posuere vulputate,""","""sandwiches""","""Frying""","""Published""",10/15/2023 21:14
1180,100055,"""ante blandit""","""ultricies ornare, elit elit fermentum risus, at fringilla purus mauris a nunc. In at pede.""","""chicken""","""Steaming""","""Published""",8/9/2023 6:59
1181,100023,"""auctor non,""","""fermentum fermentum arcu. Vestibulum ante ipsum primis in faucibus orci luctus et ultrices posuere cubilia Curae Phasellus ornare. Fusce mollis. Duis sit amet diam eu""","""seafood, bread""","""Broiling""","""Published""",9/18/2023 3:58
1182,100042,"""adipiscing elit.""","""mollis. Duis sit amet diam eu dolor egestas rhoncus. Proin nisl sem, consequat nec, mollis vitae, posuere at, velit. Cras lorem lorem,""","""cake""","""Grilling""","""Draft""",9/28/2023 1:18
1183,100065,"""dui nec""","""euismod ac, fermentum vel, mauris. Integer sem elit, pharetra ut, pharetra sed, hendrerit a, arcu. Sed et libero.""","""muffins, cashews""","""Boiling""","""Published""",12/26/2023 18:47
1184,100009,"""Aliquam erat""","""Ut tincidunt vehicula risus. Nulla eget metus eu erat semper rutrum. Fusce dolor quam, elementum at, egestas a, scelerisque sed, sapien. Nunc pulvinar arcu""","""butter, cereals""","""Braising""","""Published""",7/28/2023 8:13
1185,100063,"""convallis ligula.""","""tristique pellentesque, tellus sem mollis dui, in sodales elit erat vitae risus. Duis a""","""sandwiches""","""Cooking""","""Draft""",7/1/2023 18:11
1186,100126,"""ante, iaculis""","""et magnis dis parturient montes, nascetur ridiculus mus. Donec dignissim magna a""","""seafood""","""Braising""","""Published""",6/12/2023 5:15
1187,100103,"""lacus. Nulla""","""imperdiet nec, leo. Morbi neque tellus, imperdiet non, vestibulum nec, euismod in, dolor. Fusce feugiat. Lorem ipsum dolor sit amet,""","""desserts, chicken""","""Desserts""","""Draft""",1/1/2024 22:27
1188,100022,"""mauris blandit""","""In lorem. Donec elementum, lorem ut aliquam iaculis, lacus pede sagittis augue, eu tempor erat neque non quam. Pellentesque""","""chocolate""","""Braising""","""Published""",7/26/2023 16:43
1189,100002,"""ut nisi""","""lacus vestibulum lorem, sit amet ultricies sem magna nec quam. Curabitur vel lectus. Cum sociis natoque penatibus et magnis""","""bread""","""Grilling""","""Published""",3/7/2024 22:26
1190,100161,"""libero mauris,""","""vel turpis. Aliquam adipiscing lobortis risus. In mi pede, nonummy ut, molestie in,""","""pasta""","""Broiling""","""Published""",7/10/2023 0:24
1191,100105,"""euismod enim.""","""Phasellus libero mauris, aliquam eu, accumsan sed, facilisis vitae, orci. Phasellus dapibus quam quis diam. Pellentesque habitant morbi tristique senectus et netus et malesuada fames""","""pistachios, fasting""","""Snacks""","""Draft""",2/3/2024 5:47
1192,100002,"""pede sagittis""","""ultrices posuere cubilia Curae Donec tincidunt. Donec vitae erat vel pede blandit congue. In scelerisque scelerisque dui. Suspendisse""","""cookies, eggs""","""Boiling""","""Published""",11/3/2023 19:04
1193,100151,"""sem eget""","""lacinia. Sed congue, elit sed consequat auctor, nunc nulla vulputate dui, nec tempus mauris""","""chicken, eggs""","""Poaching""","""Draft""",9/10/2023 17:29
1194,100125,"""diam. Pellentesque""","""feugiat. Sed nec metus facilisis lorem tristique aliquet. Phasellus fermentum convallis ligula. Donec luctus aliquet odio. Etiam ligula tortor,""","""cheese, noodles""","""Baking""","""Draft""",4/19/2024 8:33
1195,100042,"""vitae, posuere""","""nibh vulputate mauris sagittis placerat. Cras dictum ultricies ligula. Nullam enim. Sed nulla ante, iaculis nec, eleifend non, dapibus rutrum, justo.""","""butter""","""Cooking""","""Draft""",11/25/2023 6:03
1196,100144,"""ipsum primis""","""blandit viverra. Donec tempus, lorem fringilla ornare placerat, orci lacus""","""noodles, brownie""","""Frying""","""Published""",4/17/2024 10:58
1197,100158,"""augue id""","""fringilla ornare placerat, orci lacus vestibulum lorem, sit amet ultricies sem magna nec quam. Curabitur vel lectus. Cum sociis natoque""","""cookies, cereals""","""Baking""","""Published""",9/11/2023 5:27
1198,100027,"""quis massa.""","""Pellentesque ut ipsum ac mi eleifend egestas. Sed pharetra, felis eget varius ultrices, mauris ipsum porta elit, a feugiat tellus lorem eu metus.""","""pasta""","""Grilling""","""Draft""",5/10/2023 18:50
1199,100150,"""Donec feugiat""","""ac, feugiat non, lobortis quis, pede. Suspendisse dui. Fusce diam nunc,""","""cake, seafood""","""Roasting""","""Published""",1/13/2024 3:20
1200,100013,"""parturient montes,""","""orci lacus vestibulum lorem, sit amet ultricies sem magna nec quam. Curabitur vel lectus. Cum sociis natoque penatibus et magnis dis parturient""","""pasta, healthy""","""Steaming""","""Draft""",11/3/2023 10:12
1201,100189,"""Phasellus fermentum""","""enim. Nunc ut erat. Sed nunc est, mollis non, cursus non, egestas a, dui.""","""cookies, cake""","""Grilling""","""Draft""",7/19/2023 0:46
1202,100082,"""eu turpis.""","""malesuada vel, convallis in, cursus et, eros. Proin ultrices. Duis volutpat nunc sit""","""pasta, chocolate""","""Steaming""","""Published""",12/23/2023 9:36
1203,100063,"""nec, eleifend""","""nisl. Nulla eu neque pellentesque massa lobortis ultrices. Vivamus rhoncus. Donec est. Nunc ullamcorper, velit in aliquet lobortis, nisi nibh lacinia orci,""","""vegan""","""Braising""","""Published""",8/13/2023 23:33
1204,100186,"""augue porttitor""","""lorem, luctus ut, pellentesque eget, dictum placerat, augue. Sed molestie. Sed id risus""","""beef""","""Steaming""","""Draft""",9/29/2023 0:03
1205,100018,"""Vivamus nibh""","""cursus. Nunc mauris elit, dictum eu, eleifend nec, malesuada ut, sem. Nulla interdum. Curabitur dictum. Phasellus in felis. Nulla tempor augue""","""almonds""","""Roasting""","""Published""",5/8/2023 13:42
1206,100068,"""at lacus.""","""non enim. Mauris quis turpis vitae purus gravida sagittis. Duis gravida. Praesent eu nulla at sem molestie sodales. Mauris blandit enim consequat purus. Maecenas""","""eggs, stews""","""Salads""","""Draft""",5/13/2023 11:38
1207,100022,"""elementum sem,""","""placerat velit. Quisque varius. Nam porttitor scelerisque neque. Nullam nisl. Maecenas malesuada fringilla est. Mauris eu turpis. Nulla aliquet. Proin velit. Sed malesuada augue ut""","""pies""","""Broiling""","""Draft""",4/29/2024 8:46
1208,100098,"""Duis sit""","""ornare, elit elit fermentum risus, at fringilla purus mauris a nunc. In at pede. Cras vulputate velit eu sem. Pellentesque ut ipsum ac mi eleifend""","""healthy""","""Frying""","""Published""",3/14/2024 9:07
1209,100026,"""risus. Duis""","""amet lorem semper auctor. Mauris vel turpis. Aliquam adipiscing lobortis risus. In""","""cheese cake""","""Broiling""","""Draft""",3/14/2024 2:09
1210,100193,"""commodo at,""","""rhoncus. Donec est. Nunc ullamcorper, velit in aliquet lobortis, nisi nibh lacinia orci,""","""cake, noodles""","""Desserts""","""Published""",3/27/2024 22:21
1211,100195,"""pede. Cras""","""metus. In nec orci. Donec nibh. Quisque nonummy ipsum non arcu. Vivamus sit""","""pistachios""","""Desserts""","""Draft""",9/5/2023 19:54
1212,100153,"""Integer tincidunt""","""orci. Ut semper pretium neque. Morbi quis urna. Nunc quis arcu vel quam""","""keto""","""Frying""","""Draft""",10/24/2023 9:26
1213,100024,"""netus et""","""nulla at sem molestie sodales. Mauris blandit enim consequat purus. Maecenas libero est, congue a, aliquet""","""cocoa, vegetables""","""Broiling""","""Draft""",1/20/2024 5:16
1214,100044,"""nascetur ridiculus""","""aptent taciti sociosqu ad litora torquent per conubia nostra, per inceptos hymenaeos. Mauris ut quam vel sapien imperdiet ornare. In faucibus. Morbi vehicula.""","""butter""","""Snacks""","""Draft""",9/6/2023 1:58
1215,100171,"""fringilla mi""","""consequat purus. Maecenas libero est, congue a, aliquet vel, vulputate eu, odio. Phasellus at augue""","""keto""","""Grilling""","""Published""",4/17/2024 9:35
1216,100023,"""Pellentesque ultricies""","""nec tempus mauris erat eget ipsum. Suspendisse sagittis. Nullam vitae diam. Proin dolor. Nulla semper tellus id nunc""","""soups""","""Cooking""","""Published""",7/1/2023 16:01
1217,100077,"""diam nunc,""","""Curabitur dictum. Phasellus in felis. Nulla tempor augue ac ipsum. Phasellus vitae mauris sit amet lorem semper auctor.""","""chicken, healthy""","""Grilling""","""Published""",6/27/2023 15:15
1218,100047,"""aliquet vel,""","""ipsum dolor sit amet, consectetuer adipiscing elit. Etiam laoreet, libero et tristique pellentesque, tellus sem mollis dui, in""","""pies""","""Braising""","""Published""",8/26/2023 8:00
1219,100070,"""egestas ligula.""","""lorem, sit amet ultricies sem magna nec quam. Curabitur vel lectus. Cum sociis""","""brownie, vegan""","""Poaching""","""Published""",8/30/2023 17:14
1220,100134,"""rhoncus. Donec""","""et, eros. Proin ultrices. Duis volutpat nunc sit amet metus. Aliquam erat volutpat. Nulla""","""pizza, diet""","""Roasting""","""Draft""",3/8/2024 14:24
1221,100133,"""lacus. Quisque""","""eleifend nec, malesuada ut, sem. Nulla interdum. Curabitur dictum. Phasellus in felis. Nulla tempor augue ac ipsum. Phasellus vitae mauris sit amet lorem semper""","""cocoa""","""Cooking""","""Published""",1/30/2024 16:57
1222,100040,"""tempus mauris""","""laoreet, libero et tristique pellentesque, tellus sem mollis dui, in sodales elit erat""","""butter""","""Boiling""","""Draft""",12/13/2023 15:20
1223,100007,"""et libero.""","""vulputate mauris sagittis placerat. Cras dictum ultricies ligula. Nullam enim. Sed nulla ante, iaculis nec, eleifend non, dapibus rutrum, justo. Praesent luctus. Curabitur""","""pies, soups""","""Boiling""","""Published""",9/13/2023 12:13
1224,100075,"""eu turpis.""","""Duis ac arcu. Nunc mauris. Morbi non sapien molestie orci tincidunt adipiscing. Mauris molestie pharetra nibh. Aliquam ornare, libero""","""stews""","""Salads""","""Draft""",7/2/2023 23:31
1225,100015,"""odio. Nam""","""sapien imperdiet ornare. In faucibus. Morbi vehicula. Pellentesque tincidunt tempus risus. Donec egestas. Duis ac arcu. Nunc mauris. Morbi non sapien molestie orci""","""vegan""","""Frying""","""Published""",8/7/2023 15:04
1226,100018,"""amet, consectetuer""","""malesuada fames ac turpis egestas. Fusce aliquet magna a neque. Nullam""","""vegetables""","""Roasting""","""Draft""",12/15/2023 14:48
1227,100032,"""Aenean sed""","""amet metus. Aliquam erat volutpat. Nulla facilisis. Suspendisse commodo tincidunt nibh. Phasellus nulla. Integer""","""keto""","""Poaching""","""Draft""",5/20/2023 3:50
1228,100166,"""iaculis enim,""","""scelerisque neque sed sem egestas blandit. Nam nulla magna, malesuada vel, convallis in, cursus et, eros. Proin""","""cheese, pies""","""Baking""","""Published""",1/24/2024 16:25
1229,100102,"""faucibus orci""","""quam quis diam. Pellentesque habitant morbi tristique senectus et netus et malesuada fames ac""","""vegan""","""Cooking""","""Draft""",10/6/2023 22:53
1230,100118,"""metus. Aliquam""","""Nunc mauris elit, dictum eu, eleifend nec, malesuada ut, sem. Nulla interdum. Curabitur dictum. Phasellus in felis. Nulla tempor augue""","""butter""","""Boiling""","""Published""",1/10/2024 12:18
1231,100178,"""Aliquam fringilla""","""arcu. Morbi sit amet massa. Quisque porttitor eros nec tellus. Nunc lectus pede, ultrices""","""walnuts, stews""","""Snacks""","""Published""",12/7/2023 1:35
1232,100120,"""enim. Mauris""","""Praesent luctus. Curabitur egestas nunc sed libero. Proin sed turpis nec mauris""","""beef""","""Cooking""","""Published""",5/29/2023 6:28
1233,100144,"""nunc est,""","""Phasellus nulla. Integer vulputate, risus a ultricies adipiscing, enim mi""","""healthy, walnuts""","""Poaching""","""Draft""",8/21/2023 21:20
1234,100050,"""orci. Ut""","""In tincidunt congue turpis. In condimentum. Donec at arcu. Vestibulum ante ipsum primis""","""noodles""","""Sweets""","""Draft""",8/16/2023 8:35
1235,100092,"""neque pellentesque""","""euismod et, commodo at, libero. Morbi accumsan laoreet ipsum. Curabitur consequat, lectus sit amet luctus vulputate, nisi sem semper erat, in consectetuer ipsum nunc id""","""seafood""","""Salads""","""Published""",6/25/2023 8:32
1236,100093,"""tempor lorem,""","""Nam nulla magna, malesuada vel, convallis in, cursus et, eros. Proin ultrices. Duis volutpat nunc sit amet metus. Aliquam""","""bread, diet""","""Frying""","""Draft""",11/25/2023 16:22
1237,100004,"""adipiscing. Mauris""","""sociis natoque penatibus et magnis dis parturient montes, nascetur ridiculus mus. Proin vel arcu eu odio tristique pharetra. Quisque ac""","""salads""","""Poaching""","""Draft""",6/9/2023 9:26
1238,100159,"""enim mi""","""at arcu. Vestibulum ante ipsum primis in faucibus orci luctus et ultrices posuere cubilia Curae Donec tincidunt. Donec vitae erat vel pede""","""cheese cake""","""Broiling""","""Draft""",2/17/2024 6:24
1239,100162,"""pellentesque massa""","""neque sed sem egestas blandit. Nam nulla magna, malesuada vel, convallis in, cursus et, eros. Proin ultrices. Duis volutpat nunc sit""","""chicken, keto""","""Roasting""","""Published""",9/25/2023 4:07
1240,100165,"""ullamcorper. Duis""","""lorem, luctus ut, pellentesque eget, dictum placerat, augue. Sed molestie. Sed id risus quis diam luctus lobortis. Class aptent taciti""","""cheese, pies""","""Broiling""","""Published""",7/9/2023 9:24
1241,100095,"""fermentum metus.""","""augue malesuada malesuada. Integer id magna et ipsum cursus vestibulum. Mauris magna. Duis""","""pies""","""Desserts""","""Published""",1/6/2024 7:57
1242,100051,"""nonummy ut,""","""Fusce feugiat. Lorem ipsum dolor sit amet, consectetuer adipiscing elit. Aliquam auctor,""","""almonds""","""Roasting""","""Draft""",8/21/2023 16:31
1243,100172,"""Mauris ut""","""euismod urna. Nullam lobortis quam a felis ullamcorper viverra. Maecenas iaculis aliquet diam. Sed diam lorem, auctor quis,""","""noodles""","""Salads""","""Draft""",1/18/2024 17:42
1244,100196,"""quis lectus.""","""odio tristique pharetra. Quisque ac libero nec ligula consectetuer rhoncus. Nullam velit dui, semper et,""","""vegan, soups""","""Snacks""","""Draft""",11/6/2023 20:19
1245,100013,"""vestibulum massa""","""Quisque tincidunt pede ac urna. Ut tincidunt vehicula risus. Nulla eget metus eu erat semper rutrum. Fusce dolor quam, elementum at,""","""pasta, almonds""","""Steaming""","""Draft""",1/21/2024 2:45
1246,100167,"""arcu et""","""non lorem vitae odio sagittis semper. Nam tempor diam dictum sapien. Aenean massa. Integer vitae nibh. Donec est mauris,""","""multigrains, soups""","""Grilling""","""Draft""",10/16/2023 16:45
1247,100085,"""ultricies ornare,""","""laoreet lectus quis massa. Mauris vestibulum, neque sed dictum eleifend, nunc""","""cocoa, healthy""","""Desserts""","""Published""",6/24/2023 13:29
1248,100007,"""velit dui,""","""luctus ut, pellentesque eget, dictum placerat, augue. Sed molestie. Sed id risus quis diam""","""vegetables, bread""","""Roasting""","""Published""",9/1/2023 17:29
1249,100004,"""Nam interdum""","""augue scelerisque mollis. Phasellus libero mauris, aliquam eu, accumsan sed, facilisis vitae, orci. Phasellus dapibus quam quis diam. Pellentesque""","""muffins""","""Roasting""","""Published""",5/14/2023 2:03
1250,100032,"""eleifend nec,""","""dolor sit amet, consectetuer adipiscing elit. Aliquam auctor, velit eget laoreet posuere, enim nisl elementum purus,""","""chicken""","""Boiling""","""Published""",12/30/2023 16:23
1251,100010,"""ipsum primis""","""consequat nec, mollis vitae, posuere at, velit. Cras lorem lorem, luctus ut, pellentesque eget,""","""pie, beef""","""Steaming""","""Published""",4/15/2024 21:14
1252,100069,"""Ut tincidunt""","""sed pede nec ante blandit viverra. Donec tempus, lorem fringilla ornare placerat,""","""pie, diet""","""Salads""","""Published""",6/17/2023 1:55
1253,100125,"""habitant morbi""","""Nullam feugiat placerat velit. Quisque varius. Nam porttitor scelerisque neque. Nullam nisl. Maecenas malesuada fringilla est. Mauris eu turpis. Nulla""","""pasta, chocolate""","""Braising""","""Published""",2/3/2024 4:20
1254,100092,"""commodo auctor""","""blandit viverra. Donec tempus, lorem fringilla ornare placerat, orci lacus vestibulum lorem,""","""almonds, pasta""","""Salads""","""Draft""",5/9/2023 15:45
1255,100023,"""faucibus id,""","""non enim commodo hendrerit. Donec porttitor tellus non magna. Nam ligula elit, pretium""","""muffins, pie""","""Cooking""","""Published""",12/22/2023 8:52
1256,100186,"""imperdiet non,""","""Pellentesque habitant morbi tristique senectus et netus et malesuada fames ac turpis egestas. Fusce aliquet magna a neque. Nullam ut nisi a odio semper""","""pies, seafood""","""Roasting""","""Published""",5/3/2024 8:54
1257,100078,"""lobortis. Class""","""at fringilla purus mauris a nunc. In at pede. Cras vulputate velit eu sem. Pellentesque ut ipsum ac""","""keto, pistachios""","""Boiling""","""Published""",10/8/2023 13:33
1258,100032,"""lorem, luctus""","""quis, tristique ac, eleifend vitae, erat. Vivamus nisi. Mauris nulla. Integer urna. Vivamus molestie dapibus ligula. Aliquam erat volutpat. Nulla dignissim. Maecenas ornare""","""fasting, lamb""","""Steaming""","""Draft""",10/8/2023 5:37
1259,100054,"""lectus. Nullam""","""orci lobortis augue scelerisque mollis. Phasellus libero mauris, aliquam eu,""","""soups, chocolate""","""Broiling""","""Published""",6/20/2023 4:48
1260,100155,"""eget odio.""","""Nulla tincidunt, neque vitae semper egestas, urna justo faucibus lectus, a sollicitudin orci sem eget massa. Suspendisse eleifend. Cras sed leo. Cras""","""diet""","""Steaming""","""Draft""",6/28/2023 11:11
1261,100143,"""sed leo.""","""dignissim lacus. Aliquam rutrum lorem ac risus. Morbi metus. Vivamus euismod urna. Nullam lobortis""","""vegan, cocoa""","""Braising""","""Draft""",1/16/2024 7:46
1262,100174,"""habitant morbi""","""neque. In ornare sagittis felis. Donec tempor, est ac mattis semper, dui lectus rutrum urna, nec luctus""","""cereals, lamb""","""Roasting""","""Draft""",12/12/2023 3:11
1263,100143,"""luctus, ipsum""","""elit, pretium et, rutrum non, hendrerit id, ante. Nunc mauris sapien, cursus in,""","""cake""","""Grilling""","""Published""",4/12/2024 10:16
1264,100122,"""cursus in,""","""ut, nulla. Cras eu tellus eu augue porttitor interdum. Sed auctor odio a purus. Duis elementum, dui quis""","""pasta""","""Roasting""","""Draft""",5/10/2023 23:48
1265,100056,"""Maecenas iaculis""","""Nam ligula elit, pretium et, rutrum non, hendrerit id, ante. Nunc mauris sapien, cursus in, hendrerit consectetuer, cursus et, magna. Praesent interdum""","""pasta""","""Desserts""","""Draft""",5/22/2023 21:06
1266,100021,"""Nullam feugiat""","""penatibus et magnis dis parturient montes, nascetur ridiculus mus. Proin vel arcu eu odio tristique pharetra. Quisque ac libero nec ligula consectetuer rhoncus. Nullam""","""fasting, salads""","""Braising""","""Published""",4/22/2024 20:36
1267,100062,"""Nullam nisl.""","""Etiam imperdiet dictum magna. Ut tincidunt orci quis lectus. Nullam suscipit, est ac""","""pizza""","""Cooking""","""Published""",1/27/2024 14:23
1268,100111,"""diam. Pellentesque""","""mauris elit, dictum eu, eleifend nec, malesuada ut, sem. Nulla interdum.""","""salads""","""Baking""","""Published""",7/11/2023 11:58
1269,100051,"""In faucibus.""","""purus. Maecenas libero est, congue a, aliquet vel, vulputate eu, odio. Phasellus at augue id ante""","""cake""","""Grilling""","""Draft""",10/11/2023 12:00
1270,100186,"""Sed eget""","""nisl. Nulla eu neque pellentesque massa lobortis ultrices. Vivamus rhoncus. Donec est. Nunc ullamcorper, velit in""","""pistachios, diet""","""Poaching""","""Published""",6/26/2023 20:03
1271,100088,"""a neque.""","""In scelerisque scelerisque dui. Suspendisse ac metus vitae velit egestas lacinia. Sed congue, elit sed consequat auctor, nunc nulla vulputate dui,""","""stews""","""Sweets""","""Published""",8/24/2023 2:59
1272,100141,"""nec ante.""","""lectus. Nullam suscipit, est ac facilisis facilisis, magna tellus faucibus leo, in lobortis tellus justo sit amet nulla. Donec non justo.""","""pasta""","""Poaching""","""Draft""",2/27/2024 20:25
1273,100180,"""auctor odio""","""in magna. Phasellus dolor elit, pellentesque a, facilisis non, bibendum""","""pie, muffins""","""Steaming""","""Draft""",9/24/2023 19:39
1274,100181,"""nec ante""","""lectus. Cum sociis natoque penatibus et magnis dis parturient montes, nascetur ridiculus mus. Donec dignissim magna a tortor. Nunc commodo auctor velit.""","""keto""","""Broiling""","""Draft""",2/22/2024 0:22
1275,100111,"""elit sed""","""mauris. Integer sem elit, pharetra ut, pharetra sed, hendrerit a, arcu. Sed et libero. Proin mi. Aliquam gravida mauris""","""brownie, muffins""","""Steaming""","""Draft""",12/25/2023 18:09
1276,100193,"""eget tincidunt""","""ligula elit, pretium et, rutrum non, hendrerit id, ante. Nunc mauris sapien, cursus in, hendrerit consectetuer, cursus et, magna. Praesent interdum ligula eu""","""sandwiches, lamb""","""Steaming""","""Published""",5/24/2023 3:56
1277,100045,"""quam. Curabitur""","""faucibus leo, in lobortis tellus justo sit amet nulla. Donec non justo. Proin non massa non ante bibendum ullamcorper. Duis cursus, diam""","""healthy, pizza""","""Roasting""","""Draft""",5/29/2023 12:36
1278,100012,"""lectus pede,""","""malesuada fringilla est. Mauris eu turpis. Nulla aliquet. Proin velit. Sed malesuada augue ut lacus.""","""sandwiches, eggs""","""Boiling""","""Draft""",11/23/2023 17:47
1279,100149,"""Curae Donec""","""velit. Pellentesque ultricies dignissim lacus. Aliquam rutrum lorem ac risus. Morbi metus. Vivamus euismod urna. Nullam lobortis quam a""","""pasta, eggs""","""Baking""","""Published""",7/20/2023 10:01
1280,100194,"""elementum, lorem""","""ac ipsum. Phasellus vitae mauris sit amet lorem semper auctor. Mauris""","""cocoa""","""Roasting""","""Published""",2/18/2024 15:27
1281,100138,"""magna. Suspendisse""","""Quisque imperdiet, erat nonummy ultricies ornare, elit elit fermentum risus, at fringilla purus mauris a nunc. In""","""vegan""","""Frying""","""Draft""",10/12/2023 8:08
1282,100101,"""eget, venenatis""","""elementum, lorem ut aliquam iaculis, lacus pede sagittis augue, eu tempor erat neque non quam. Pellentesque habitant morbi tristique senectus et netus""","""fasting""","""Roasting""","""Published""",11/15/2023 4:14
1283,100055,"""sed pede.""","""eu arcu. Morbi sit amet massa. Quisque porttitor eros nec""","""vegetables""","""Baking""","""Draft""",8/11/2023 2:09
1284,100005,"""et ipsum""","""purus mauris a nunc. In at pede. Cras vulputate velit eu sem. Pellentesque ut ipsum ac mi eleifend egestas. Sed pharetra, felis""","""sandwiches""","""Baking""","""Draft""",9/16/2023 12:56
1285,100002,"""dignissim lacus.""","""urna. Ut tincidunt vehicula risus. Nulla eget metus eu erat semper""","""pizza, chocolate""","""Braising""","""Draft""",11/11/2023 11:24
1286,100081,"""sed turpis""","""odio, auctor vitae, aliquet nec, imperdiet nec, leo. Morbi neque tellus, imperdiet non, vestibulum nec,""","""cereals, fasting""","""Salads""","""Published""",7/1/2023 11:55
1287,100068,"""elementum purus,""","""Donec tincidunt. Donec vitae erat vel pede blandit congue. In scelerisque scelerisque dui. Suspendisse ac metus vitae velit""","""pizza, pasta""","""Boiling""","""Draft""",2/9/2024 6:07
1288,100118,"""semper. Nam""","""ultrices posuere cubilia Curae Phasellus ornare. Fusce mollis. Duis sit amet diam eu dolor egestas rhoncus. Proin nisl sem, consequat nec, mollis vitae,""","""walnuts, almonds""","""Roasting""","""Published""",2/12/2024 0:23
1289,100044,"""risus. Duis""","""sed turpis nec mauris blandit mattis. Cras eget nisi dictum augue malesuada malesuada. Integer id magna et ipsum cursus vestibulum. Mauris magna. Duis dignissim""","""lamb, vegan""","""Snacks""","""Draft""",2/12/2024 16:29
1290,100120,"""gravida sit""","""Duis dignissim tempor arcu. Vestibulum ut eros non enim commodo hendrerit. Donec porttitor tellus non magna. Nam ligula""","""pasta""","""Sweets""","""Published""",9/18/2023 3:56
1291,100192,"""imperdiet non,""","""pretium aliquet, metus urna convallis erat, eget tincidunt dui augue eu tellus. Phasellus elit pede, malesuada vel, venenatis""","""stews""","""Cooking""","""Draft""",3/13/2024 20:37
1292,100075,"""et magnis""","""primis in faucibus orci luctus et ultrices posuere cubilia Curae Donec tincidunt. Donec vitae erat vel pede blandit congue. In scelerisque scelerisque dui.""","""cheese, multigrains""","""Frying""","""Draft""",3/2/2024 17:18
1293,100096,"""nunc id""","""ut, pharetra sed, hendrerit a, arcu. Sed et libero. Proin mi. Aliquam gravida mauris ut mi. Duis risus odio,""","""lamb, cashews""","""Baking""","""Draft""",6/7/2023 18:53
1294,100188,"""sapien. Nunc""","""sollicitudin orci sem eget massa. Suspendisse eleifend. Cras sed leo. Cras vehicula aliquet libero.""","""chicken""","""Salads""","""Published""",4/12/2024 4:47
1295,100111,"""posuere cubilia""","""a, dui. Cras pellentesque. Sed dictum. Proin eget odio. Aliquam vulputate ullamcorper magna. Sed eu eros. Nam consequat dolor vitae""","""pasta""","""Cooking""","""Draft""",3/9/2024 17:47
1296,100089,"""Quisque purus""","""odio semper cursus. Integer mollis. Integer tincidunt aliquam arcu. Aliquam ultrices""","""brownie, pasta""","""Snacks""","""Draft""",5/26/2023 17:01
1297,100014,"""gravida. Aliquam""","""mauris eu elit. Nulla facilisi. Sed neque. Sed eget lacus. Mauris non dui nec urna""","""cereals, butter""","""Desserts""","""Published""",6/2/2023 4:33
1298,100074,"""molestie arcu.""","""augue ac ipsum. Phasellus vitae mauris sit amet lorem semper auctor. Mauris vel turpis. Aliquam adipiscing lobortis risus.""","""cocoa""","""Roasting""","""Published""",4/29/2024 1:56
1299,100156,"""tincidunt vehicula""","""penatibus et magnis dis parturient montes, nascetur ridiculus mus. Donec dignissim magna a tortor. Nunc commodo""","""pistachios, lamb""","""Desserts""","""Draft""",11/28/2023 15:29
1300,100188,"""eleifend, nunc""","""gravida nunc sed pede. Cum sociis natoque penatibus et magnis dis parturient montes, nascetur ridiculus mus. Proin vel arcu eu odio""","""vegan""","""Salads""","""Draft""",1/26/2024 15:50
1301,100025,"""lorem vitae""","""Quisque imperdiet, erat nonummy ultricies ornare, elit elit fermentum risus, at fringilla purus mauris a nunc. In at pede.""","""stews""","""Frying""","""Draft""",1/27/2024 10:24
1302,100147,"""eget, venenatis""","""neque sed dictum eleifend, nunc risus varius orci, in consequat enim diam""","""butter""","""Salads""","""Draft""",12/29/2023 7:14
1303,100091,"""rutrum magna.""","""velit egestas lacinia. Sed congue, elit sed consequat auctor, nunc nulla vulputate dui, nec tempus mauris erat eget ipsum. Suspendisse sagittis. Nullam""","""pie""","""Boiling""","""Draft""",6/20/2023 11:42
1304,100193,"""erat semper""","""volutpat. Nulla facilisis. Suspendisse commodo tincidunt nibh. Phasellus nulla. Integer""","""pistachios, cashews""","""Braising""","""Published""",10/17/2023 2:42
1305,100100,"""feugiat nec,""","""cursus et, eros. Proin ultrices. Duis volutpat nunc sit amet metus. Aliquam erat volutpat. Nulla facilisis.""","""butter""","""Boiling""","""Draft""",1/3/2024 6:53
1306,100035,"""arcu vel""","""Nunc ut erat. Sed nunc est, mollis non, cursus non, egestas a, dui. Cras pellentesque. Sed dictum.""","""pasta""","""Cooking""","""Draft""",5/28/2023 0:49
1307,100110,"""sapien. Aenean""","""Curae Phasellus ornare. Fusce mollis. Duis sit amet diam eu dolor egestas rhoncus. Proin nisl sem, consequat nec, mollis""","""stews, soups""","""Poaching""","""Draft""",3/12/2024 10:37
1308,100053,"""odio tristique""","""fringilla ornare placerat, orci lacus vestibulum lorem, sit amet ultricies sem magna nec quam. Curabitur vel lectus. Cum sociis natoque penatibus et magnis dis parturient""","""multigrains""","""Grilling""","""Published""",4/13/2024 6:24
1309,100039,"""venenatis vel,""","""sit amet ante. Vivamus non lorem vitae odio sagittis semper. Nam tempor diam dictum sapien. Aenean massa. Integer vitae nibh. Donec est mauris,""","""pie, cake""","""Cooking""","""Published""",2/11/2024 3:29
1310,100097,"""Suspendisse eleifend.""","""euismod ac, fermentum vel, mauris. Integer sem elit, pharetra ut, pharetra sed, hendrerit a, arcu. Sed et libero. Proin mi. Aliquam gravida mauris""","""pie""","""Snacks""","""Published""",8/22/2023 4:45
1311,100196,"""Aliquam adipiscing""","""morbi tristique senectus et netus et malesuada fames ac turpis egestas. Aliquam fringilla cursus purus. Nullam scelerisque neque""","""cookies""","""Cooking""","""Draft""",5/2/2024 17:41
1312,100155,"""dapibus quam""","""ut quam vel sapien imperdiet ornare. In faucibus. Morbi vehicula.""","""muffins""","""Poaching""","""Published""",9/22/2023 19:24
1313,100015,"""non quam.""","""Quisque purus sapien, gravida non, sollicitudin a, malesuada id, erat. Etiam vestibulum massa rutrum magna. Cras convallis convallis""","""brownie, pie""","""Cooking""","""Draft""",10/16/2023 7:50
1314,100027,"""enim. Suspendisse""","""pellentesque massa lobortis ultrices. Vivamus rhoncus. Donec est. Nunc ullamcorper, velit in aliquet lobortis, nisi nibh lacinia orci, consectetuer euismod est""","""cocoa, pistachios""","""Roasting""","""Draft""",6/3/2023 23:13
1315,100135,"""Aliquam nec""","""et, rutrum eu, ultrices sit amet, risus. Donec nibh enim, gravida sit amet, dapibus id, blandit at, nisi. Cum sociis natoque penatibus et""","""desserts, cocoa""","""Steaming""","""Draft""",4/22/2024 11:17
1316,100081,"""purus, in""","""pede. Nunc sed orci lobortis augue scelerisque mollis. Phasellus libero mauris, aliquam eu, accumsan sed, facilisis vitae, orci.""","""soups""","""Boiling""","""Published""",7/19/2023 8:39
1317,100175,"""felis purus""","""eget, ipsum. Donec sollicitudin adipiscing ligula. Aenean gravida nunc sed pede. Cum sociis natoque penatibus et magnis""","""soups""","""Baking""","""Draft""",4/6/2024 5:46
1318,100149,"""lorem, vehicula""","""viverra. Maecenas iaculis aliquet diam. Sed diam lorem, auctor quis, tristique ac, eleifend vitae,""","""eggs, chicken""","""Snacks""","""Draft""",1/2/2024 0:51
1319,100070,"""Mauris eu""","""ante bibendum ullamcorper. Duis cursus, diam at pretium aliquet, metus urna convallis erat, eget tincidunt dui augue eu tellus. Phasellus elit""","""muffins, fasting""","""Frying""","""Draft""",9/1/2023 3:13
1320,100180,"""lorem, luctus""","""tristique senectus et netus et malesuada fames ac turpis egestas. Aliquam fringilla cursus""","""chicken, pistachios""","""Steaming""","""Draft""",4/10/2024 15:45
1321,100162,"""massa. Quisque""","""magna a neque. Nullam ut nisi a odio semper cursus. Integer mollis. Integer tincidunt aliquam arcu.""","""soups""","""Broiling""","""Draft""",11/2/2023 22:06
1322,100143,"""ac facilisis""","""neque et nunc. Quisque ornare tortor at risus. Nunc ac""","""almonds""","""Snacks""","""Published""",3/17/2024 6:35
1323,100091,"""Suspendisse commodo""","""Donec tincidunt. Donec vitae erat vel pede blandit congue. In scelerisque scelerisque dui. Suspendisse ac metus vitae velit egestas lacinia. Sed congue, elit sed consequat""","""seafood""","""Poaching""","""Published""",4/2/2024 9:53
1324,100074,"""Fusce diam""","""consequat auctor, nunc nulla vulputate dui, nec tempus mauris erat eget ipsum. Suspendisse sagittis. Nullam""","""salads""","""Baking""","""Published""",2/25/2024 9:57
1325,100144,"""mollis. Duis""","""ac tellus. Suspendisse sed dolor. Fusce mi lorem, vehicula et, rutrum eu, ultrices sit amet, risus. Donec nibh enim, gravida sit amet, dapibus id,""","""butter""","""Desserts""","""Draft""",9/5/2023 16:46
1326,100184,"""Duis at""","""nibh. Phasellus nulla. Integer vulputate, risus a ultricies adipiscing, enim mi tempor lorem, eget mollis""","""keto""","""Cooking""","""Published""",8/30/2023 12:57
1327,100120,"""velit. Cras""","""a nunc. In at pede. Cras vulputate velit eu sem. Pellentesque ut ipsum ac""","""multigrains, pie""","""Desserts""","""Draft""",12/22/2023 12:52
1328,100019,"""Suspendisse aliquet,""","""nec ligula consectetuer rhoncus. Nullam velit dui, semper et, lacinia vitae, sodales at, velit. Pellentesque ultricies dignissim lacus.""","""brownie""","""Salads""","""Draft""",9/3/2023 6:11
1329,100071,"""mi felis,""","""Curabitur vel lectus. Cum sociis natoque penatibus et magnis dis parturient montes,""","""brownie, cereals""","""Frying""","""Published""",5/31/2023 23:09
1330,100137,"""amet risus.""","""mattis. Cras eget nisi dictum augue malesuada malesuada. Integer id magna et ipsum cursus""","""butter""","""Sweets""","""Published""",9/5/2023 18:02
1331,100045,"""sit amet""","""est, congue a, aliquet vel, vulputate eu, odio. Phasellus at augue id ante dictum cursus. Nunc mauris elit, dictum eu, eleifend nec,""","""eggs""","""Boiling""","""Published""",5/18/2023 13:45
1332,100006,"""pede. Suspendisse""","""amet diam eu dolor egestas rhoncus. Proin nisl sem, consequat nec,""","""cereals""","""Roasting""","""Published""",10/14/2023 14:36
1333,100004,"""rutrum. Fusce""","""velit egestas lacinia. Sed congue, elit sed consequat auctor, nunc nulla vulputate dui, nec tempus mauris erat eget ipsum. Suspendisse""","""beef""","""Grilling""","""Published""",6/30/2023 0:06
1334,100091,"""Sed dictum.""","""lacinia orci, consectetuer euismod est arcu ac orci. Ut semper pretium neque. Morbi quis urna. Nunc quis arcu vel quam""","""healthy, eggs""","""Desserts""","""Draft""",10/8/2023 19:31
1335,100028,"""enim consequat""","""cursus in, hendrerit consectetuer, cursus et, magna. Praesent interdum ligula eu enim. Etiam imperdiet dictum""","""pasta""","""Poaching""","""Published""",9/16/2023 20:49
1336,100176,"""magna. Duis""","""congue, elit sed consequat auctor, nunc nulla vulputate dui, nec tempus mauris erat eget ipsum. Suspendisse sagittis. Nullam vitae diam. Proin""","""healthy, pie""","""Sweets""","""Published""",12/29/2023 11:45
1337,100051,"""non justo.""","""iaculis nec, eleifend non, dapibus rutrum, justo. Praesent luctus. Curabitur egestas nunc sed libero.""","""healthy""","""Desserts""","""Published""",8/18/2023 9:10
1338,100184,"""fringilla. Donec""","""id enim. Curabitur massa. Vestibulum accumsan neque et nunc. Quisque ornare tortor at risus. Nunc ac""","""pies, chicken""","""Grilling""","""Published""",8/27/2023 20:27
1339,100034,"""ipsum dolor""","""enim consequat purus. Maecenas libero est, congue a, aliquet vel, vulputate eu, odio. Phasellus at augue id""","""pizza, almonds""","""Grilling""","""Published""",4/14/2024 12:46
1340,100144,"""Curae Phasellus""","""lorem vitae odio sagittis semper. Nam tempor diam dictum sapien. Aenean massa. Integer vitae nibh. Donec est mauris, rhoncus id, mollis""","""healthy""","""Cooking""","""Draft""",11/10/2023 13:05
1341,100138,"""nunc ac""","""sem mollis dui, in sodales elit erat vitae risus. Duis a mi fringilla mi lacinia mattis. Integer eu lacus. Quisque imperdiet, erat nonummy""","""cereals""","""Grilling""","""Draft""",11/1/2023 20:53
1342,100011,"""mi tempor""","""arcu. Vestibulum ut eros non enim commodo hendrerit. Donec porttitor tellus non magna. Nam ligula elit, pretium et, rutrum non, hendrerit""","""beef, chicken""","""Desserts""","""Published""",2/18/2024 10:57
1343,100048,"""laoreet ipsum.""","""dolor. Quisque tincidunt pede ac urna. Ut tincidunt vehicula risus. Nulla eget metus eu erat semper rutrum. Fusce dolor quam, elementum""","""cereals, muffins""","""Cooking""","""Draft""",6/17/2023 6:54
1344,100095,"""mi lorem,""","""lacinia orci, consectetuer euismod est arcu ac orci. Ut semper pretium neque. Morbi quis urna. Nunc quis arcu""","""cocoa, butter""","""Broiling""","""Draft""",2/18/2024 12:31
1345,100166,"""in lobortis""","""augue scelerisque mollis. Phasellus libero mauris, aliquam eu, accumsan sed, facilisis""","""sandwiches, salads""","""Poaching""","""Published""",5/23/2023 6:00
1346,100017,"""Maecenas iaculis""","""rutrum eu, ultrices sit amet, risus. Donec nibh enim, gravida sit amet, dapibus id,""","""noodles""","""Snacks""","""Draft""",3/15/2024 12:10
1347,100128,"""in faucibus""","""ullamcorper viverra. Maecenas iaculis aliquet diam. Sed diam lorem, auctor quis, tristique ac, eleifend vitae, erat. Vivamus""","""desserts, pasta""","""Braising""","""Draft""",6/14/2023 2:42
1348,100132,"""commodo auctor""","""vestibulum, neque sed dictum eleifend, nunc risus varius orci, in consequat enim diam vel arcu. Curabitur ut odio vel est tempor bibendum. Donec felis""","""soups""","""Steaming""","""Published""",9/18/2023 9:01
1349,100099,"""orci, adipiscing""","""tempor augue ac ipsum. Phasellus vitae mauris sit amet lorem semper auctor. Mauris vel turpis. Aliquam adipiscing lobortis risus. In mi""","""fasting""","""Baking""","""Published""",1/27/2024 4:46
1350,100024,"""augue, eu""","""sit amet risus. Donec egestas. Aliquam nec enim. Nunc ut erat. Sed nunc est,""","""pistachios""","""Snacks""","""Published""",6/3/2023 17:55
1351,100104,"""aliquet. Phasellus""","""mi eleifend egestas. Sed pharetra, felis eget varius ultrices, mauris ipsum porta elit, a feugiat tellus lorem eu metus. In lorem. Donec""","""cheese cake, lamb""","""Poaching""","""Published""",3/5/2024 8:34
1352,100168,"""arcu iaculis""","""ipsum dolor sit amet, consectetuer adipiscing elit. Curabitur sed tortor. Integer aliquam adipiscing lacus. Ut""","""pasta""","""Broiling""","""Draft""",4/28/2024 20:06
1353,100008,"""arcu. Vestibulum""","""a sollicitudin orci sem eget massa. Suspendisse eleifend. Cras sed leo. Cras""","""multigrains""","""Steaming""","""Draft""",1/10/2024 20:17
1354,100165,"""Suspendisse eleifend.""","""sapien, gravida non, sollicitudin a, malesuada id, erat. Etiam vestibulum massa rutrum magna. Cras convallis""","""fasting, chocolate""","""Braising""","""Draft""",10/2/2023 23:07
1355,100096,"""diam eu""","""blandit. Nam nulla magna, malesuada vel, convallis in, cursus et, eros. Proin ultrices. Duis volutpat nunc sit amet metus.""","""brownie""","""Roasting""","""Published""",7/2/2023 10:56
1356,100152,"""magna nec""","""nascetur ridiculus mus. Aenean eget magna. Suspendisse tristique neque venenatis lacus. Etiam bibendum fermentum metus. Aenean sed pede nec ante blandit viverra. Donec tempus,""","""chocolate""","""Broiling""","""Draft""",5/22/2023 11:59
1357,100189,"""et arcu""","""Ut semper pretium neque. Morbi quis urna. Nunc quis arcu vel quam dignissim pharetra.""","""noodles, pies""","""Snacks""","""Published""",7/13/2023 11:19
1358,100026,"""ac orci.""","""Fusce mi lorem, vehicula et, rutrum eu, ultrices sit amet, risus. Donec nibh enim, gravida sit""","""stews, vegan""","""Grilling""","""Published""",3/15/2024 2:06
1359,100139,"""odio. Etiam""","""eget nisi dictum augue malesuada malesuada. Integer id magna et ipsum""","""multigrains""","""Poaching""","""Draft""",3/24/2024 7:04
1360,100077,"""tellus faucibus""","""Cras interdum. Nunc sollicitudin commodo ipsum. Suspendisse non leo. Vivamus nibh dolor, nonummy ac, feugiat non, lobortis quis,""","""butter""","""Grilling""","""Draft""",12/26/2023 15:30
1361,100131,"""dictum eu,""","""Curabitur sed tortor. Integer aliquam adipiscing lacus. Ut nec urna""","""sandwiches, salads""","""Sweets""","""Draft""",7/16/2023 8:21
1362,100046,"""tempus risus.""","""egestas a, scelerisque sed, sapien. Nunc pulvinar arcu et pede. Nunc""","""walnuts""","""Salads""","""Published""",4/8/2024 5:03
1363,100010,"""gravida nunc""","""cursus. Nunc mauris elit, dictum eu, eleifend nec, malesuada ut, sem. Nulla interdum. Curabitur dictum. Phasellus""","""sandwiches""","""Broiling""","""Published""",6/25/2023 10:56
1364,100024,"""vehicula risus.""","""id, libero. Donec consectetuer mauris id sapien. Cras dolor dolor,""","""walnuts""","""Snacks""","""Draft""",1/16/2024 19:11
1365,100069,"""gravida nunc""","""orci lacus vestibulum lorem, sit amet ultricies sem magna nec quam. Curabitur vel lectus. Cum sociis natoque penatibus et magnis dis parturient montes, nascetur ridiculus""","""stews, cookies""","""Cooking""","""Published""",1/16/2024 22:21
1366,100028,"""amet ultricies""","""Donec elementum, lorem ut aliquam iaculis, lacus pede sagittis augue, eu tempor erat neque non quam. Pellentesque""","""desserts, butter""","""Frying""","""Published""",1/9/2024 18:17
1367,100132,"""dis parturient""","""at sem molestie sodales. Mauris blandit enim consequat purus. Maecenas libero est, congue a, aliquet vel, vulputate""","""cake""","""Poaching""","""Published""",1/26/2024 1:30
1368,100014,"""sem mollis""","""dolor. Quisque tincidunt pede ac urna. Ut tincidunt vehicula risus. Nulla eget metus eu erat semper rutrum. Fusce dolor quam, elementum""","""chicken, butter""","""Sweets""","""Published""",2/7/2024 21:26
1369,100035,"""dui. Cum""","""pede sagittis augue, eu tempor erat neque non quam. Pellentesque habitant morbi""","""keto""","""Steaming""","""Published""",6/18/2023 17:26
1370,100179,"""eget tincidunt""","""pharetra nibh. Aliquam ornare, libero at auctor ullamcorper, nisl arcu iaculis enim, sit amet ornare lectus""","""lamb, cookies""","""Cooking""","""Published""",6/22/2023 2:46
1371,100138,"""Nunc ut""","""mauris sapien, cursus in, hendrerit consectetuer, cursus et, magna. Praesent interdum ligula eu""","""sandwiches, bread""","""Sweets""","""Published""",5/1/2024 15:05
1372,100080,"""Duis sit""","""non, dapibus rutrum, justo. Praesent luctus. Curabitur egestas nunc sed libero. Proin sed turpis nec""","""pasta""","""Snacks""","""Published""",8/22/2023 16:58
1373,100197,"""orci lacus""","""et netus et malesuada fames ac turpis egestas. Aliquam fringilla cursus purus. Nullam scelerisque neque sed sem egestas blandit. Nam nulla magna,""","""cheese cake""","""Boiling""","""Draft""",10/27/2023 11:13
1374,100038,"""pede. Praesent""","""consectetuer adipiscing elit. Aliquam auctor, velit eget laoreet posuere, enim""","""cheese cake""","""Snacks""","""Draft""",11/29/2023 4:47
1375,100109,"""Suspendisse commodo""","""consequat purus. Maecenas libero est, congue a, aliquet vel, vulputate eu, odio. Phasellus at augue id ante dictum cursus. Nunc mauris""","""desserts, cheese""","""Steaming""","""Draft""",2/24/2024 1:00
1376,100110,"""Nunc quis""","""fermentum arcu. Vestibulum ante ipsum primis in faucibus orci luctus et""","""fasting, sandwiches""","""Desserts""","""Published""",8/30/2023 17:52
1377,100070,"""dapibus ligula.""","""quis urna. Nunc quis arcu vel quam dignissim pharetra. Nam ac nulla. In tincidunt congue turpis. In condimentum. Donec""","""pasta, beef""","""Desserts""","""Published""",7/19/2023 20:49
1378,100074,"""nibh enim,""","""vitae odio sagittis semper. Nam tempor diam dictum sapien. Aenean massa. Integer vitae nibh. Donec est mauris, rhoncus id,""","""vegetables, butter""","""Braising""","""Draft""",2/19/2024 6:31
1379,100132,"""Suspendisse aliquet,""","""nisl. Quisque fringilla euismod enim. Etiam gravida molestie arcu. Sed eu nibh vulputate mauris sagittis placerat. Cras dictum ultricies ligula. Nullam enim. Sed""","""multigrains""","""Steaming""","""Draft""",4/29/2024 3:16
1380,100057,"""sagittis semper.""","""vulputate ullamcorper magna. Sed eu eros. Nam consequat dolor vitae dolor. Donec fringilla. Donec""","""stews""","""Roasting""","""Published""",12/11/2023 10:27
1381,100171,"""nunc interdum""","""lorem ut aliquam iaculis, lacus pede sagittis augue, eu tempor erat neque non quam. Pellentesque habitant morbi tristique senectus et netus et malesuada fames""","""pie, cookies""","""Frying""","""Published""",6/27/2023 13:23
1382,100046,"""Suspendisse ac""","""ut, nulla. Cras eu tellus eu augue porttitor interdum. Sed auctor odio""","""seafood""","""Steaming""","""Draft""",3/7/2024 8:16
1383,100108,"""eleifend vitae,""","""Integer id magna et ipsum cursus vestibulum. Mauris magna. Duis dignissim tempor arcu. Vestibulum ut eros""","""butter""","""Cooking""","""Published""",1/21/2024 21:29
1384,100196,"""risus. In""","""lacus. Etiam bibendum fermentum metus. Aenean sed pede nec ante blandit viverra.""","""stews""","""Broiling""","""Draft""",4/27/2024 9:41
1385,100129,"""leo, in""","""eget mollis lectus pede et risus. Quisque libero lacus, varius et, euismod et, commodo at, libero. Morbi accumsan laoreet ipsum. Curabitur""","""soups, bread""","""Baking""","""Draft""",11/5/2023 6:21
1386,100093,"""sem semper""","""nec tellus. Nunc lectus pede, ultrices a, auctor non, feugiat nec, diam. Duis mi enim, condimentum eget, volutpat ornare,""","""bread""","""Baking""","""Published""",2/22/2024 14:12
1387,100117,"""sapien. Cras""","""libero mauris, aliquam eu, accumsan sed, facilisis vitae, orci. Phasellus dapibus quam quis diam. Pellentesque habitant morbi tristique senectus et netus et malesuada fames""","""eggs, bread""","""Frying""","""Draft""",1/3/2024 23:44
1388,100038,"""Aliquam gravida""","""Mauris vestibulum, neque sed dictum eleifend, nunc risus varius orci, in consequat enim diam vel arcu. Curabitur ut odio vel est""","""noodles""","""Steaming""","""Published""",7/19/2023 17:22
1389,100196,"""id enim.""","""non, luctus sit amet, faucibus ut, nulla. Cras eu tellus eu augue porttitor interdum. Sed auctor odio a purus. Duis elementum, dui""","""pie""","""Baking""","""Draft""",1/27/2024 1:59
1390,100032,"""dolor dapibus""","""Praesent luctus. Curabitur egestas nunc sed libero. Proin sed turpis nec mauris blandit mattis. Cras eget nisi dictum augue malesuada malesuada. Integer id""","""eggs""","""Roasting""","""Draft""",10/21/2023 12:09
1391,100188,"""a odio""","""Morbi quis urna. Nunc quis arcu vel quam dignissim pharetra. Nam ac nulla. In tincidunt""","""healthy, cocoa""","""Desserts""","""Published""",10/2/2023 18:56
1392,100180,"""fames ac""","""Class aptent taciti sociosqu ad litora torquent per conubia nostra, per inceptos hymenaeos. Mauris ut quam vel sapien imperdiet ornare. In faucibus. Morbi vehicula.""","""pistachios""","""Salads""","""Draft""",8/21/2023 8:55
1393,100059,"""nisi sem""","""Curae Donec tincidunt. Donec vitae erat vel pede blandit congue. In scelerisque scelerisque dui. Suspendisse ac metus vitae velit""","""chocolate, cookies""","""Broiling""","""Published""",10/14/2023 1:37
1394,100072,"""a, malesuada""","""placerat velit. Quisque varius. Nam porttitor scelerisque neque. Nullam nisl. Maecenas malesuada fringilla est. Mauris eu turpis. Nulla aliquet. Proin velit. Sed malesuada augue ut""","""cocoa, stews""","""Poaching""","""Published""",9/11/2023 21:36
1395,100025,"""nec urna""","""ac ipsum. Phasellus vitae mauris sit amet lorem semper auctor. Mauris vel turpis. Aliquam adipiscing lobortis risus. In mi pede, nonummy ut, molestie in,""","""chocolate""","""Snacks""","""Draft""",8/15/2023 9:54
1396,100086,"""tellus faucibus""","""tortor. Nunc commodo auctor velit. Aliquam nisl. Nulla eu neque pellentesque massa lobortis ultrices. Vivamus rhoncus.""","""keto, pizza""","""Poaching""","""Published""",3/28/2024 4:21
1397,100051,"""est ac""","""Phasellus at augue id ante dictum cursus. Nunc mauris elit, dictum eu, eleifend nec, malesuada ut, sem. Nulla""","""cheese, vegetables""","""Broiling""","""Published""",12/31/2023 7:30
1398,100111,"""in magna.""","""fringilla cursus purus. Nullam scelerisque neque sed sem egestas blandit. Nam nulla magna, malesuada vel, convallis in, cursus""","""desserts""","""Frying""","""Published""",8/1/2023 10:36
1399,100126,"""dis parturient""","""sociis natoque penatibus et magnis dis parturient montes, nascetur ridiculus mus. Donec""","""multigrains""","""Baking""","""Draft""",3/10/2024 4:52
