post_id,tag_id,title,content,status,date_published
1248,26,"""egestas a,""","""lorem, eget mollis lectus pede et risus. Quisque libero lacus, varius et, euismod et, commodo at, libero. Morbi accumsan""","""Draft""",7/27/2023 9:34
1065,21,"""vel quam""","""mauris sagittis placerat. Cras dictum ultricies ligula. Nullam enim. Sed nulla ante, iaculis nec, eleifend non,""","""Published""",8/21/2023 7:35
1238,39,"""est. Nunc""","""libero. Proin sed turpis nec mauris blandit mattis. Cras eget nisi dictum augue malesuada malesuada. Integer id magna et ipsum cursus vestibulum.""","""Draft""",10/2/2023 10:32
1182,36,"""dolor elit,""","""sed, hendrerit a, arcu. Sed et libero. Proin mi. Aliquam""","""Published""",5/20/2023 18:12
1356,32,"""amet lorem""","""diam dictum sapien. Aenean massa. Integer vitae nibh. Donec est mauris,""","""Published""",5/9/2023 19:47
1217,27,"""lacus. Ut""","""erat eget ipsum. Suspendisse sagittis. Nullam vitae diam. Proin dolor. Nulla semper tellus id nunc interdum feugiat.""","""Published""",5/22/2023 5:47
1320,11,"""arcu. Vestibulum""","""Vestibulum accumsan neque et nunc. Quisque ornare tortor at risus. Nunc""","""Published""",8/6/2023 8:26
1112,39,"""tempor augue""","""tincidunt orci quis lectus. Nullam suscipit, est ac facilisis facilisis, magna tellus faucibus leo, in lobortis tellus justo sit amet""","""Draft""",9/1/2023 1:44
1152,2,"""Donec egestas.""","""nisl. Nulla eu neque pellentesque massa lobortis ultrices. Vivamus rhoncus. Donec est. Nunc ullamcorper, velit in aliquet lobortis, nisi nibh lacinia orci, consectetuer""","""Draft""",9/11/2023 14:04
1090,16,"""tristique pellentesque,""","""elit, dictum eu, eleifend nec, malesuada ut, sem. Nulla interdum. Curabitur dictum. Phasellus in felis. Nulla tempor augue ac ipsum. Phasellus""","""Draft""",1/13/2024 4:44
1163,36,"""vel, convallis""","""Proin non massa non ante bibendum ullamcorper. Duis cursus, diam at pretium aliquet, metus urna convallis erat, eget tincidunt dui augue eu tellus. Phasellus""","""Draft""",9/13/2023 2:37
1040,26,"""dictum sapien.""","""ipsum leo elementum sem, vitae aliquam eros turpis non enim. Mauris quis turpis vitae purus""","""Published""",2/10/2024 3:48
1205,38,"""Donec elementum,""","""urna justo faucibus lectus, a sollicitudin orci sem eget massa. Suspendisse eleifend. Cras sed leo. Cras vehicula aliquet libero. Integer in magna.""","""Draft""",10/31/2023 0:14
1071,13,"""Donec est.""","""lectus justo eu arcu. Morbi sit amet massa. Quisque porttitor""","""Draft""",2/10/2024 9:33
1107,39,"""eu tellus.""","""ridiculus mus. Donec dignissim magna a tortor. Nunc commodo auctor velit. Aliquam""","""Published""",8/29/2023 11:27
1079,36,"""auctor. Mauris""","""aliquam adipiscing lacus. Ut nec urna et arcu imperdiet ullamcorper. Duis at lacus. Quisque purus sapien, gravida non, sollicitudin a, malesuada id, erat.""","""Published""",3/4/2024 15:25
1057,8,"""adipiscing, enim""","""Phasellus elit pede, malesuada vel, venenatis vel, faucibus id, libero. Donec consectetuer""","""Published""",9/25/2023 9:52
1374,19,"""Vestibulum ut""","""elit. Aliquam auctor, velit eget laoreet posuere, enim nisl elementum purus,""","""Draft""",2/8/2024 22:46
1383,25,"""fames ac""","""felis eget varius ultrices, mauris ipsum porta elit, a feugiat tellus lorem eu metus. In lorem. Donec elementum,""","""Draft""",5/18/2023 9:18
1254,16,"""Donec vitae""","""Cras lorem lorem, luctus ut, pellentesque eget, dictum placerat, augue.""","""Published""",11/25/2023 9:54
1191,14,"""mauris. Integer""","""auctor odio a purus. Duis elementum, dui quis accumsan convallis, ante lectus convallis est, vitae""","""Draft""",5/23/2023 15:32
1045,26,"""ultrices posuere""","""amet ornare lectus justo eu arcu. Morbi sit amet massa. Quisque porttitor eros nec tellus. Nunc lectus pede, ultrices""","""Published""",3/23/2024 11:35
1079,11,"""ante ipsum""","""sem semper erat, in consectetuer ipsum nunc id enim. Curabitur massa. Vestibulum accumsan neque et nunc. Quisque ornare tortor at risus.""","""Published""",10/15/2023 20:42
1144,33,"""magna. Cras""","""Nullam nisl. Maecenas malesuada fringilla est. Mauris eu turpis. Nulla aliquet. Proin velit. Sed malesuada augue ut lacus. Nulla tincidunt, neque vitae""","""Published""",9/24/2023 13:10
1267,31,"""non, lacinia""","""vestibulum lorem, sit amet ultricies sem magna nec quam. Curabitur vel lectus.""","""Published""",7/4/2023 8:27
1387,33,"""Nunc laoreet""","""Proin ultrices. Duis volutpat nunc sit amet metus. Aliquam erat volutpat. Nulla facilisis. Suspendisse""","""Draft""",10/8/2023 3:56
1056,11,"""mattis. Integer""","""dui. Suspendisse ac metus vitae velit egestas lacinia. Sed congue, elit sed consequat auctor, nunc nulla vulputate dui, nec tempus mauris""","""Draft""",8/15/2023 7:07
1152,32,"""lacinia at,""","""euismod in, dolor. Fusce feugiat. Lorem ipsum dolor sit amet,""","""Published""",10/24/2023 15:57
1255,7,"""condimentum eget,""","""enim. Mauris quis turpis vitae purus gravida sagittis. Duis gravida. Praesent eu nulla""","""Published""",4/17/2024 20:46
1356,26,"""mauris elit,""","""nulla. In tincidunt congue turpis. In condimentum. Donec at arcu. Vestibulum ante ipsum primis in faucibus orci""","""Draft""",1/17/2024 7:52
1137,20,"""ultrices, mauris""","""nec mauris blandit mattis. Cras eget nisi dictum augue malesuada malesuada. Integer id magna et ipsum cursus""","""Published""",10/31/2023 21:40
1275,34,"""Vestibulum ante""","""convallis convallis dolor. Quisque tincidunt pede ac urna. Ut tincidunt vehicula risus. Nulla eget""","""Published""",10/1/2023 22:18
1052,36,"""Nulla dignissim.""","""magna. Lorem ipsum dolor sit amet, consectetuer adipiscing elit. Etiam laoreet, libero""","""Published""",1/11/2024 5:48
1230,19,"""a neque.""","""nonummy ipsum non arcu. Vivamus sit amet risus. Donec egestas. Aliquam nec enim. Nunc""","""Published""",12/20/2023 14:22
1316,14,"""a neque.""","""ornare, elit elit fermentum risus, at fringilla purus mauris a nunc. In""","""Published""",6/2/2023 20:52
1222,20,"""dapibus rutrum,""","""Pellentesque habitant morbi tristique senectus et netus et malesuada fames ac turpis egestas. Fusce aliquet magna a neque. Nullam ut""","""Draft""",7/6/2023 13:45
1391,4,"""mauris elit,""","""Curabitur dictum. Phasellus in felis. Nulla tempor augue ac ipsum. Phasellus vitae mauris sit amet lorem semper auctor. Mauris vel""","""Draft""",9/6/2023 18:14
1125,23,"""libero. Morbi""","""elit elit fermentum risus, at fringilla purus mauris a nunc. In at pede. Cras vulputate velit eu sem. Pellentesque ut ipsum ac mi""","""Draft""",8/18/2023 6:55
1237,16,"""vel, venenatis""","""Vivamus nisi. Mauris nulla. Integer urna. Vivamus molestie dapibus ligula. Aliquam erat volutpat. Nulla dignissim. Maecenas ornare egestas ligula. Nullam feugiat placerat velit. Quisque""","""Draft""",3/19/2024 3:08
1020,36,"""Nullam feugiat""","""felis purus ac tellus. Suspendisse sed dolor. Fusce mi lorem, vehicula et, rutrum eu, ultrices sit amet, risus. Donec nibh""","""Published""",4/30/2024 16:23
1011,33,"""fermentum risus,""","""ac, feugiat non, lobortis quis, pede. Suspendisse dui. Fusce diam""","""Draft""",7/25/2023 19:03
1383,21,"""cursus in,""","""montes, nascetur ridiculus mus. Proin vel arcu eu odio tristique pharetra. Quisque ac libero nec""","""Published""",2/13/2024 3:12
1188,23,"""faucibus lectus,""","""dictum placerat, augue. Sed molestie. Sed id risus quis diam""","""Published""",2/5/2024 5:03
1328,32,"""non, bibendum""","""sollicitudin adipiscing ligula. Aenean gravida nunc sed pede. Cum sociis natoque""","""Published""",6/2/2023 13:42
1043,6,"""nec urna""","""nonummy ipsum non arcu. Vivamus sit amet risus. Donec egestas. Aliquam nec enim. Nunc ut erat. Sed nunc est, mollis non, cursus non, egestas a,""","""Draft""",9/13/2023 9:38
1096,15,"""metus eu""","""dictum mi, ac mattis velit justo nec ante. Maecenas mi felis, adipiscing fringilla,""","""Published""",9/19/2023 15:11
1091,8,"""lacinia mattis.""","""in lobortis tellus justo sit amet nulla. Donec non justo. Proin non massa non ante bibendum ullamcorper. Duis cursus, diam""","""Published""",11/17/2023 3:15
1269,37,"""pharetra ut,""","""eu elit. Nulla facilisi. Sed neque. Sed eget lacus. Mauris non dui nec""","""Draft""",4/4/2024 0:00
1115,21,"""sociis natoque""","""Praesent luctus. Curabitur egestas nunc sed libero. Proin sed turpis nec mauris blandit mattis. Cras eget nisi dictum augue malesuada""","""Draft""",7/17/2023 15:31
1332,33,"""congue, elit""","""bibendum sed, est. Nunc laoreet lectus quis massa. Mauris vestibulum, neque sed dictum""","""Draft""",3/1/2024 0:33
1097,32,"""at, iaculis""","""vitae, orci. Phasellus dapibus quam quis diam. Pellentesque habitant morbi""","""Draft""",8/28/2023 10:36
1349,6,"""Etiam bibendum""","""cursus. Integer mollis. Integer tincidunt aliquam arcu. Aliquam ultrices iaculis odio. Nam interdum""","""Draft""",5/22/2023 21:33
1047,7,"""odio vel""","""dapibus id, blandit at, nisi. Cum sociis natoque penatibus et magnis dis parturient montes, nascetur ridiculus mus. Proin""","""Published""",7/28/2023 18:51
1061,2,"""posuere at,""","""Maecenas iaculis aliquet diam. Sed diam lorem, auctor quis, tristique ac, eleifend vitae, erat. Vivamus nisi. Mauris nulla. Integer""","""Draft""",9/8/2023 0:02
1396,19,"""parturient montes,""","""Nam nulla magna, malesuada vel, convallis in, cursus et, eros. Proin ultrices.""","""Draft""",9/1/2023 8:11
1253,22,"""Sed nec""","""arcu. Sed eu nibh vulputate mauris sagittis placerat. Cras dictum ultricies ligula. Nullam enim. Sed nulla ante, iaculis nec, eleifend""","""Draft""",3/7/2024 7:16
1282,9,"""augue. Sed""","""dictum eu, eleifend nec, malesuada ut, sem. Nulla interdum. Curabitur dictum.""","""Draft""",11/20/2023 4:09
1233,14,"""dapibus rutrum,""","""purus. Duis elementum, dui quis accumsan convallis, ante lectus convallis est, vitae sodales nisi magna sed dui. Fusce aliquam, enim nec tempus""","""Published""",6/6/2023 12:51
1320,29,"""Donec consectetuer""","""parturient montes, nascetur ridiculus mus. Proin vel arcu eu odio tristique pharetra. Quisque ac libero nec ligula consectetuer""","""Draft""",1/26/2024 7:01
1023,9,"""ornare tortor""","""tellus. Nunc lectus pede, ultrices a, auctor non, feugiat nec, diam. Duis mi enim, condimentum eget, volutpat ornare, facilisis eget, ipsum. Donec sollicitudin adipiscing""","""Draft""",7/1/2023 23:32
1330,23,"""iaculis, lacus""","""eu sem. Pellentesque ut ipsum ac mi eleifend egestas. Sed pharetra, felis eget varius ultrices, mauris""","""Published""",3/15/2024 19:10
1155,26,"""egestas nunc""","""a, auctor non, feugiat nec, diam. Duis mi enim, condimentum eget, volutpat ornare, facilisis eget, ipsum. Donec sollicitudin""","""Published""",6/25/2023 9:58
1123,26,"""ut, pharetra""","""Duis elementum, dui quis accumsan convallis, ante lectus convallis est, vitae sodales nisi magna sed dui. Fusce aliquam, enim nec""","""Published""",5/2/2024 19:01
1147,6,"""enim diam""","""sagittis felis. Donec tempor, est ac mattis semper, dui lectus rutrum urna, nec luctus felis""","""Draft""",10/17/2023 18:16
1185,3,"""blandit mattis.""","""amet risus. Donec egestas. Aliquam nec enim. Nunc ut erat. Sed nunc est, mollis non, cursus non, egestas a,""","""Published""",7/13/2023 6:15
1112,18,"""volutpat. Nulla""","""placerat, orci lacus vestibulum lorem, sit amet ultricies sem magna nec quam. Curabitur vel lectus. Cum sociis natoque penatibus et magnis dis parturient montes,""","""Draft""",5/14/2023 7:24
1139,4,"""magna. Sed""","""lorem tristique aliquet. Phasellus fermentum convallis ligula. Donec luctus aliquet odio. Etiam ligula tortor, dictum eu,""","""Published""",7/10/2023 1:16
1076,34,"""eleifend nec,""","""sem molestie sodales. Mauris blandit enim consequat purus. Maecenas libero""","""Draft""",5/4/2023 15:13
1117,27,"""mattis. Cras""","""nec mauris blandit mattis. Cras eget nisi dictum augue malesuada malesuada. Integer id magna et ipsum cursus vestibulum. Mauris magna. Duis dignissim""","""Published""",6/12/2023 0:15
1101,5,"""commodo tincidunt""","""a felis ullamcorper viverra. Maecenas iaculis aliquet diam. Sed diam lorem, auctor quis, tristique ac, eleifend""","""Draft""",10/8/2023 17:46
1332,10,"""sapien. Cras""","""ipsum cursus vestibulum. Mauris magna. Duis dignissim tempor arcu. Vestibulum ut eros non enim commodo hendrerit. Donec porttitor tellus non magna. Nam ligula elit,""","""Draft""",2/19/2024 16:20
1174,21,"""enim. Etiam""","""orci. Ut semper pretium neque. Morbi quis urna. Nunc quis arcu vel quam dignissim pharetra. Nam ac""","""Draft""",12/24/2023 22:34
1170,31,"""et magnis""","""mauris eu elit. Nulla facilisi. Sed neque. Sed eget lacus. Mauris non""","""Draft""",3/26/2024 11:26
1353,9,"""ultrices a,""","""tristique aliquet. Phasellus fermentum convallis ligula. Donec luctus aliquet odio. Etiam ligula tortor,""","""Draft""",4/21/2024 16:02
1294,4,"""ipsum primis""","""quis lectus. Nullam suscipit, est ac facilisis facilisis, magna tellus faucibus leo, in lobortis tellus justo sit amet""","""Published""",10/14/2023 20:30
1299,20,"""lectus quis""","""Donec nibh enim, gravida sit amet, dapibus id, blandit at, nisi. Cum sociis""","""Published""",12/27/2023 19:00
1240,26,"""Integer mollis.""","""rutrum. Fusce dolor quam, elementum at, egestas a, scelerisque sed, sapien. Nunc pulvinar arcu et pede. Nunc sed""","""Published""",1/22/2024 9:00
1040,11,"""non justo.""","""augue porttitor interdum. Sed auctor odio a purus. Duis elementum, dui quis accumsan convallis, ante lectus convallis est, vitae sodales nisi magna sed dui.""","""Published""",10/26/2023 6:09
1322,5,"""Nunc mauris""","""a neque. Nullam ut nisi a odio semper cursus. Integer mollis. Integer tincidunt aliquam arcu. Aliquam ultrices iaculis odio.""","""Published""",1/29/2024 2:32
1352,31,"""vel arcu.""","""orci, in consequat enim diam vel arcu. Curabitur ut odio vel est tempor bibendum. Donec felis orci, adipiscing""","""Draft""",10/14/2023 23:18
1157,38,"""Etiam ligula""","""id magna et ipsum cursus vestibulum. Mauris magna. Duis dignissim tempor arcu. Vestibulum ut eros non""","""Published""",5/17/2023 12:06
1230,28,"""neque. Nullam""","""semper auctor. Mauris vel turpis. Aliquam adipiscing lobortis risus. In mi pede, nonummy ut, molestie""","""Published""",9/14/2023 12:51
1370,25,"""eu, ultrices""","""metus. In lorem. Donec elementum, lorem ut aliquam iaculis, lacus pede sagittis augue, eu tempor erat neque non quam. Pellentesque habitant morbi""","""Draft""",1/19/2024 9:45
1220,12,"""eu arcu.""","""in, cursus et, eros. Proin ultrices. Duis volutpat nunc sit amet""","""Draft""",10/15/2023 7:51
1045,12,"""ante. Maecenas""","""eros. Nam consequat dolor vitae dolor. Donec fringilla. Donec feugiat metus sit amet ante. Vivamus non lorem vitae odio sagittis semper.""","""Draft""",11/10/2023 7:48
1083,15,"""libero nec""","""massa. Integer vitae nibh. Donec est mauris, rhoncus id, mollis nec, cursus a,""","""Draft""",7/6/2023 16:41
1243,22,"""aliquam iaculis,""","""est. Mauris eu turpis. Nulla aliquet. Proin velit. Sed malesuada augue ut lacus. Nulla""","""Published""",11/25/2023 4:25
1275,13,"""convallis in,""","""mi. Aliquam gravida mauris ut mi. Duis risus odio, auctor vitae, aliquet nec, imperdiet nec, leo. Morbi neque tellus,""","""Draft""",11/7/2023 20:53
1370,35,"""scelerisque scelerisque""","""amet metus. Aliquam erat volutpat. Nulla facilisis. Suspendisse commodo tincidunt nibh. Phasellus nulla. Integer vulputate,""","""Draft""",12/7/2023 1:24
1244,19,"""molestie in,""","""neque sed dictum eleifend, nunc risus varius orci, in consequat enim diam vel arcu. Curabitur ut odio vel est tempor""","""Draft""",4/28/2024 3:20
1327,22,"""et ultrices""","""est tempor bibendum. Donec felis orci, adipiscing non, luctus sit amet, faucibus ut, nulla. Cras eu""","""Draft""",4/21/2024 23:30
1374,37,"""ultricies dignissim""","""Donec tempor, est ac mattis semper, dui lectus rutrum urna, nec luctus felis purus ac tellus. Suspendisse sed dolor. Fusce""","""Draft""",5/21/2023 17:02
1372,24,"""dolor, tempus""","""sagittis felis. Donec tempor, est ac mattis semper, dui lectus rutrum urna, nec luctus""","""Draft""",2/10/2024 11:29
1165,10,"""consequat, lectus""","""magna. Duis dignissim tempor arcu. Vestibulum ut eros non enim commodo hendrerit.""","""Draft""",10/30/2023 0:37
1198,24,"""sodales elit""","""vitae diam. Proin dolor. Nulla semper tellus id nunc interdum feugiat. Sed nec""","""Published""",4/3/2024 23:59
1278,36,"""Nullam nisl.""","""lectus quis massa. Mauris vestibulum, neque sed dictum eleifend, nunc risus varius orci, in consequat enim diam vel arcu. Curabitur ut odio""","""Draft""",10/5/2023 4:52
1027,21,"""mauris elit,""","""ipsum. Phasellus vitae mauris sit amet lorem semper auctor. Mauris vel turpis. Aliquam adipiscing lobortis risus. In mi pede,""","""Published""",12/16/2023 17:40
1250,28,"""semper tellus""","""Nunc mauris elit, dictum eu, eleifend nec, malesuada ut, sem. Nulla interdum. Curabitur dictum. Phasellus""","""Draft""",1/16/2024 18:55
1380,14,"""erat eget""","""Nunc ut erat. Sed nunc est, mollis non, cursus non, egestas a, dui. Cras pellentesque. Sed dictum. Proin eget odio. Aliquam""","""Draft""",2/10/2024 0:56
1304,7,"""non, egestas""","""aptent taciti sociosqu ad litora torquent per conubia nostra, per inceptos hymenaeos. Mauris ut quam vel sapien""","""Draft""",2/7/2024 22:08
1105,10,"""orci quis""","""euismod in, dolor. Fusce feugiat. Lorem ipsum dolor sit amet, consectetuer adipiscing elit.""","""Published""",12/29/2023 5:36
1237,35,"""porttitor tellus""","""tempus non, lacinia at, iaculis quis, pede. Praesent eu dui. Cum sociis natoque penatibus et magnis dis""","""Published""",1/6/2024 6:09
1058,30,"""lacus. Mauris""","""suscipit, est ac facilisis facilisis, magna tellus faucibus leo, in lobortis tellus justo sit amet nulla. Donec non""","""Published""",11/20/2023 4:21
1044,21,"""sit amet""","""Sed nulla ante, iaculis nec, eleifend non, dapibus rutrum, justo. Praesent luctus. Curabitur egestas nunc sed libero. Proin sed turpis nec""","""Draft""",11/3/2023 20:48
1215,2,"""posuere vulputate,""","""Duis a mi fringilla mi lacinia mattis. Integer eu lacus. Quisque imperdiet, erat nonummy ultricies ornare, elit elit""","""Published""",4/14/2024 15:34
1014,13,"""ullamcorper eu,""","""elit elit fermentum risus, at fringilla purus mauris a nunc. In at pede. Cras vulputate""","""Published""",3/30/2024 17:56
1174,24,"""risus quis""","""nec, diam. Duis mi enim, condimentum eget, volutpat ornare, facilisis eget, ipsum. Donec sollicitudin adipiscing""","""Published""",2/15/2024 19:27
1013,12,"""libero. Donec""","""fermentum metus. Aenean sed pede nec ante blandit viverra. Donec tempus, lorem fringilla ornare placerat, orci lacus""","""Draft""",3/3/2024 17:04
1086,19,"""aliquam, enim""","""sed libero. Proin sed turpis nec mauris blandit mattis. Cras eget nisi dictum augue malesuada malesuada. Integer id magna et ipsum cursus vestibulum. Mauris""","""Published""",7/18/2023 0:04
1127,31,"""sit amet""","""sed dui. Fusce aliquam, enim nec tempus scelerisque, lorem ipsum sodales purus, in molestie""","""Published""",4/26/2024 21:58
1336,31,"""fringilla mi""","""auctor. Mauris vel turpis. Aliquam adipiscing lobortis risus. In mi pede, nonummy ut, molestie""","""Draft""",6/19/2023 0:03
1187,17,"""aliquet. Phasellus""","""est, congue a, aliquet vel, vulputate eu, odio. Phasellus at augue id ante dictum cursus. Nunc mauris elit, dictum""","""Published""",11/23/2023 15:56
1362,16,"""montes, nascetur""","""montes, nascetur ridiculus mus. Donec dignissim magna a tortor. Nunc commodo auctor""","""Draft""",9/21/2023 4:52
1138,9,"""sapien molestie""","""diam luctus lobortis. Class aptent taciti sociosqu ad litora torquent per conubia nostra, per inceptos hymenaeos. Mauris ut quam""","""Published""",2/4/2024 6:23
1298,3,"""semper erat,""","""Morbi accumsan laoreet ipsum. Curabitur consequat, lectus sit amet luctus vulputate, nisi sem semper""","""Published""",12/14/2023 18:00
1178,5,"""lectus quis""","""Donec tempus, lorem fringilla ornare placerat, orci lacus vestibulum lorem, sit""","""Published""",3/6/2024 5:41
1208,14,"""non massa""","""mattis. Cras eget nisi dictum augue malesuada malesuada. Integer id magna et ipsum cursus vestibulum. Mauris magna. Duis dignissim tempor arcu. Vestibulum ut""","""Draft""",8/23/2023 1:50
1391,26,"""libero. Integer""","""justo nec ante. Maecenas mi felis, adipiscing fringilla, porttitor vulputate, posuere vulputate, lacus. Cras interdum. Nunc""","""Draft""",12/5/2023 3:37
1175,22,"""Curabitur consequat,""","""non, dapibus rutrum, justo. Praesent luctus. Curabitur egestas nunc sed libero. Proin sed turpis nec mauris blandit mattis. Cras eget nisi dictum augue malesuada malesuada.""","""Published""",3/30/2024 3:51
1322,21,"""tincidunt vehicula""","""nulla vulputate dui, nec tempus mauris erat eget ipsum. Suspendisse sagittis. Nullam vitae diam. Proin dolor. Nulla semper tellus id nunc interdum feugiat.""","""Draft""",6/24/2023 14:47
1220,5,"""ornare egestas""","""eros. Nam consequat dolor vitae dolor. Donec fringilla. Donec feugiat metus sit amet ante. Vivamus non lorem vitae odio sagittis semper.""","""Published""",5/30/2023 13:47
1275,31,"""sem, consequat""","""eros. Nam consequat dolor vitae dolor. Donec fringilla. Donec feugiat metus sit amet ante. Vivamus non lorem vitae odio sagittis semper. Nam tempor diam""","""Draft""",5/10/2023 18:39
1299,13,"""aliquet lobortis,""","""risus a ultricies adipiscing, enim mi tempor lorem, eget mollis lectus pede et risus. Quisque libero lacus, varius et, euismod et, commodo""","""Published""",1/9/2024 16:11
1058,26,"""at, nisi.""","""fermentum metus. Aenean sed pede nec ante blandit viverra. Donec tempus, lorem fringilla ornare placerat, orci lacus""","""Draft""",11/23/2023 11:44
1363,18,"""Vestibulum ut""","""a, dui. Cras pellentesque. Sed dictum. Proin eget odio. Aliquam vulputate ullamcorper magna. Sed eu eros. Nam consequat dolor vitae dolor. Donec fringilla. Donec""","""Draft""",1/2/2024 18:37
1188,5,"""metus facilisis""","""sodales at, velit. Pellentesque ultricies dignissim lacus. Aliquam rutrum lorem ac risus. Morbi metus. Vivamus euismod urna. Nullam lobortis quam a felis ullamcorper viverra. Maecenas""","""Published""",3/24/2024 7:09
1093,4,"""sapien molestie""","""Suspendisse commodo tincidunt nibh. Phasellus nulla. Integer vulputate, risus a ultricies adipiscing, enim mi tempor lorem, eget mollis lectus""","""Published""",11/19/2023 12:14
1119,11,"""gravida sit""","""tempor, est ac mattis semper, dui lectus rutrum urna, nec luctus felis purus ac tellus. Suspendisse sed dolor.""","""Published""",12/7/2023 2:35
1214,16,"""vestibulum. Mauris""","""porttitor vulputate, posuere vulputate, lacus. Cras interdum. Nunc sollicitudin commodo ipsum.""","""Draft""",3/14/2024 10:26
1128,37,"""nibh lacinia""","""tempus scelerisque, lorem ipsum sodales purus, in molestie tortor nibh sit amet orci.""","""Published""",12/11/2023 12:58
1070,28,"""tellus, imperdiet""","""Vivamus molestie dapibus ligula. Aliquam erat volutpat. Nulla dignissim. Maecenas ornare egestas ligula. Nullam feugiat placerat velit. Quisque""","""Draft""",1/23/2024 10:11
1398,25,"""non dui""","""ullamcorper, velit in aliquet lobortis, nisi nibh lacinia orci, consectetuer euismod est arcu ac orci. Ut semper""","""Draft""",12/20/2023 19:46
1383,31,"""semper pretium""","""ipsum. Donec sollicitudin adipiscing ligula. Aenean gravida nunc sed pede. Cum sociis natoque penatibus et magnis dis parturient montes, nascetur ridiculus mus. Proin vel arcu""","""Draft""",11/25/2023 21:55
1024,9,"""mi lorem,""","""orci, adipiscing non, luctus sit amet, faucibus ut, nulla. Cras eu tellus eu augue porttitor interdum. Sed""","""Draft""",12/14/2023 18:49
1133,27,"""aliquam adipiscing""","""Ut tincidunt vehicula risus. Nulla eget metus eu erat semper rutrum. Fusce dolor quam, elementum at, egestas""","""Draft""",9/19/2023 9:11
1177,35,"""vel arcu""","""orci lobortis augue scelerisque mollis. Phasellus libero mauris, aliquam eu, accumsan sed, facilisis""","""Published""",1/22/2024 17:28
1035,6,"""vulputate, lacus.""","""quis, tristique ac, eleifend vitae, erat. Vivamus nisi. Mauris nulla. Integer urna.""","""Draft""",6/17/2023 14:31
1385,38,"""Etiam imperdiet""","""Maecenas libero est, congue a, aliquet vel, vulputate eu, odio. Phasellus""","""Published""",9/7/2023 8:40
1097,17,"""laoreet, libero""","""metus sit amet ante. Vivamus non lorem vitae odio sagittis semper. Nam tempor diam dictum sapien. Aenean massa. Integer vitae nibh. Donec est mauris,""","""Published""",6/10/2023 18:44
1170,24,"""vel, venenatis""","""orci quis lectus. Nullam suscipit, est ac facilisis facilisis, magna tellus faucibus leo, in""","""Draft""",11/1/2023 12:54
1001,34,"""dui nec""","""dolor egestas rhoncus. Proin nisl sem, consequat nec, mollis vitae, posuere at, velit.""","""Published""",2/2/2024 11:33
1199,9,"""enim, sit""","""mattis velit justo nec ante. Maecenas mi felis, adipiscing fringilla, porttitor vulputate, posuere vulputate, lacus. Cras interdum.""","""Published""",7/30/2023 12:13
1131,32,"""lectus. Nullam""","""tortor nibh sit amet orci. Ut sagittis lobortis mauris. Suspendisse aliquet molestie tellus. Aenean egestas hendrerit neque. In ornare sagittis felis. Donec""","""Draft""",12/14/2023 4:45
1169,14,"""eu erat""","""scelerisque neque. Nullam nisl. Maecenas malesuada fringilla est. Mauris eu turpis. Nulla aliquet. Proin velit. Sed malesuada augue ut lacus. Nulla tincidunt,""","""Draft""",11/28/2023 22:00
1242,36,"""Nunc sed""","""euismod enim. Etiam gravida molestie arcu. Sed eu nibh vulputate mauris sagittis placerat. Cras dictum ultricies ligula. Nullam enim. Sed nulla ante,""","""Published""",6/16/2023 15:27
1131,24,"""a, auctor""","""pede. Cras vulputate velit eu sem. Pellentesque ut ipsum ac mi eleifend egestas. Sed pharetra,""","""Draft""",4/10/2024 0:52
1382,28,"""justo. Proin""","""Nunc commodo auctor velit. Aliquam nisl. Nulla eu neque pellentesque massa lobortis ultrices. Vivamus rhoncus. Donec est. Nunc ullamcorper, velit""","""Draft""",8/25/2023 22:43
1176,26,"""vel, mauris.""","""mattis. Cras eget nisi dictum augue malesuada malesuada. Integer id magna et ipsum cursus vestibulum. Mauris magna. Duis dignissim""","""Published""",7/10/2023 7:47
1280,17,"""libero. Proin""","""a odio semper cursus. Integer mollis. Integer tincidunt aliquam arcu. Aliquam ultrices iaculis odio. Nam interdum enim non nisi. Aenean eget metus. In nec orci.""","""Published""",4/12/2024 13:55
1173,12,"""Donec est""","""Suspendisse non leo. Vivamus nibh dolor, nonummy ac, feugiat non, lobortis quis, pede. Suspendisse dui. Fusce diam nunc, ullamcorper""","""Published""",6/7/2023 4:28
1159,15,"""et risus.""","""eget metus eu erat semper rutrum. Fusce dolor quam, elementum at, egestas a,""","""Published""",8/3/2023 5:35
1289,7,"""nec luctus""","""dapibus gravida. Aliquam tincidunt, nunc ac mattis ornare, lectus ante dictum mi, ac mattis velit justo nec ante. Maecenas mi""","""Draft""",5/11/2023 9:22
1139,24,"""pharetra. Quisque""","""nisi magna sed dui. Fusce aliquam, enim nec tempus scelerisque, lorem ipsum sodales purus,""","""Published""",5/26/2023 1:12
1165,1,"""eget tincidunt""","""id, blandit at, nisi. Cum sociis natoque penatibus et magnis dis""","""Published""",9/26/2023 9:58
1391,24,"""enim, sit""","""Nunc sollicitudin commodo ipsum. Suspendisse non leo. Vivamus nibh dolor, nonummy ac, feugiat non, lobortis quis, pede. Suspendisse dui. Fusce diam nunc, ullamcorper eu,""","""Published""",5/21/2023 23:36
1243,23,"""Cum sociis""","""enim. Etiam gravida molestie arcu. Sed eu nibh vulputate mauris sagittis placerat. Cras""","""Published""",1/6/2024 16:09
1277,4,"""Nulla facilisi.""","""porttitor interdum. Sed auctor odio a purus. Duis elementum, dui quis""","""Draft""",2/26/2024 13:17
1021,24,"""Etiam laoreet,""","""sit amet orci. Ut sagittis lobortis mauris. Suspendisse aliquet molestie""","""Published""",8/12/2023 23:37
1397,10,"""metus. Vivamus""","""Maecenas ornare egestas ligula. Nullam feugiat placerat velit. Quisque varius. Nam porttitor""","""Published""",11/21/2023 20:24
1177,22,"""nascetur ridiculus""","""augue ut lacus. Nulla tincidunt, neque vitae semper egestas, urna justo faucibus""","""Published""",9/22/2023 23:30
1250,8,"""viverra. Maecenas""","""rutrum eu, ultrices sit amet, risus. Donec nibh enim, gravida sit amet, dapibus id, blandit at, nisi. Cum sociis""","""Published""",12/11/2023 15:50
1083,8,"""quam. Curabitur""","""cursus in, hendrerit consectetuer, cursus et, magna. Praesent interdum ligula eu enim.""","""Published""",2/18/2024 4:48
1375,29,"""dui, semper""","""urna et arcu imperdiet ullamcorper. Duis at lacus. Quisque purus sapien, gravida""","""Draft""",9/6/2023 3:22
1246,6,"""id ante""","""egestas a, scelerisque sed, sapien. Nunc pulvinar arcu et pede. Nunc sed orci lobortis augue scelerisque mollis. Phasellus libero""","""Published""",7/2/2023 9:34
1323,1,"""iaculis odio.""","""et, lacinia vitae, sodales at, velit. Pellentesque ultricies dignissim lacus.""","""Draft""",8/13/2023 6:52
1327,36,"""et, euismod""","""eget nisi dictum augue malesuada malesuada. Integer id magna et ipsum cursus vestibulum. Mauris""","""Published""",6/4/2023 17:39
1262,3,"""a purus.""","""interdum. Nunc sollicitudin commodo ipsum. Suspendisse non leo. Vivamus nibh dolor, nonummy ac, feugiat non, lobortis""","""Draft""",5/8/2023 13:47
1100,4,"""molestie tellus.""","""amet, faucibus ut, nulla. Cras eu tellus eu augue porttitor interdum. Sed""","""Published""",11/15/2023 23:55
1089,18,"""nec luctus""","""tempor lorem, eget mollis lectus pede et risus. Quisque libero lacus, varius et, euismod et, commodo at,""","""Published""",2/10/2024 20:28
1128,15,"""vulputate, nisi""","""lacus. Mauris non dui nec urna suscipit nonummy. Fusce fermentum fermentum arcu. Vestibulum ante""","""Draft""",2/20/2024 4:39
1137,32,"""Donec fringilla.""","""magna. Sed eu eros. Nam consequat dolor vitae dolor. Donec fringilla. Donec feugiat metus sit amet ante. Vivamus non lorem""","""Draft""",2/14/2024 20:43
1129,36,"""non, cursus""","""sollicitudin a, malesuada id, erat. Etiam vestibulum massa rutrum magna. Cras convallis""","""Draft""",2/9/2024 18:32
1033,33,"""mauris, rhoncus""","""faucibus leo, in lobortis tellus justo sit amet nulla. Donec""","""Published""",10/16/2023 21:59
1178,12,"""ante lectus""","""vitae dolor. Donec fringilla. Donec feugiat metus sit amet ante. Vivamus non lorem""","""Draft""",3/21/2024 20:13
1143,27,"""Donec tincidunt.""","""diam. Pellentesque habitant morbi tristique senectus et netus et malesuada fames ac turpis egestas. Fusce aliquet magna a neque. Nullam ut nisi a odio""","""Draft""",9/14/2023 14:40
1349,18,"""eu odio""","""purus. Nullam scelerisque neque sed sem egestas blandit. Nam nulla magna, malesuada vel, convallis in, cursus et, eros. Proin ultrices. Duis volutpat nunc sit""","""Draft""",2/4/2024 4:47
1329,26,"""ipsum non""","""orci. Phasellus dapibus quam quis diam. Pellentesque habitant morbi tristique senectus et netus et malesuada fames ac turpis egestas.""","""Draft""",11/18/2023 20:12
1246,15,"""magna. Cras""","""magna. Nam ligula elit, pretium et, rutrum non, hendrerit id, ante. Nunc mauris sapien, cursus in, hendrerit consectetuer,""","""Published""",10/16/2023 16:59
1363,24,"""enim non""","""Aenean gravida nunc sed pede. Cum sociis natoque penatibus et magnis dis""","""Draft""",9/6/2023 1:39
1247,35,"""Donec vitae""","""risus. Morbi metus. Vivamus euismod urna. Nullam lobortis quam a felis ullamcorper""","""Published""",5/24/2023 14:34
1119,23,"""diam. Proin""","""odio semper cursus. Integer mollis. Integer tincidunt aliquam arcu. Aliquam ultrices iaculis odio. Nam interdum enim non nisi. Aenean eget""","""Draft""",2/4/2024 23:56
1191,9,"""semper et,""","""ligula. Donec luctus aliquet odio. Etiam ligula tortor, dictum eu, placerat eget, venenatis a, magna. Lorem ipsum dolor sit amet, consectetuer adipiscing elit. Etiam""","""Draft""",3/30/2024 11:05
1205,19,"""et, lacinia""","""enim, gravida sit amet, dapibus id, blandit at, nisi. Cum sociis natoque penatibus et magnis dis parturient montes, nascetur ridiculus mus. Proin vel nisl.""","""Published""",4/23/2024 6:27
1212,30,"""sollicitudin a,""","""lobortis, nisi nibh lacinia orci, consectetuer euismod est arcu ac orci. Ut semper pretium neque. Morbi quis urna. Nunc""","""Draft""",5/22/2023 1:38
1115,34,"""dui, in""","""fermentum metus. Aenean sed pede nec ante blandit viverra. Donec tempus, lorem fringilla ornare placerat, orci""","""Draft""",12/17/2023 17:08
1388,12,"""diam nunc,""","""sem mollis dui, in sodales elit erat vitae risus. Duis a mi""","""Published""",6/19/2023 6:32
1390,34,"""scelerisque scelerisque""","""metus. In lorem. Donec elementum, lorem ut aliquam iaculis, lacus pede sagittis augue, eu tempor erat neque non quam. Pellentesque habitant morbi""","""Draft""",3/26/2024 11:30
1215,19,"""Donec dignissim""","""Maecenas mi felis, adipiscing fringilla, porttitor vulputate, posuere vulputate, lacus. Cras interdum. Nunc sollicitudin commodo ipsum. Suspendisse""","""Draft""",7/27/2023 16:16
1082,30,"""mi enim,""","""elit fermentum risus, at fringilla purus mauris a nunc. In at""","""Draft""",8/26/2023 14:37
1003,26,"""urna, nec""","""consectetuer adipiscing elit. Curabitur sed tortor. Integer aliquam adipiscing lacus. Ut""","""Draft""",12/13/2023 6:33
1238,38,"""risus. Donec""","""a, auctor non, feugiat nec, diam. Duis mi enim, condimentum eget, volutpat ornare, facilisis eget, ipsum. Donec sollicitudin adipiscing ligula. Aenean""","""Draft""",9/21/2023 9:27
1148,21,"""dolor dapibus""","""Donec est mauris, rhoncus id, mollis nec, cursus a, enim. Suspendisse aliquet, sem ut cursus luctus, ipsum leo""","""Published""",11/20/2023 21:45
1390,22,"""eget lacus.""","""a, enim. Suspendisse aliquet, sem ut cursus luctus, ipsum leo elementum sem, vitae aliquam eros turpis non enim. Mauris quis""","""Published""",6/3/2023 22:50
1018,14,"""et malesuada""","""Mauris ut quam vel sapien imperdiet ornare. In faucibus. Morbi vehicula. Pellentesque tincidunt tempus risus. Donec egestas. Duis ac arcu. Nunc mauris.""","""Draft""",6/9/2023 5:36
1300,24,"""pellentesque massa""","""Sed id risus quis diam luctus lobortis. Class aptent taciti sociosqu ad litora torquent per conubia nostra, per inceptos hymenaeos. Mauris""","""Draft""",7/8/2023 0:35
1176,19,"""ornare placerat,""","""in felis. Nulla tempor augue ac ipsum. Phasellus vitae mauris sit amet lorem semper auctor.""","""Published""",2/15/2024 18:52
1098,37,"""convallis, ante""","""ante dictum cursus. Nunc mauris elit, dictum eu, eleifend nec, malesuada ut, sem. Nulla interdum. Curabitur dictum. Phasellus in felis. Nulla""","""Published""",10/30/2023 20:14
1381,5,"""Cras eget""","""pretium neque. Morbi quis urna. Nunc quis arcu vel quam dignissim pharetra. Nam ac""","""Published""",5/27/2023 7:25
1259,36,"""posuere, enim""","""ipsum primis in faucibus orci luctus et ultrices posuere cubilia""","""Published""",9/25/2023 0:43
1209,28,"""neque. Sed""","""id, erat. Etiam vestibulum massa rutrum magna. Cras convallis convallis dolor. Quisque tincidunt pede""","""Draft""",6/29/2023 22:03
1362,22,"""sit amet,""","""pede, nonummy ut, molestie in, tempus eu, ligula. Aenean euismod mauris eu elit. Nulla facilisi. Sed neque. Sed eget""","""Published""",2/5/2024 3:00
1339,3,"""pede nec""","""ac ipsum. Phasellus vitae mauris sit amet lorem semper auctor. Mauris vel turpis. Aliquam adipiscing lobortis risus. In mi pede, nonummy ut, molestie""","""Published""",12/18/2023 7:38
1135,3,"""Nulla facilisis.""","""Nullam lobortis quam a felis ullamcorper viverra. Maecenas iaculis aliquet diam. Sed""","""Draft""",2/11/2024 9:16
1033,4,"""magna. Sed""","""erat volutpat. Nulla dignissim. Maecenas ornare egestas ligula. Nullam feugiat placerat velit. Quisque varius. Nam porttitor scelerisque neque.""","""Published""",5/1/2024 20:25
1146,18,"""non enim""","""commodo at, libero. Morbi accumsan laoreet ipsum. Curabitur consequat, lectus sit""","""Published""",10/31/2023 13:59
1163,34,"""Nunc lectus""","""Sed nec metus facilisis lorem tristique aliquet. Phasellus fermentum convallis ligula. Donec luctus aliquet odio. Etiam""","""Published""",1/10/2024 1:04
1215,6,"""Nulla tempor""","""Cras lorem lorem, luctus ut, pellentesque eget, dictum placerat, augue. Sed molestie. Sed id risus quis diam luctus lobortis. Class aptent taciti sociosqu ad""","""Published""",11/24/2023 16:31
1139,6,"""tellus lorem""","""tristique pharetra. Quisque ac libero nec ligula consectetuer rhoncus. Nullam velit dui, semper et, lacinia""","""Draft""",4/1/2024 5:50
1382,31,"""elit, pharetra""","""Nulla interdum. Curabitur dictum. Phasellus in felis. Nulla tempor augue ac ipsum. Phasellus vitae mauris sit amet lorem semper auctor.""","""Draft""",9/13/2023 13:38
1048,2,"""lacus pede""","""tempor, est ac mattis semper, dui lectus rutrum urna, nec luctus felis purus ac tellus.""","""Published""",5/6/2023 13:31
1247,28,"""Curabitur egestas""","""Nunc ac sem ut dolor dapibus gravida. Aliquam tincidunt, nunc ac mattis ornare, lectus""","""Draft""",7/10/2023 9:34
1008,3,"""amet, consectetuer""","""consectetuer mauris id sapien. Cras dolor dolor, tempus non, lacinia at,""","""Draft""",6/21/2023 16:36
1290,35,"""Etiam bibendum""","""pellentesque a, facilisis non, bibendum sed, est. Nunc laoreet lectus quis massa. Mauris vestibulum, neque sed dictum eleifend,""","""Draft""",11/26/2023 23:02
1104,18,"""consectetuer adipiscing""","""eu elit. Nulla facilisi. Sed neque. Sed eget lacus. Mauris non dui nec urna suscipit nonummy. Fusce fermentum fermentum arcu. Vestibulum ante ipsum primis in""","""Draft""",6/10/2023 3:45
1144,19,"""Ut nec""","""amet risus. Donec egestas. Aliquam nec enim. Nunc ut erat. Sed nunc est, mollis non, cursus non, egestas a, dui. Cras pellentesque.""","""Draft""",12/1/2023 0:15
1073,3,"""sit amet""","""parturient montes, nascetur ridiculus mus. Proin vel arcu eu odio tristique pharetra. Quisque ac libero nec ligula""","""Draft""",12/2/2023 19:07
1131,4,"""vulputate ullamcorper""","""Duis elementum, dui quis accumsan convallis, ante lectus convallis est, vitae sodales nisi magna sed dui. Fusce""","""Published""",1/4/2024 0:19
1108,9,"""semper pretium""","""in lobortis tellus justo sit amet nulla. Donec non justo. Proin non massa non""","""Published""",2/12/2024 3:17
1083,8,"""risus, at""","""adipiscing lacus. Ut nec urna et arcu imperdiet ullamcorper. Duis at lacus. Quisque purus sapien, gravida non, sollicitudin a, malesuada""","""Draft""",9/4/2023 9:28
1245,2,"""arcu. Aliquam""","""magna nec quam. Curabitur vel lectus. Cum sociis natoque penatibus et magnis dis parturient montes, nascetur ridiculus mus. Donec""","""Published""",8/5/2023 5:23
1007,32,"""molestie. Sed""","""Nunc ut erat. Sed nunc est, mollis non, cursus non, egestas a, dui. Cras pellentesque. Sed dictum. Proin""","""Draft""",8/13/2023 7:12
1293,9,"""Ut tincidunt""","""Aliquam erat volutpat. Nulla dignissim. Maecenas ornare egestas ligula. Nullam feugiat placerat""","""Draft""",1/23/2024 14:40
1130,34,"""sem elit,""","""elit elit fermentum risus, at fringilla purus mauris a nunc. In at pede. Cras vulputate velit""","""Draft""",6/8/2023 12:55
1009,2,"""adipiscing lacus.""","""erat, eget tincidunt dui augue eu tellus. Phasellus elit pede, malesuada vel, venenatis vel,""","""Published""",1/24/2024 13:28
1144,4,"""nulla. In""","""eget nisi dictum augue malesuada malesuada. Integer id magna et ipsum""","""Draft""",2/19/2024 5:00
1346,15,"""varius et,""","""mauris blandit mattis. Cras eget nisi dictum augue malesuada malesuada. Integer id magna et""","""Published""",9/19/2023 21:55
1025,25,"""amet risus.""","""suscipit, est ac facilisis facilisis, magna tellus faucibus leo, in lobortis tellus""","""Draft""",5/29/2023 15:42
1220,38,"""purus, in""","""libero. Proin mi. Aliquam gravida mauris ut mi. Duis risus odio, auctor vitae, aliquet nec, imperdiet""","""Published""",8/29/2023 6:49
1358,10,"""commodo auctor""","""Donec est mauris, rhoncus id, mollis nec, cursus a, enim. Suspendisse aliquet, sem ut""","""Draft""",10/19/2023 11:20
1160,9,"""in magna.""","""Maecenas iaculis aliquet diam. Sed diam lorem, auctor quis, tristique ac, eleifend vitae, erat. Vivamus nisi. Mauris nulla. Integer urna. Vivamus""","""Draft""",9/11/2023 20:49
1316,18,"""in, dolor.""","""parturient montes, nascetur ridiculus mus. Proin vel nisl. Quisque fringilla euismod enim. Etiam gravida molestie arcu. Sed eu nibh vulputate mauris sagittis""","""Published""",4/12/2024 20:01
1168,13,"""lectus sit""","""dolor vitae dolor. Donec fringilla. Donec feugiat metus sit amet ante. Vivamus non lorem vitae odio sagittis semper. Nam tempor diam""","""Published""",2/16/2024 11:57
1282,21,"""non dui""","""habitant morbi tristique senectus et netus et malesuada fames ac turpis egestas. Aliquam fringilla cursus purus. Nullam""","""Published""",10/16/2023 16:32
1293,27,"""arcu. Vestibulum""","""ipsum dolor sit amet, consectetuer adipiscing elit. Aliquam auctor, velit eget laoreet posuere, enim nisl elementum""","""Published""",9/2/2023 3:46
1205,19,"""mollis vitae,""","""libero nec ligula consectetuer rhoncus. Nullam velit dui, semper et, lacinia vitae, sodales at, velit. Pellentesque ultricies dignissim lacus. Aliquam rutrum lorem ac risus.""","""Published""",12/3/2023 14:03
1117,38,"""Integer sem""","""non ante bibendum ullamcorper. Duis cursus, diam at pretium aliquet, metus urna convallis""","""Published""",5/10/2023 22:08
1098,32,"""natoque penatibus""","""placerat eget, venenatis a, magna. Lorem ipsum dolor sit amet, consectetuer adipiscing elit. Etiam laoreet, libero et tristique pellentesque, tellus""","""Draft""",9/19/2023 13:02
1112,24,"""vehicula et,""","""scelerisque dui. Suspendisse ac metus vitae velit egestas lacinia. Sed congue, elit sed consequat auctor, nunc nulla vulputate dui, nec tempus mauris erat eget ipsum.""","""Published""",10/2/2023 10:07
1149,12,"""consequat purus.""","""tincidunt tempus risus. Donec egestas. Duis ac arcu. Nunc mauris. Morbi non sapien molestie orci""","""Published""",12/28/2023 11:17
1059,2,"""imperdiet ornare.""","""semper rutrum. Fusce dolor quam, elementum at, egestas a, scelerisque sed, sapien. Nunc pulvinar arcu et pede. Nunc sed orci lobortis augue scelerisque mollis. Phasellus""","""Draft""",5/1/2024 15:50
1371,15,"""Ut tincidunt""","""auctor vitae, aliquet nec, imperdiet nec, leo. Morbi neque tellus, imperdiet non, vestibulum nec, euismod in, dolor. Fusce feugiat. Lorem ipsum dolor""","""Draft""",2/11/2024 8:17
1012,13,"""non, dapibus""","""est mauris, rhoncus id, mollis nec, cursus a, enim. Suspendisse aliquet, sem ut cursus luctus, ipsum leo""","""Draft""",5/30/2023 3:58
1160,28,"""aliquet diam.""","""magna, malesuada vel, convallis in, cursus et, eros. Proin ultrices. Duis volutpat nunc sit amet metus. Aliquam erat""","""Published""",11/30/2023 12:04
1287,2,"""eu turpis.""","""molestie. Sed id risus quis diam luctus lobortis. Class aptent taciti sociosqu ad litora torquent per conubia nostra, per inceptos hymenaeos. Mauris ut""","""Published""",4/11/2024 5:31
1351,25,"""dolor. Quisque""","""Mauris nulla. Integer urna. Vivamus molestie dapibus ligula. Aliquam erat volutpat. Nulla dignissim. Maecenas ornare egestas ligula.""","""Draft""",6/29/2023 1:42
1096,3,"""pede. Cras""","""eu dui. Cum sociis natoque penatibus et magnis dis parturient montes, nascetur ridiculus mus.""","""Published""",8/22/2023 19:39
1359,34,"""nisi nibh""","""volutpat nunc sit amet metus. Aliquam erat volutpat. Nulla facilisis. Suspendisse commodo tincidunt nibh. Phasellus nulla. Integer vulputate, risus a ultricies adipiscing,""","""Published""",1/20/2024 13:51
1352,35,"""interdum ligula""","""molestie in, tempus eu, ligula. Aenean euismod mauris eu elit. Nulla facilisi. Sed neque. Sed eget lacus. Mauris non dui nec urna suscipit""","""Draft""",7/30/2023 13:42
1020,6,"""Etiam gravida""","""enim. Nunc ut erat. Sed nunc est, mollis non, cursus non, egestas a, dui. Cras pellentesque. Sed dictum. Proin eget""","""Published""",8/26/2023 5:17
1026,3,"""commodo hendrerit.""","""ligula. Nullam enim. Sed nulla ante, iaculis nec, eleifend non, dapibus rutrum,""","""Published""",5/25/2023 10:58
1225,25,"""nonummy. Fusce""","""dictum ultricies ligula. Nullam enim. Sed nulla ante, iaculis nec, eleifend non, dapibus rutrum, justo.""","""Draft""",1/4/2024 11:40
1400,20,"""lorem ipsum""","""Fusce fermentum fermentum arcu. Vestibulum ante ipsum primis in faucibus orci luctus et ultrices posuere""","""Published""",9/18/2023 19:25
1308,5,"""lorem fringilla""","""sem. Nulla interdum. Curabitur dictum. Phasellus in felis. Nulla tempor augue""","""Published""",12/29/2023 14:13
1178,34,"""lorem fringilla""","""Nunc commodo auctor velit. Aliquam nisl. Nulla eu neque pellentesque massa lobortis ultrices. Vivamus rhoncus. Donec est. Nunc""","""Draft""",6/7/2023 3:00
1082,24,"""Suspendisse aliquet,""","""arcu. Curabitur ut odio vel est tempor bibendum. Donec felis orci,""","""Draft""",3/11/2024 11:00
1094,26,"""risus. Donec""","""ullamcorper viverra. Maecenas iaculis aliquet diam. Sed diam lorem, auctor quis, tristique ac, eleifend vitae,""","""Draft""",3/2/2024 1:39
1061,13,"""sed, est.""","""vitae velit egestas lacinia. Sed congue, elit sed consequat auctor,""","""Draft""",1/13/2024 10:25
1186,5,"""augue. Sed""","""scelerisque neque sed sem egestas blandit. Nam nulla magna, malesuada vel, convallis in, cursus et, eros. Proin ultrices. Duis volutpat""","""Draft""",3/8/2024 17:45
1057,36,"""enim mi""","""pulvinar arcu et pede. Nunc sed orci lobortis augue scelerisque mollis. Phasellus libero mauris, aliquam eu, accumsan sed, facilisis""","""Draft""",3/2/2024 3:00
1147,14,"""libero mauris,""","""metus. Aenean sed pede nec ante blandit viverra. Donec tempus, lorem fringilla ornare placerat, orci lacus vestibulum lorem, sit amet ultricies sem magna nec""","""Published""",10/7/2023 11:29
1196,14,"""eros nec""","""hymenaeos. Mauris ut quam vel sapien imperdiet ornare. In faucibus. Morbi vehicula. Pellentesque tincidunt tempus risus. Donec egestas. Duis ac""","""Draft""",3/25/2024 19:31
1300,22,"""velit. Pellentesque""","""amet, consectetuer adipiscing elit. Curabitur sed tortor. Integer aliquam adipiscing lacus.""","""Draft""",8/15/2023 21:38
1005,21,"""eleifend egestas.""","""Integer vitae nibh. Donec est mauris, rhoncus id, mollis nec, cursus a,""","""Draft""",9/22/2023 3:06
1323,21,"""massa. Integer""","""nascetur ridiculus mus. Aenean eget magna. Suspendisse tristique neque venenatis lacus.""","""Draft""",9/16/2023 16:47
1030,19,"""augue ac""","""ipsum dolor sit amet, consectetuer adipiscing elit. Curabitur sed tortor. Integer aliquam adipiscing lacus. Ut nec urna et arcu imperdiet""","""Draft""",8/10/2023 15:00
1023,28,"""gravida molestie""","""sed sem egestas blandit. Nam nulla magna, malesuada vel, convallis""","""Draft""",5/6/2023 23:29
1215,14,"""enim. Mauris""","""amet, consectetuer adipiscing elit. Etiam laoreet, libero et tristique pellentesque, tellus sem mollis dui, in sodales elit erat vitae risus.""","""Draft""",4/23/2024 15:17
1227,35,"""consequat, lectus""","""egestas blandit. Nam nulla magna, malesuada vel, convallis in, cursus et,""","""Draft""",5/10/2023 22:17
1045,3,"""rutrum. Fusce""","""quis diam luctus lobortis. Class aptent taciti sociosqu ad litora torquent per conubia nostra, per inceptos hymenaeos. Mauris ut quam vel sapien imperdiet ornare.""","""Published""",12/27/2023 21:14
1059,26,"""luctus et""","""in, dolor. Fusce feugiat. Lorem ipsum dolor sit amet, consectetuer adipiscing elit. Aliquam auctor, velit eget laoreet posuere, enim nisl""","""Published""",12/10/2023 18:22
1354,37,"""Proin nisl""","""sed orci lobortis augue scelerisque mollis. Phasellus libero mauris, aliquam eu, accumsan sed, facilisis vitae, orci. Phasellus""","""Published""",6/4/2023 2:35
1132,21,"""scelerisque neque""","""orci lobortis augue scelerisque mollis. Phasellus libero mauris, aliquam eu, accumsan sed, facilisis vitae, orci. Phasellus""","""Draft""",4/8/2024 17:49
1085,9,"""nulla. Cras""","""est. Nunc laoreet lectus quis massa. Mauris vestibulum, neque sed dictum eleifend, nunc risus varius orci, in consequat enim diam vel""","""Published""",5/17/2023 5:54
1178,15,"""odio a""","""nibh. Donec est mauris, rhoncus id, mollis nec, cursus a, enim. Suspendisse aliquet, sem ut cursus luctus, ipsum leo elementum sem, vitae""","""Published""",5/16/2023 16:54
1122,24,"""nostra, per""","""placerat. Cras dictum ultricies ligula. Nullam enim. Sed nulla ante,""","""Published""",7/8/2023 14:00
1127,21,"""per inceptos""","""tellus. Suspendisse sed dolor. Fusce mi lorem, vehicula et, rutrum eu, ultrices sit amet, risus. Donec nibh enim, gravida sit""","""Draft""",11/22/2023 5:33
1213,36,"""sed orci""","""a feugiat tellus lorem eu metus. In lorem. Donec elementum, lorem ut aliquam iaculis, lacus pede""","""Published""",12/4/2023 0:11
1143,36,"""blandit viverra.""","""vitae velit egestas lacinia. Sed congue, elit sed consequat auctor, nunc nulla vulputate dui, nec tempus mauris""","""Published""",7/6/2023 16:42
1000,17,"""libero est,""","""sed, hendrerit a, arcu. Sed et libero. Proin mi. Aliquam gravida mauris ut mi. Duis risus odio, auctor vitae, aliquet nec, imperdiet nec,""","""Draft""",6/10/2023 18:27
1287,11,"""massa non""","""malesuada fringilla est. Mauris eu turpis. Nulla aliquet. Proin velit. Sed malesuada augue ut lacus. Nulla tincidunt, neque vitae semper egestas, urna""","""Draft""",2/1/2024 2:08
1318,3,"""cursus et,""","""vehicula aliquet libero. Integer in magna. Phasellus dolor elit, pellentesque a, facilisis non, bibendum sed, est. Nunc laoreet lectus quis massa. Mauris""","""Draft""",6/24/2023 8:41
1006,27,"""Aenean euismod""","""imperdiet ullamcorper. Duis at lacus. Quisque purus sapien, gravida non, sollicitudin a, malesuada id, erat. Etiam vestibulum massa rutrum magna. Cras convallis convallis""","""Draft""",1/24/2024 4:17
1274,35,"""neque venenatis""","""in faucibus orci luctus et ultrices posuere cubilia Curae Donec tincidunt. Donec vitae erat vel pede blandit congue. In scelerisque scelerisque dui.""","""Published""",11/16/2023 21:58
1188,22,"""luctus, ipsum""","""nisi magna sed dui. Fusce aliquam, enim nec tempus scelerisque, lorem ipsum sodales purus, in molestie tortor nibh""","""Published""",2/7/2024 4:30
1234,3,"""ac orci.""","""Sed nunc est, mollis non, cursus non, egestas a, dui. Cras pellentesque. Sed dictum. Proin eget odio. Aliquam""","""Published""",8/23/2023 0:54
1376,8,"""est mauris,""","""In condimentum. Donec at arcu. Vestibulum ante ipsum primis in faucibus orci luctus et ultrices""","""Published""",9/30/2023 19:21
1140,17,"""tempor, est""","""non, feugiat nec, diam. Duis mi enim, condimentum eget, volutpat ornare, facilisis eget, ipsum. Donec sollicitudin adipiscing ligula. Aenean gravida nunc sed pede.""","""Published""",6/5/2023 7:01
1216,20,"""semper. Nam""","""imperdiet dictum magna. Ut tincidunt orci quis lectus. Nullam suscipit, est ac facilisis facilisis, magna tellus faucibus leo, in lobortis tellus""","""Published""",7/30/2023 18:29
1329,13,"""tincidunt tempus""","""fringilla est. Mauris eu turpis. Nulla aliquet. Proin velit. Sed""","""Published""",1/11/2024 12:05
1168,23,"""nec ipsum.""","""facilisi. Sed neque. Sed eget lacus. Mauris non dui nec urna suscipit nonummy. Fusce fermentum fermentum arcu. Vestibulum ante ipsum primis in faucibus orci""","""Draft""",3/5/2024 19:18
1009,33,"""dis parturient""","""Vivamus euismod urna. Nullam lobortis quam a felis ullamcorper viverra. Maecenas iaculis aliquet diam. Sed diam lorem, auctor quis, tristique ac,""","""Draft""",11/18/2023 4:06
1027,30,"""eget ipsum.""","""neque venenatis lacus. Etiam bibendum fermentum metus. Aenean sed pede nec ante blandit viverra. Donec tempus, lorem fringilla ornare placerat, orci lacus vestibulum lorem, sit""","""Draft""",10/29/2023 19:35
1292,19,"""at augue""","""odio tristique pharetra. Quisque ac libero nec ligula consectetuer rhoncus. Nullam velit dui, semper et, lacinia vitae, sodales at, velit. Pellentesque ultricies""","""Draft""",7/14/2023 10:26
1119,26,"""tortor nibh""","""eget ipsum. Suspendisse sagittis. Nullam vitae diam. Proin dolor. Nulla semper tellus id nunc interdum feugiat. Sed nec metus""","""Draft""",10/21/2023 10:56
1193,35,"""dolor dapibus""","""dui. Fusce diam nunc, ullamcorper eu, euismod ac, fermentum vel, mauris. Integer sem elit, pharetra ut, pharetra sed, hendrerit a, arcu.""","""Published""",5/17/2023 3:03
1261,17,"""lorem ipsum""","""velit. Aliquam nisl. Nulla eu neque pellentesque massa lobortis ultrices. Vivamus rhoncus. Donec est. Nunc""","""Published""",1/25/2024 23:06
1382,30,"""dolor, nonummy""","""a neque. Nullam ut nisi a odio semper cursus. Integer mollis. Integer tincidunt aliquam arcu. Aliquam ultrices iaculis""","""Draft""",10/31/2023 1:17
1306,38,"""facilisis. Suspendisse""","""nulla. In tincidunt congue turpis. In condimentum. Donec at arcu. Vestibulum ante ipsum primis in faucibus orci""","""Draft""",12/8/2023 0:16
1032,11,"""gravida mauris""","""consequat purus. Maecenas libero est, congue a, aliquet vel, vulputate eu, odio. Phasellus at augue id ante dictum cursus. Nunc mauris""","""Published""",10/26/2023 7:38
1042,38,"""Curabitur vel""","""nisi. Mauris nulla. Integer urna. Vivamus molestie dapibus ligula. Aliquam erat volutpat. Nulla dignissim. Maecenas ornare egestas ligula. Nullam""","""Published""",7/1/2023 6:32
1099,5,"""accumsan sed,""","""tellus faucibus leo, in lobortis tellus justo sit amet nulla. Donec non justo. Proin non massa non ante bibendum ullamcorper. Duis cursus, diam""","""Published""",12/7/2023 18:33
1132,9,"""eget lacus.""","""Donec egestas. Aliquam nec enim. Nunc ut erat. Sed nunc est, mollis non, cursus non, egestas a, dui. Cras pellentesque.""","""Draft""",3/29/2024 2:30
1194,15,"""eu erat""","""dignissim pharetra. Nam ac nulla. In tincidunt congue turpis. In condimentum. Donec at arcu. Vestibulum ante ipsum primis""","""Published""",12/29/2023 19:01
1184,38,"""tincidunt, nunc""","""eu, ultrices sit amet, risus. Donec nibh enim, gravida sit amet, dapibus id,""","""Published""",9/29/2023 5:09
1068,35,"""ipsum non""","""nec mauris blandit mattis. Cras eget nisi dictum augue malesuada malesuada. Integer id""","""Draft""",2/7/2024 14:42
1053,20,"""pharetra ut,""","""non, lacinia at, iaculis quis, pede. Praesent eu dui. Cum sociis natoque penatibus et""","""Published""",11/19/2023 10:45
1140,14,"""tempor arcu.""","""dictum. Proin eget odio. Aliquam vulputate ullamcorper magna. Sed eu eros. Nam consequat dolor vitae""","""Draft""",6/29/2023 10:59
1127,31,"""congue turpis.""","""at, iaculis quis, pede. Praesent eu dui. Cum sociis natoque penatibus et magnis dis parturient montes, nascetur ridiculus mus. Aenean eget""","""Draft""",12/3/2023 2:02
1259,4,"""nec metus""","""malesuada augue ut lacus. Nulla tincidunt, neque vitae semper egestas, urna justo faucibus lectus, a""","""Draft""",8/2/2023 21:14
1267,23,"""dolor dolor,""","""nonummy ipsum non arcu. Vivamus sit amet risus. Donec egestas. Aliquam nec""","""Draft""",1/12/2024 4:10
1300,9,"""non, vestibulum""","""sociis natoque penatibus et magnis dis parturient montes, nascetur ridiculus mus. Proin vel nisl. Quisque fringilla euismod enim. Etiam gravida molestie arcu.""","""Published""",2/25/2024 11:09
1009,30,"""nec, mollis""","""tincidunt nibh. Phasellus nulla. Integer vulputate, risus a ultricies adipiscing, enim mi tempor lorem, eget mollis lectus pede""","""Draft""",9/2/2023 3:10
1363,21,"""feugiat placerat""","""sollicitudin adipiscing ligula. Aenean gravida nunc sed pede. Cum sociis natoque penatibus et magnis dis parturient montes, nascetur ridiculus mus. Proin""","""Draft""",8/3/2023 5:59
1173,23,"""Nam interdum""","""convallis erat, eget tincidunt dui augue eu tellus. Phasellus elit pede, malesuada vel, venenatis vel, faucibus id, libero. Donec consectetuer mauris id sapien.""","""Draft""",4/2/2024 19:40
1132,29,"""Nullam feugiat""","""luctus lobortis. Class aptent taciti sociosqu ad litora torquent per conubia nostra,""","""Published""",5/20/2023 11:01
1239,23,"""elit. Etiam""","""sem ut cursus luctus, ipsum leo elementum sem, vitae aliquam eros turpis non enim. Mauris quis turpis vitae purus gravida sagittis. Duis gravida.""","""Published""",5/8/2023 13:59
1107,2,"""mi, ac""","""vestibulum nec, euismod in, dolor. Fusce feugiat. Lorem ipsum dolor sit amet, consectetuer adipiscing elit. Aliquam auctor, velit eget laoreet posuere, enim""","""Draft""",9/9/2023 3:42
1373,11,"""Mauris ut""","""arcu. Curabitur ut odio vel est tempor bibendum. Donec felis orci, adipiscing non, luctus sit amet, faucibus""","""Draft""",10/22/2023 14:49
1340,15,"""Morbi non""","""Suspendisse aliquet molestie tellus. Aenean egestas hendrerit neque. In ornare sagittis felis. Donec tempor, est ac mattis semper, dui""","""Draft""",12/5/2023 15:51
1014,32,"""elit, pharetra""","""risus. In mi pede, nonummy ut, molestie in, tempus eu, ligula. Aenean euismod mauris eu elit. Nulla facilisi. Sed neque. Sed eget lacus.""","""Published""",12/11/2023 16:53
1188,30,"""at, libero.""","""ut eros non enim commodo hendrerit. Donec porttitor tellus non magna.""","""Draft""",12/24/2023 21:19
1242,24,"""odio a""","""Donec dignissim magna a tortor. Nunc commodo auctor velit. Aliquam nisl. Nulla eu neque pellentesque massa lobortis""","""Draft""",8/25/2023 3:20
1075,19,"""laoreet lectus""","""arcu iaculis enim, sit amet ornare lectus justo eu arcu. Morbi sit amet""","""Draft""",4/26/2024 0:04
1049,22,"""Fusce dolor""","""nec, cursus a, enim. Suspendisse aliquet, sem ut cursus luctus, ipsum""","""Published""",12/3/2023 20:16
1300,25,"""quam quis""","""enim. Etiam imperdiet dictum magna. Ut tincidunt orci quis lectus. Nullam suscipit, est ac facilisis facilisis, magna""","""Published""",2/22/2024 14:18
1145,4,"""sit amet,""","""diam eu dolor egestas rhoncus. Proin nisl sem, consequat nec, mollis vitae, posuere at, velit. Cras""","""Draft""",8/13/2023 8:13
1097,33,"""natoque penatibus""","""blandit viverra. Donec tempus, lorem fringilla ornare placerat, orci lacus vestibulum lorem, sit amet ultricies sem""","""Draft""",3/24/2024 18:10
1227,8,"""aliquet libero.""","""lobortis mauris. Suspendisse aliquet molestie tellus. Aenean egestas hendrerit neque. In ornare""","""Draft""",8/12/2023 11:51
1235,38,"""lorem ac""","""Proin non massa non ante bibendum ullamcorper. Duis cursus, diam at pretium aliquet, metus urna convallis erat, eget tincidunt dui augue eu tellus.""","""Published""",12/15/2023 18:03
1105,8,"""lacus. Quisque""","""ornare lectus justo eu arcu. Morbi sit amet massa. Quisque porttitor""","""Published""",1/21/2024 6:35
1039,30,"""nisi sem""","""lectus justo eu arcu. Morbi sit amet massa. Quisque porttitor eros nec tellus. Nunc lectus pede, ultrices a, auctor non, feugiat nec, diam. Duis""","""Published""",12/7/2023 12:48
1211,27,"""lacus. Ut""","""Phasellus elit pede, malesuada vel, venenatis vel, faucibus id, libero. Donec consectetuer mauris id sapien. Cras dolor""","""Published""",7/23/2023 1:21
1387,25,"""diam eu""","""placerat eget, venenatis a, magna. Lorem ipsum dolor sit amet, consectetuer adipiscing elit. Etiam laoreet, libero et tristique pellentesque, tellus""","""Published""",2/25/2024 19:41
1148,11,"""pede blandit""","""tempus non, lacinia at, iaculis quis, pede. Praesent eu dui. Cum sociis natoque penatibus et magnis dis parturient montes, nascetur ridiculus mus. Aenean""","""Published""",3/11/2024 7:12
1121,12,"""dignissim. Maecenas""","""Praesent luctus. Curabitur egestas nunc sed libero. Proin sed turpis nec mauris blandit mattis. Cras eget nisi dictum""","""Draft""",4/30/2024 9:06
1111,19,"""urna, nec""","""Cum sociis natoque penatibus et magnis dis parturient montes, nascetur ridiculus mus. Proin vel arcu""","""Published""",6/9/2023 20:21
1171,23,"""vitae risus.""","""nascetur ridiculus mus. Proin vel arcu eu odio tristique pharetra. Quisque ac""","""Published""",10/10/2023 17:07
1122,26,"""non magna.""","""gravida mauris ut mi. Duis risus odio, auctor vitae, aliquet nec, imperdiet nec, leo. Morbi""","""Published""",5/22/2023 3:48
1244,21,"""eu tellus.""","""ipsum. Donec sollicitudin adipiscing ligula. Aenean gravida nunc sed pede. Cum sociis natoque penatibus et magnis dis parturient""","""Published""",7/22/2023 9:17
1221,2,"""vulputate, nisi""","""Nulla eget metus eu erat semper rutrum. Fusce dolor quam, elementum at, egestas a, scelerisque sed, sapien.""","""Draft""",7/27/2023 22:25
1171,25,"""convallis in,""","""ipsum cursus vestibulum. Mauris magna. Duis dignissim tempor arcu. Vestibulum ut eros non enim commodo hendrerit. Donec porttitor tellus non magna. Nam ligula""","""Draft""",6/17/2023 14:25
1284,10,"""Aliquam ornare,""","""ac facilisis facilisis, magna tellus faucibus leo, in lobortis tellus justo sit amet nulla. Donec non justo. Proin""","""Published""",8/11/2023 12:10
1398,28,"""Phasellus elit""","""sit amet, faucibus ut, nulla. Cras eu tellus eu augue porttitor interdum. Sed auctor odio a purus. Duis elementum, dui quis accumsan""","""Draft""",7/27/2023 11:38
1308,29,"""id nunc""","""In tincidunt congue turpis. In condimentum. Donec at arcu. Vestibulum ante ipsum primis in faucibus orci luctus et""","""Published""",5/13/2023 1:42
1100,6,"""Donec egestas.""","""malesuada fames ac turpis egestas. Fusce aliquet magna a neque. Nullam ut nisi a odio semper cursus. Integer mollis.""","""Draft""",7/22/2023 16:22
1270,14,"""odio. Phasellus""","""in sodales elit erat vitae risus. Duis a mi fringilla mi lacinia mattis. Integer eu lacus. Quisque imperdiet,""","""Draft""",11/1/2023 21:33
1078,10,"""vulputate, nisi""","""ornare tortor at risus. Nunc ac sem ut dolor dapibus gravida. Aliquam tincidunt, nunc ac mattis ornare, lectus ante dictum mi, ac mattis velit justo""","""Draft""",5/20/2023 4:06
1152,5,"""varius et,""","""diam. Pellentesque habitant morbi tristique senectus et netus et malesuada fames ac turpis egestas. Fusce""","""Draft""",7/9/2023 18:20
1342,15,"""enim. Curabitur""","""dis parturient montes, nascetur ridiculus mus. Proin vel nisl. Quisque fringilla euismod enim. Etiam gravida molestie arcu. Sed eu nibh vulputate""","""Published""",5/25/2023 16:03
1383,33,"""nec urna""","""vulputate ullamcorper magna. Sed eu eros. Nam consequat dolor vitae dolor. Donec""","""Draft""",4/15/2024 0:44
1049,33,"""lectus sit""","""porttitor scelerisque neque. Nullam nisl. Maecenas malesuada fringilla est. Mauris eu turpis. Nulla aliquet. Proin""","""Published""",4/12/2024 14:05
1317,30,"""cursus. Integer""","""nisi. Aenean eget metus. In nec orci. Donec nibh. Quisque nonummy ipsum non""","""Draft""",4/26/2024 1:53
1009,33,"""libero at""","""in sodales elit erat vitae risus. Duis a mi fringilla mi lacinia mattis. Integer eu lacus. Quisque imperdiet, erat nonummy ultricies ornare, elit elit""","""Draft""",9/9/2023 9:59
1088,15,"""enim, condimentum""","""vel, venenatis vel, faucibus id, libero. Donec consectetuer mauris id sapien. Cras dolor dolor, tempus""","""Published""",8/15/2023 9:59
1002,34,"""nostra, per""","""dignissim magna a tortor. Nunc commodo auctor velit. Aliquam nisl. Nulla eu neque pellentesque massa lobortis ultrices. Vivamus rhoncus. Donec est. Nunc ullamcorper, velit in""","""Draft""",11/10/2023 8:01
1101,26,"""interdum. Sed""","""eleifend non, dapibus rutrum, justo. Praesent luctus. Curabitur egestas nunc sed libero. Proin sed turpis""","""Published""",3/29/2024 7:15
1220,18,"""mauris a""","""Donec dignissim magna a tortor. Nunc commodo auctor velit. Aliquam nisl. Nulla eu neque pellentesque massa lobortis ultrices. Vivamus""","""Published""",3/24/2024 5:35
1103,35,"""venenatis lacus.""","""montes, nascetur ridiculus mus. Proin vel arcu eu odio tristique pharetra. Quisque ac libero nec ligula consectetuer rhoncus. Nullam velit""","""Draft""",1/25/2024 6:56
1008,10,"""Nam ac""","""Cras vulputate velit eu sem. Pellentesque ut ipsum ac mi eleifend egestas. Sed pharetra, felis eget varius ultrices, mauris ipsum porta elit, a""","""Published""",10/6/2023 15:35
1272,25,"""adipiscing fringilla,""","""erat eget ipsum. Suspendisse sagittis. Nullam vitae diam. Proin dolor. Nulla semper tellus id nunc interdum feugiat. Sed""","""Draft""",4/7/2024 8:26
1345,10,"""risus. Nulla""","""risus. Donec egestas. Aliquam nec enim. Nunc ut erat. Sed nunc est, mollis non,""","""Draft""",9/25/2023 21:28
1356,8,"""adipiscing ligula.""","""lorem, eget mollis lectus pede et risus. Quisque libero lacus, varius et, euismod et, commodo at,""","""Published""",9/9/2023 6:23
1095,18,"""sit amet,""","""Nulla facilisis. Suspendisse commodo tincidunt nibh. Phasellus nulla. Integer vulputate, risus a ultricies adipiscing, enim mi tempor""","""Draft""",4/4/2024 9:39
1175,21,"""eros nec""","""sed, facilisis vitae, orci. Phasellus dapibus quam quis diam. Pellentesque habitant morbi tristique""","""Draft""",6/5/2023 15:34
1213,38,"""Aenean egestas""","""sem semper erat, in consectetuer ipsum nunc id enim. Curabitur massa. Vestibulum accumsan neque et""","""Draft""",3/9/2024 9:33
1228,20,"""habitant morbi""","""eu dolor egestas rhoncus. Proin nisl sem, consequat nec, mollis vitae, posuere""","""Published""",3/21/2024 9:12
1005,3,"""Cras vehicula""","""quam. Pellentesque habitant morbi tristique senectus et netus et malesuada fames ac turpis egestas. Aliquam fringilla""","""Published""",10/22/2023 10:26
1037,20,"""Fusce aliquet""","""metus vitae velit egestas lacinia. Sed congue, elit sed consequat auctor, nunc nulla vulputate dui, nec tempus mauris erat eget ipsum. Suspendisse""","""Published""",8/29/2023 19:27
1222,32,"""auctor. Mauris""","""risus odio, auctor vitae, aliquet nec, imperdiet nec, leo. Morbi neque tellus, imperdiet non, vestibulum nec, euismod""","""Published""",10/27/2023 5:39
1134,30,"""rutrum lorem""","""iaculis, lacus pede sagittis augue, eu tempor erat neque non quam.""","""Published""",9/4/2023 19:49
1074,30,"""vel est""","""egestas blandit. Nam nulla magna, malesuada vel, convallis in, cursus et, eros.""","""Draft""",10/12/2023 1:19
1223,9,"""purus, accumsan""","""adipiscing. Mauris molestie pharetra nibh. Aliquam ornare, libero at auctor ullamcorper, nisl arcu iaculis enim, sit amet ornare lectus justo eu arcu. Morbi sit amet""","""Published""",9/25/2023 10:03
1199,21,"""vitae, posuere""","""ultrices, mauris ipsum porta elit, a feugiat tellus lorem eu metus. In lorem. Donec elementum, lorem ut""","""Published""",11/7/2023 5:05
1120,31,"""congue turpis.""","""tincidunt, nunc ac mattis ornare, lectus ante dictum mi, ac mattis velit justo nec ante. Maecenas mi felis, adipiscing fringilla,""","""Draft""",11/17/2023 20:46
1359,22,"""Nulla eget""","""tempor augue ac ipsum. Phasellus vitae mauris sit amet lorem semper auctor. Mauris vel""","""Published""",10/10/2023 14:31
1259,29,"""luctus aliquet""","""mauris erat eget ipsum. Suspendisse sagittis. Nullam vitae diam. Proin dolor. Nulla semper tellus id nunc interdum feugiat. Sed nec""","""Draft""",6/10/2023 21:41
1273,5,"""tincidunt. Donec""","""mauris id sapien. Cras dolor dolor, tempus non, lacinia at, iaculis quis, pede. Praesent eu dui. Cum sociis natoque penatibus et""","""Published""",10/26/2023 18:31
1082,7,"""ullamcorper, nisl""","""dignissim tempor arcu. Vestibulum ut eros non enim commodo hendrerit. Donec porttitor""","""Draft""",3/16/2024 6:45
1031,24,"""eget mollis""","""porttitor interdum. Sed auctor odio a purus. Duis elementum, dui quis accumsan convallis, ante lectus""","""Draft""",1/1/2024 20:48
1368,32,"""Sed neque.""","""vel, vulputate eu, odio. Phasellus at augue id ante dictum cursus. Nunc mauris elit, dictum eu, eleifend""","""Draft""",5/15/2023 22:37
1160,22,"""sagittis. Nullam""","""eu, ultrices sit amet, risus. Donec nibh enim, gravida sit amet, dapibus id, blandit at, nisi. Cum sociis natoque penatibus et""","""Draft""",12/4/2023 3:19
1371,7,"""auctor velit.""","""risus. Morbi metus. Vivamus euismod urna. Nullam lobortis quam a felis ullamcorper viverra. Maecenas iaculis aliquet diam. Sed diam lorem, auctor quis,""","""Draft""",9/23/2023 5:58
1360,26,"""erat volutpat.""","""pharetra. Nam ac nulla. In tincidunt congue turpis. In condimentum. Donec at arcu. Vestibulum ante ipsum primis in faucibus""","""Published""",5/28/2023 4:03
1070,4,"""eu neque""","""at fringilla purus mauris a nunc. In at pede. Cras vulputate velit eu sem.""","""Published""",4/5/2024 23:49
1349,17,"""neque. Nullam""","""nisl. Quisque fringilla euismod enim. Etiam gravida molestie arcu. Sed eu nibh vulputate mauris sagittis placerat. Cras dictum ultricies ligula.""","""Published""",11/1/2023 16:16
1089,29,"""est tempor""","""aliquam arcu. Aliquam ultrices iaculis odio. Nam interdum enim non nisi. Aenean eget metus. In nec""","""Published""",6/18/2023 2:44
1102,25,"""Aenean massa.""","""vitae odio sagittis semper. Nam tempor diam dictum sapien. Aenean massa. Integer vitae nibh. Donec est mauris, rhoncus id, mollis""","""Draft""",11/2/2023 14:12
1185,36,"""orci tincidunt""","""magna. Lorem ipsum dolor sit amet, consectetuer adipiscing elit. Etiam laoreet, libero et tristique""","""Draft""",9/1/2023 6:53
1237,28,"""Duis gravida.""","""In mi pede, nonummy ut, molestie in, tempus eu, ligula. Aenean euismod mauris eu elit. Nulla facilisi. Sed""","""Draft""",8/2/2023 16:54
1390,38,"""lorem ac""","""libero et tristique pellentesque, tellus sem mollis dui, in sodales elit erat vitae risus. Duis a""","""Published""",9/10/2023 15:21
1340,18,"""fermentum arcu.""","""erat. Sed nunc est, mollis non, cursus non, egestas a, dui. Cras pellentesque. Sed dictum. Proin eget odio. Aliquam""","""Published""",8/9/2023 7:59
1288,22,"""Aliquam adipiscing""","""orci, adipiscing non, luctus sit amet, faucibus ut, nulla. Cras eu tellus eu augue porttitor interdum. Sed auctor odio a purus. Duis elementum, dui""","""Published""",7/20/2023 8:06
1060,35,"""convallis in,""","""tellus lorem eu metus. In lorem. Donec elementum, lorem ut aliquam iaculis, lacus pede""","""Draft""",5/24/2023 12:29
1336,3,"""diam. Pellentesque""","""sapien. Aenean massa. Integer vitae nibh. Donec est mauris, rhoncus id,""","""Published""",7/21/2023 1:36
1244,38,"""Curae Phasellus""","""bibendum fermentum metus. Aenean sed pede nec ante blandit viverra. Donec tempus, lorem fringilla ornare placerat, orci lacus vestibulum""","""Draft""",2/16/2024 22:42
1364,17,"""hendrerit id,""","""nec, euismod in, dolor. Fusce feugiat. Lorem ipsum dolor sit amet, consectetuer adipiscing elit.""","""Published""",11/29/2023 9:36
1322,13,"""arcu ac""","""felis purus ac tellus. Suspendisse sed dolor. Fusce mi lorem, vehicula et, rutrum eu, ultrices sit amet, risus. Donec nibh enim,""","""Draft""",10/22/2023 14:40
1341,21,"""enim. Sed""","""placerat. Cras dictum ultricies ligula. Nullam enim. Sed nulla ante, iaculis nec, eleifend non, dapibus rutrum, justo. Praesent luctus. Curabitur egestas""","""Published""",2/19/2024 19:02
1106,32,"""erat. Etiam""","""dictum. Phasellus in felis. Nulla tempor augue ac ipsum. Phasellus vitae mauris sit amet lorem semper auctor.""","""Draft""",1/31/2024 22:32
1182,24,"""eu arcu.""","""faucibus orci luctus et ultrices posuere cubilia Curae Phasellus ornare. Fusce mollis. Duis sit amet diam""","""Draft""",4/10/2024 19:50
1392,11,"""volutpat. Nulla""","""eu, euismod ac, fermentum vel, mauris. Integer sem elit, pharetra ut, pharetra sed, hendrerit a, arcu. Sed et libero. Proin mi. Aliquam gravida mauris""","""Published""",1/28/2024 6:18
1163,16,"""sapien. Aenean""","""Maecenas iaculis aliquet diam. Sed diam lorem, auctor quis, tristique""","""Published""",9/7/2023 8:57
1366,34,"""vitae risus.""","""ut cursus luctus, ipsum leo elementum sem, vitae aliquam eros turpis non enim. Mauris""","""Published""",8/19/2023 9:21
1109,12,"""urna convallis""","""pretium neque. Morbi quis urna. Nunc quis arcu vel quam dignissim pharetra. Nam ac nulla. In tincidunt congue turpis. In condimentum.""","""Draft""",11/23/2023 7:46
1330,24,"""Aliquam adipiscing""","""magna a neque. Nullam ut nisi a odio semper cursus. Integer mollis. Integer tincidunt aliquam arcu. Aliquam""","""Draft""",6/16/2023 8:15
1047,26,"""Nulla facilisi.""","""Aenean eget magna. Suspendisse tristique neque venenatis lacus. Etiam bibendum fermentum metus. Aenean sed pede nec ante blandit viverra. Donec tempus, lorem""","""Published""",12/17/2023 5:42
1050,16,"""tellus. Phasellus""","""in, dolor. Fusce feugiat. Lorem ipsum dolor sit amet, consectetuer adipiscing elit. Aliquam auctor, velit eget laoreet posuere, enim nisl elementum purus, accumsan interdum""","""Draft""",2/24/2024 3:37
1179,19,"""pede blandit""","""tristique aliquet. Phasellus fermentum convallis ligula. Donec luctus aliquet odio. Etiam ligula tortor, dictum eu, placerat""","""Published""",2/3/2024 8:41
1337,28,"""gravida non,""","""consectetuer adipiscing elit. Curabitur sed tortor. Integer aliquam adipiscing lacus. Ut nec urna et arcu""","""Draft""",10/17/2023 23:07
1348,28,"""bibendum sed,""","""vitae aliquam eros turpis non enim. Mauris quis turpis vitae purus gravida sagittis. Duis gravida. Praesent""","""Published""",8/1/2023 8:51
1181,32,"""molestie orci""","""lobortis augue scelerisque mollis. Phasellus libero mauris, aliquam eu, accumsan sed, facilisis""","""Draft""",2/26/2024 21:47
1278,22,"""in molestie""","""quis, tristique ac, eleifend vitae, erat. Vivamus nisi. Mauris nulla. Integer urna. Vivamus molestie dapibus ligula. Aliquam""","""Published""",5/31/2023 2:13
1213,25,"""euismod et,""","""sagittis felis. Donec tempor, est ac mattis semper, dui lectus rutrum urna, nec luctus felis purus ac tellus. Suspendisse""","""Published""",10/2/2023 7:56
1020,28,"""faucibus id,""","""justo nec ante. Maecenas mi felis, adipiscing fringilla, porttitor vulputate, posuere vulputate, lacus. Cras interdum.""","""Published""",8/3/2023 17:23
1150,21,"""Vivamus nibh""","""nisl sem, consequat nec, mollis vitae, posuere at, velit. Cras lorem lorem,""","""Published""",9/30/2023 12:53
1232,5,"""tortor nibh""","""lacus pede sagittis augue, eu tempor erat neque non quam. Pellentesque habitant""","""Draft""",4/6/2024 11:40
1330,39,"""turpis non""","""ornare, facilisis eget, ipsum. Donec sollicitudin adipiscing ligula. Aenean gravida nunc sed pede. Cum sociis natoque penatibus et magnis dis""","""Draft""",3/13/2024 5:01
1400,34,"""congue turpis.""","""Aenean gravida nunc sed pede. Cum sociis natoque penatibus et magnis dis parturient montes, nascetur ridiculus mus. Proin vel arcu eu odio""","""Draft""",9/27/2023 6:25
1210,18,"""Nulla facilisis.""","""in consectetuer ipsum nunc id enim. Curabitur massa. Vestibulum accumsan neque et nunc. Quisque""","""Draft""",4/2/2024 6:43
1328,21,"""tellus justo""","""vel est tempor bibendum. Donec felis orci, adipiscing non, luctus""","""Published""",12/31/2023 2:47
1251,34,"""Cum sociis""","""Nunc mauris. Morbi non sapien molestie orci tincidunt adipiscing. Mauris molestie pharetra nibh. Aliquam ornare, libero at auctor ullamcorper, nisl""","""Published""",8/6/2023 10:32
1045,10,"""parturient montes,""","""non, lacinia at, iaculis quis, pede. Praesent eu dui. Cum sociis natoque penatibus et magnis dis parturient montes, nascetur ridiculus""","""Published""",6/22/2023 7:53
1351,15,"""ut dolor""","""lacus, varius et, euismod et, commodo at, libero. Morbi accumsan laoreet ipsum. Curabitur consequat, lectus sit amet luctus vulputate, nisi sem semper erat, in""","""Draft""",11/1/2023 15:40
1158,3,"""nec ligula""","""imperdiet nec, leo. Morbi neque tellus, imperdiet non, vestibulum nec, euismod in, dolor. Fusce feugiat. Lorem ipsum dolor sit amet,""","""Published""",5/19/2023 19:24
1016,12,"""Aenean sed""","""magna. Phasellus dolor elit, pellentesque a, facilisis non, bibendum sed, est. Nunc laoreet lectus quis massa. Mauris vestibulum, neque sed dictum eleifend,""","""Published""",6/5/2023 17:51
1133,5,"""ac orci.""","""Mauris nulla. Integer urna. Vivamus molestie dapibus ligula. Aliquam erat volutpat.""","""Draft""",9/13/2023 5:24
1311,7,"""volutpat. Nulla""","""ut ipsum ac mi eleifend egestas. Sed pharetra, felis eget varius ultrices, mauris""","""Published""",5/6/2023 6:04
1241,34,"""mi fringilla""","""enim diam vel arcu. Curabitur ut odio vel est tempor bibendum. Donec felis orci, adipiscing non, luctus sit amet, faucibus ut,""","""Published""",4/21/2024 9:15
1334,9,"""vehicula risus.""","""feugiat. Lorem ipsum dolor sit amet, consectetuer adipiscing elit. Aliquam""","""Published""",12/23/2023 6:40
1256,5,"""tincidunt nibh.""","""vitae, erat. Vivamus nisi. Mauris nulla. Integer urna. Vivamus molestie dapibus ligula. Aliquam erat volutpat. Nulla dignissim. Maecenas""","""Published""",7/20/2023 3:36
1375,20,"""ornare, lectus""","""ligula elit, pretium et, rutrum non, hendrerit id, ante. Nunc mauris sapien, cursus in,""","""Published""",3/16/2024 0:58
1295,20,"""facilisis eget,""","""Nam nulla magna, malesuada vel, convallis in, cursus et, eros. Proin ultrices. Duis volutpat nunc""","""Published""",5/12/2023 13:09
1244,20,"""at, nisi.""","""gravida non, sollicitudin a, malesuada id, erat. Etiam vestibulum massa rutrum""","""Draft""",9/23/2023 19:24
1314,39,"""arcu. Sed""","""cursus. Nunc mauris elit, dictum eu, eleifend nec, malesuada ut, sem. Nulla interdum. Curabitur dictum.""","""Published""",9/12/2023 1:22
1132,2,"""enim. Nunc""","""eu odio tristique pharetra. Quisque ac libero nec ligula consectetuer rhoncus. Nullam velit dui, semper et, lacinia vitae, sodales at, velit. Pellentesque""","""Draft""",8/31/2023 11:40
1165,26,"""ipsum. Suspendisse""","""quis turpis vitae purus gravida sagittis. Duis gravida. Praesent eu nulla""","""Draft""",8/4/2023 1:57
1086,19,"""dictum sapien.""","""quis urna. Nunc quis arcu vel quam dignissim pharetra. Nam ac nulla. In tincidunt congue turpis. In""","""Published""",9/6/2023 12:59
1124,19,"""velit justo""","""Donec elementum, lorem ut aliquam iaculis, lacus pede sagittis augue, eu tempor erat neque non""","""Draft""",7/2/2023 13:24
1188,15,"""eu enim.""","""senectus et netus et malesuada fames ac turpis egestas. Fusce aliquet magna a neque. Nullam""","""Published""",11/27/2023 21:24
1254,39,"""nascetur ridiculus""","""dui, semper et, lacinia vitae, sodales at, velit. Pellentesque ultricies dignissim lacus. Aliquam rutrum lorem ac risus. Morbi metus. Vivamus""","""Published""",3/24/2024 3:19
1041,38,"""neque venenatis""","""pellentesque massa lobortis ultrices. Vivamus rhoncus. Donec est. Nunc ullamcorper, velit in aliquet lobortis, nisi nibh lacinia orci, consectetuer euismod est arcu""","""Published""",5/23/2023 19:00
1197,9,"""Donec egestas.""","""quis diam luctus lobortis. Class aptent taciti sociosqu ad litora torquent per conubia nostra, per inceptos hymenaeos. Mauris""","""Published""",3/3/2024 8:41
1225,20,"""interdum ligula""","""Nunc pulvinar arcu et pede. Nunc sed orci lobortis augue scelerisque mollis. Phasellus libero mauris, aliquam eu, accumsan""","""Draft""",2/26/2024 19:55
1014,31,"""cursus vestibulum.""","""auctor ullamcorper, nisl arcu iaculis enim, sit amet ornare lectus justo eu arcu. Morbi sit amet massa. Quisque""","""Published""",7/19/2023 18:04
1263,33,"""velit. Aliquam""","""Mauris vestibulum, neque sed dictum eleifend, nunc risus varius orci, in consequat enim diam vel arcu. Curabitur ut odio vel est tempor bibendum. Donec""","""Published""",4/9/2024 15:04
1080,9,"""sagittis augue,""","""arcu. Vestibulum ante ipsum primis in faucibus orci luctus et ultrices""","""Draft""",3/7/2024 11:10
1034,22,"""sem molestie""","""eu, accumsan sed, facilisis vitae, orci. Phasellus dapibus quam quis diam. Pellentesque habitant morbi""","""Published""",7/16/2023 18:06
1018,26,"""Donec nibh""","""pharetra. Quisque ac libero nec ligula consectetuer rhoncus. Nullam velit dui, semper""","""Published""",12/1/2023 2:53
1239,23,"""iaculis odio.""","""rhoncus. Donec est. Nunc ullamcorper, velit in aliquet lobortis, nisi nibh lacinia orci, consectetuer euismod est arcu ac orci.""","""Published""",11/30/2023 3:05
1141,36,"""magna tellus""","""vel pede blandit congue. In scelerisque scelerisque dui. Suspendisse ac metus vitae velit egestas""","""Published""",9/7/2023 7:40
1191,21,"""id sapien.""","""egestas hendrerit neque. In ornare sagittis felis. Donec tempor, est ac mattis semper, dui lectus""","""Draft""",3/25/2024 1:28
1119,2,"""lectus quis""","""in, dolor. Fusce feugiat. Lorem ipsum dolor sit amet, consectetuer adipiscing elit. Aliquam auctor, velit eget laoreet posuere, enim nisl elementum purus, accumsan interdum libero""","""Draft""",8/25/2023 14:12
1051,17,"""natoque penatibus""","""mauris a nunc. In at pede. Cras vulputate velit eu sem. Pellentesque ut ipsum ac mi""","""Published""",9/7/2023 22:50
1337,13,"""volutpat ornare,""","""dolor sit amet, consectetuer adipiscing elit. Curabitur sed tortor. Integer aliquam adipiscing lacus. Ut nec urna et arcu imperdiet ullamcorper. Duis at lacus.""","""Published""",8/8/2023 13:06
1173,31,"""ac, feugiat""","""vitae mauris sit amet lorem semper auctor. Mauris vel turpis. Aliquam adipiscing lobortis risus. In mi pede, nonummy ut, molestie in, tempus eu, ligula. Aenean""","""Draft""",10/14/2023 2:41
1309,33,"""est, mollis""","""Nam porttitor scelerisque neque. Nullam nisl. Maecenas malesuada fringilla est. Mauris eu turpis. Nulla aliquet.""","""Published""",2/27/2024 18:33
1152,18,"""lectus justo""","""nunc id enim. Curabitur massa. Vestibulum accumsan neque et nunc. Quisque ornare tortor at""","""Draft""",11/27/2023 7:59
1211,26,"""orci sem""","""dui augue eu tellus. Phasellus elit pede, malesuada vel, venenatis vel, faucibus id, libero. Donec consectetuer mauris id sapien. Cras dolor dolor, tempus non, lacinia""","""Draft""",6/8/2023 19:26
1120,4,"""senectus et""","""sit amet, risus. Donec nibh enim, gravida sit amet, dapibus id,""","""Draft""",2/10/2024 2:13
1006,9,"""at auctor""","""ac urna. Ut tincidunt vehicula risus. Nulla eget metus eu erat""","""Published""",9/10/2023 19:23
1216,33,"""mus. Aenean""","""vestibulum nec, euismod in, dolor. Fusce feugiat. Lorem ipsum dolor sit amet, consectetuer adipiscing elit. Aliquam""","""Published""",7/4/2023 0:59
1229,30,"""gravida sit""","""volutpat nunc sit amet metus. Aliquam erat volutpat. Nulla facilisis. Suspendisse commodo tincidunt nibh. Phasellus nulla. Integer vulputate, risus a""","""Published""",11/27/2023 11:18
1140,31,"""volutpat nunc""","""enim. Curabitur massa. Vestibulum accumsan neque et nunc. Quisque ornare""","""Draft""",12/12/2023 4:44
1163,37,"""commodo auctor""","""dui lectus rutrum urna, nec luctus felis purus ac tellus. Suspendisse sed dolor. Fusce mi lorem, vehicula et, rutrum eu, ultrices sit amet, risus.""","""Draft""",3/20/2024 6:23
1072,18,"""Proin mi.""","""Nunc sollicitudin commodo ipsum. Suspendisse non leo. Vivamus nibh dolor, nonummy ac, feugiat non, lobortis quis, pede. Suspendisse dui. Fusce diam nunc, ullamcorper eu,""","""Published""",12/26/2023 6:22
1378,5,"""metus sit""","""lorem fringilla ornare placerat, orci lacus vestibulum lorem, sit amet ultricies sem magna nec quam. Curabitur vel lectus. Cum sociis natoque penatibus et magnis""","""Draft""",3/10/2024 21:43
1227,5,"""interdum libero""","""congue. In scelerisque scelerisque dui. Suspendisse ac metus vitae velit egestas lacinia. Sed congue,""","""Draft""",10/6/2023 22:17
1049,29,"""lorem lorem,""","""congue a, aliquet vel, vulputate eu, odio. Phasellus at augue id ante dictum cursus. Nunc mauris elit, dictum eu, eleifend nec, malesuada ut,""","""Draft""",4/27/2024 4:54
1207,29,"""semper rutrum.""","""luctus vulputate, nisi sem semper erat, in consectetuer ipsum nunc id enim. Curabitur massa. Vestibulum accumsan neque et nunc.""","""Draft""",8/19/2023 1:30
1048,20,"""ac, fermentum""","""magnis dis parturient montes, nascetur ridiculus mus. Donec dignissim magna a tortor. Nunc commodo auctor velit.""","""Draft""",9/16/2023 15:30
1104,36,"""Nulla eu""","""aliquet lobortis, nisi nibh lacinia orci, consectetuer euismod est arcu ac orci. Ut semper pretium neque. Morbi quis urna. Nunc quis arcu vel""","""Published""",10/1/2023 20:47
1029,32,"""ac mattis""","""eu, odio. Phasellus at augue id ante dictum cursus. Nunc mauris elit, dictum eu, eleifend nec,""","""Published""",9/26/2023 14:36
1069,7,"""hymenaeos. Mauris""","""erat volutpat. Nulla dignissim. Maecenas ornare egestas ligula. Nullam feugiat placerat velit. Quisque varius. Nam porttitor scelerisque neque. Nullam nisl. Maecenas""","""Draft""",12/11/2023 8:41
1053,23,"""cursus. Nunc""","""quis urna. Nunc quis arcu vel quam dignissim pharetra. Nam ac nulla.""","""Draft""",1/12/2024 5:19
1289,16,"""ut quam""","""viverra. Donec tempus, lorem fringilla ornare placerat, orci lacus vestibulum lorem, sit amet ultricies sem magna""","""Published""",8/13/2023 6:37
1043,12,"""Phasellus dapibus""","""aliquet, metus urna convallis erat, eget tincidunt dui augue eu tellus. Phasellus elit pede, malesuada vel, venenatis vel,""","""Published""",3/3/2024 4:02
1387,7,"""ac metus""","""In mi pede, nonummy ut, molestie in, tempus eu, ligula. Aenean euismod mauris eu elit. Nulla facilisi.""","""Draft""",12/14/2023 19:59
1332,6,"""lorem, auctor""","""ut erat. Sed nunc est, mollis non, cursus non, egestas a, dui. Cras pellentesque. Sed dictum. Proin eget odio. Aliquam vulputate ullamcorper""","""Draft""",9/20/2023 8:27
1368,27,"""non quam.""","""enim. Etiam gravida molestie arcu. Sed eu nibh vulputate mauris sagittis placerat. Cras dictum ultricies ligula. Nullam enim. Sed nulla ante,""","""Published""",11/15/2023 14:38
1091,22,"""est mauris,""","""Phasellus dolor elit, pellentesque a, facilisis non, bibendum sed, est. Nunc laoreet lectus quis""","""Draft""",8/21/2023 9:12
1306,28,"""in, tempus""","""Fusce aliquet magna a neque. Nullam ut nisi a odio semper cursus. Integer mollis. Integer tincidunt aliquam arcu.""","""Draft""",6/30/2023 15:55
1247,36,"""ipsum primis""","""egestas blandit. Nam nulla magna, malesuada vel, convallis in, cursus et, eros. Proin ultrices. Duis volutpat nunc sit amet metus. Aliquam""","""Draft""",5/1/2024 12:59
1229,6,"""eget metus.""","""iaculis aliquet diam. Sed diam lorem, auctor quis, tristique ac, eleifend vitae, erat. Vivamus nisi. Mauris nulla.""","""Published""",3/26/2024 21:10
1032,31,"""Aliquam ultrices""","""Proin sed turpis nec mauris blandit mattis. Cras eget nisi dictum augue malesuada malesuada.""","""Draft""",7/24/2023 3:37
1125,37,"""eu sem.""","""et ipsum cursus vestibulum. Mauris magna. Duis dignissim tempor arcu. Vestibulum ut eros non enim commodo hendrerit. Donec""","""Published""",11/10/2023 1:14
1302,1,"""ipsum. Curabitur""","""Sed dictum. Proin eget odio. Aliquam vulputate ullamcorper magna. Sed eu eros. Nam consequat dolor vitae dolor. Donec fringilla. Donec feugiat metus sit amet""","""Published""",10/26/2023 16:06
1074,30,"""interdum. Sed""","""ac ipsum. Phasellus vitae mauris sit amet lorem semper auctor. Mauris vel turpis. Aliquam adipiscing lobortis risus. In mi pede, nonummy ut, molestie""","""Draft""",8/19/2023 16:48
1363,2,"""tempor arcu.""","""id ante dictum cursus. Nunc mauris elit, dictum eu, eleifend nec, malesuada ut,""","""Published""",6/14/2023 19:00
1302,17,"""neque tellus,""","""Nam nulla magna, malesuada vel, convallis in, cursus et, eros. Proin ultrices. Duis volutpat nunc sit""","""Draft""",12/12/2023 11:05
1257,22,"""erat. Sed""","""vitae risus. Duis a mi fringilla mi lacinia mattis. Integer eu lacus. Quisque imperdiet, erat nonummy ultricies ornare, elit elit fermentum risus, at""","""Draft""",2/15/2024 15:04
1325,15,"""sit amet,""","""at lacus. Quisque purus sapien, gravida non, sollicitudin a, malesuada id, erat. Etiam""","""Published""",8/19/2023 7:41
1166,25,"""ut mi.""","""ac turpis egestas. Aliquam fringilla cursus purus. Nullam scelerisque neque sed sem egestas blandit. Nam nulla magna, malesuada vel, convallis in, cursus et, eros. Proin""","""Published""",9/23/2023 9:12
1051,24,"""ut aliquam""","""Fusce aliquam, enim nec tempus scelerisque, lorem ipsum sodales purus, in molestie tortor nibh sit amet orci. Ut sagittis""","""Draft""",2/25/2024 2:02
1003,22,"""mollis. Integer""","""fermentum vel, mauris. Integer sem elit, pharetra ut, pharetra sed, hendrerit a,""","""Draft""",8/6/2023 18:21
1139,5,"""urna. Vivamus""","""et netus et malesuada fames ac turpis egestas. Aliquam fringilla cursus purus. Nullam scelerisque neque sed""","""Published""",12/6/2023 14:50
1368,24,"""Suspendisse non""","""placerat, augue. Sed molestie. Sed id risus quis diam luctus lobortis. Class aptent taciti sociosqu""","""Published""",12/30/2023 13:54
1112,30,"""faucibus orci""","""eget mollis lectus pede et risus. Quisque libero lacus, varius et, euismod et, commodo at, libero. Morbi accumsan laoreet ipsum. Curabitur consequat, lectus sit amet""","""Published""",1/22/2024 2:56
1074,21,"""Aenean gravida""","""augue porttitor interdum. Sed auctor odio a purus. Duis elementum, dui quis accumsan convallis,""","""Draft""",8/20/2023 4:22
1170,8,"""luctus felis""","""interdum. Curabitur dictum. Phasellus in felis. Nulla tempor augue ac ipsum. Phasellus vitae mauris sit amet lorem semper auctor. Mauris vel turpis. Aliquam""","""Draft""",8/11/2023 1:52
1158,30,"""lorem fringilla""","""non magna. Nam ligula elit, pretium et, rutrum non, hendrerit id, ante. Nunc mauris sapien, cursus""","""Draft""",5/26/2023 6:25
