user_id,user_profile_id,f_name,l_name,gender,occupation,dob,date_updated
100000,469,"""Yoshio""","""Tran""","""Male""","""Home maker""",3/19/1990,12/8/2023 2:42
100001,140,"""Kirk""","""Foley""","""Female""","""Nurse""",2/12/1985,7/16/2023 15:49
100002,299,"""Sebastian""","""Macias""","""Male""","""Professor""",12/9/1996,4/28/2024 1:40
100003,189,"""MacKenzie""","""Conrad""","""Male""","""Student""",9/19/1955,11/10/2023 7:04
100004,478,"""Galena""","""Atkinson""","""Female""","""Driver""",2/23/1963,12/31/2023 17:24
100005,148,"""Ryan""","""Mcbride""","""Female""","""Software engineer""",7/10/1971,10/12/2023 7:20
100006,108,"""Hall""","""Garrett""","""Male""","""Home maker""",9/16/1956,8/23/2023 0:27
100007,313,"""Kasper""","""Chase""","""Female""","""Software engineer""",4/29/2006,1/23/2024 3:23
100008,471,"""Jermaine""","""Brown""","""Female""","""Doctor""",5/27/1950,5/20/2023 11:22
100009,37,"""Blaze""","""Miranda""","""Male""","""Software engineer""",9/19/2003,10/24/2023 14:46
100010,219,"""Neville""","""Jefferson""","""Female""","""Nurse""",11/17/1958,7/24/2023 16:45
100011,13,"""Ferris""","""Ewing""","""Male""","""Doctor""",3/18/1971,2/8/2024 7:20
100012,356,"""Upton""","""Schultz""","""Female""","""Artist""",1/18/2000,6/26/2023 12:20
100013,317,"""Elliott""","""Rosales""","""Female""","""Doctor""",4/20/1998,11/20/2023 6:51
100014,50,"""Griffith""","""Conway""","""Female""","""Student""",1/21/1994,10/15/2023 13:09
100015,346,"""Wynter""","""Ward""","""Female""","""Software engineer""",3/28/1974,6/10/2023 9:17
100016,311,"""Dane""","""Townsend""","""Male""","""Student""",9/15/2003,4/17/2024 2:35
100017,26,"""Aristotle""","""Goodwin""","""Male""","""Driver""",8/22/1974,11/11/2023 9:37
100018,123,"""Mari""","""Steele""","""Female""","""Artist""",9/7/1974,1/1/2024 16:41
100019,361,"""Dillon""","""Rosario""","""Female""","""Software engineer""",5/6/2001,6/20/2023 5:25
100020,291,"""Jason""","""Mckay""","""Male""","""Professor""",7/1/1965,6/15/2023 9:03
100021,322,"""Harding""","""Whitehead""","""Female""","""Plumber""",7/23/1978,6/16/2023 8:17
100022,64,"""Quamar""","""Williams""","""Male""","""Student""",3/31/1978,8/7/2023 2:39
100023,362,"""Evelyn""","""Matthews""","""Female""","""Doctor""",5/10/1991,2/22/2024 14:53
100024,353,"""Maile""","""Sykes""","""Male""","""Professor""",1/31/1989,3/19/2024 9:34
100025,432,"""Freya""","""Chase""","""Female""","""Driver""",11/17/1987,1/15/2024 5:18
100026,249,"""Damian""","""Callahan""","""Male""","""Driver""",10/21/1989,8/24/2023 18:13
100027,466,"""Nicholas""","""Fitzgerald""","""Male""","""Plumber""",6/4/1961,8/25/2023 15:42
100028,238,"""Suki""","""Dunlap""","""Male""","""Driver""",2/7/1985,5/26/2023 19:35
100029,388,"""Quemby""","""Tillman""","""Female""","""Doctor""",7/19/1968,11/19/2023 8:03
100030,150,"""Burton""","""Henderson""","""Male""","""Artist""",9/25/2001,4/21/2024 3:47
100031,209,"""Marcia""","""Downs""","""Female""","""Professor""",3/17/1978,12/22/2023 7:03
100032,307,"""Brenda""","""Holt""","""Male""","""Software engineer""",10/19/1962,4/8/2024 21:27
100033,168,"""Hayden""","""Cooke""","""Female""","""Home maker""",6/19/1964,9/23/2023 21:49
100034,262,"""Forrest""","""Case""","""Male""","""Software engineer""",6/19/1974,11/23/2023 22:00
100035,272,"""Shelby""","""Horn""","""Female""","""Software engineer""",10/5/2002,7/26/2023 19:04
100036,281,"""Ashely""","""Golden""","""Male""","""Software engineer""",2/2/2004,8/22/2023 22:39
100037,168,"""Gareth""","""Carey""","""Female""","""Nurse""",11/10/1965,11/17/2023 23:26
100038,307,"""Urielle""","""Smith""","""Male""","""Software engineer""",12/24/1967,1/29/2024 11:43
100039,356,"""Roth""","""Hodge""","""Female""","""Teacher""",10/17/1951,3/6/2024 14:24
100040,497,"""Maxwell""","""Noel""","""Male""","""Artist""",6/17/1967,4/4/2024 22:15
100041,3,"""Hall""","""Snow""","""Female""","""Software engineer""",12/19/1997,11/17/2023 17:45
100042,109,"""Rhea""","""Sykes""","""Female""","""Home maker""",2/15/1996,2/11/2024 0:34
100043,372,"""Rhona""","""Conrad""","""Male""","""Artist""",8/19/1952,6/29/2023 21:41
100044,429,"""Aimee""","""Randall""","""Male""","""Teacher""",3/24/1966,3/24/2024 4:49
100045,282,"""Xandra""","""Sloan""","""Female""","""Plumber""",7/29/1984,11/1/2023 21:23
100046,156,"""Shelby""","""Kemp""","""Female""","""Driver""",4/26/2006,11/29/2023 14:07
100047,102,"""Kenneth""","""Delacruz""","""Female""","""Nurse""",6/13/1993,7/18/2023 9:59
100048,7,"""Kirsten""","""Shields""","""Male""","""Home maker""",7/30/1986,1/26/2024 11:47
100049,19,"""Jasmine""","""Brooks""","""Male""","""Artist""",9/7/1954,9/2/2023 0:13
100050,452,"""Raja""","""Anthony""","""Male""","""Doctor""",11/14/1957,4/1/2024 9:04
100051,96,"""Reed""","""Diaz""","""Male""","""Student""",1/12/1959,5/28/2023 12:52
100052,331,"""Quintessa""","""Sargent""","""Female""","""Driver""",12/1/1962,3/10/2024 11:01
100053,34,"""Harlan""","""Key""","""Male""","""Plumber""",6/14/1957,6/13/2023 9:36
100054,155,"""Evelyn""","""Gould""","""Female""","""Home maker""",8/5/1969,10/29/2023 15:13
100055,496,"""Karyn""","""Collins""","""Male""","""Teacher""",10/15/1981,1/12/2024 3:56
100056,143,"""Althea""","""Roach""","""Male""","""Driver""",6/14/1980,9/28/2023 14:02
100057,157,"""William""","""Horton""","""Female""","""Home maker""",3/29/2002,9/10/2023 2:40
100058,407,"""Emery""","""Scott""","""Male""","""Doctor""",3/11/1968,12/20/2023 5:10
100059,355,"""Doris""","""Dixon""","""Female""","""Professor""",7/3/2002,9/22/2023 18:50
100060,395,"""Caesar""","""Townsend""","""Female""","""Student""",8/2/1960,8/5/2023 1:24
100061,467,"""Melissa""","""Franks""","""Male""","""Driver""",12/7/1954,5/26/2023 15:32
100062,449,"""Barry""","""Aguilar""","""Female""","""Home maker""",8/26/1959,10/20/2023 9:37
100063,3,"""Jasmine""","""Frank""","""Female""","""Software engineer""",10/12/1970,5/11/2023 14:03
100064,149,"""Philip""","""Rose""","""Female""","""Professor""",9/18/1989,7/28/2023 14:27
100065,290,"""Rhoda""","""Dale""","""Male""","""Doctor""",11/21/1994,3/21/2024 14:02
100066,408,"""Xaviera""","""Sargent""","""Female""","""Home maker""",7/20/1959,3/24/2024 12:02
100067,351,"""Kerry""","""Barker""","""Female""","""Nurse""",1/14/1966,1/24/2024 10:08
100068,401,"""Damon""","""Bonner""","""Female""","""Professor""",8/23/1985,6/2/2023 19:22
100069,450,"""Lacey""","""Bird""","""Male""","""Home maker""",11/1/1978,5/24/2023 14:10
100070,284,"""Lillian""","""Golden""","""Male""","""Driver""",3/30/1952,3/7/2024 1:15
100071,329,"""Moses""","""Camacho""","""Male""","""Driver""",7/26/2001,10/18/2023 17:29
100072,407,"""Laurel""","""Herman""","""Female""","""Software engineer""",8/23/1982,7/24/2023 23:43
100073,377,"""TaShya""","""Ortiz""","""Male""","""Software engineer""",11/14/2003,4/8/2024 4:37
100074,173,"""Damon""","""Joyner""","""Male""","""Home maker""",4/27/1957,3/6/2024 21:21
100075,153,"""Belle""","""Burks""","""Male""","""Teacher""",12/9/1976,12/21/2023 15:06
100076,389,"""Rudyard""","""Randolph""","""Female""","""Home maker""",12/21/2001,12/10/2023 11:03
100077,14,"""Alan""","""Gates""","""Female""","""Student""",12/25/2004,4/15/2024 22:08
100078,128,"""Kirsten""","""Stephenson""","""Female""","""Artist""",9/9/1966,11/1/2023 9:07
100079,80,"""Colleen""","""Justice""","""Female""","""Professor""",9/22/1957,6/18/2023 12:01
100080,69,"""India""","""Diaz""","""Male""","""Plumber""",4/24/1962,2/14/2024 4:41
100081,395,"""Imelda""","""Dickson""","""Male""","""Software engineer""",6/23/1967,7/19/2023 5:51
100082,280,"""Jason""","""Lott""","""Female""","""Doctor""",11/10/1993,8/31/2023 5:20
100083,176,"""Jakeem""","""Carson""","""Male""","""Driver""",6/23/1992,2/12/2024 16:13
100084,116,"""Ivan""","""Ball""","""Male""","""Software engineer""",8/5/1991,5/11/2023 13:24
100085,374,"""Emerald""","""Noel""","""Male""","""Home maker""",2/9/1961,7/22/2023 12:04
100086,107,"""Tobias""","""Lawson""","""Male""","""Software engineer""",4/28/1974,12/15/2023 23:21
100087,88,"""Vielka""","""Compton""","""Male""","""Driver""",10/20/1955,5/4/2023 11:17
100088,269,"""Theodore""","""Morris""","""Male""","""Professor""",10/13/1982,9/26/2023 22:24
100089,323,"""Tatiana""","""Banks""","""Female""","""Plumber""",8/6/1967,9/15/2023 9:50
100090,431,"""Fiona""","""Sosa""","""Female""","""Student""",2/17/1988,10/13/2023 4:58
100091,404,"""Fuller""","""Morin""","""Male""","""Artist""",10/19/1964,11/28/2023 16:27
100092,214,"""Cally""","""Lucas""","""Female""","""Student""",3/6/1957,10/9/2023 3:08
100093,34,"""Cairo""","""Grant""","""Female""","""Student""",3/29/1972,6/4/2023 17:59
100094,210,"""September""","""Morse""","""Female""","""Student""",3/17/1972,7/6/2023 9:57
100095,80,"""Cade""","""Kelley""","""Female""","""Home maker""",12/9/1973,9/11/2023 1:59
100096,481,"""Martina""","""Hooper""","""Female""","""Student""",12/23/2004,2/7/2024 21:09
100097,263,"""Colt""","""Bruce""","""Male""","""Nurse""",12/25/1969,11/1/2023 23:30
100098,120,"""Dominic""","""Knox""","""Male""","""Artist""",1/10/1999,1/7/2024 12:43
100099,60,"""Deanna""","""Chan""","""Female""","""Artist""",8/29/1969,7/21/2023 21:45
100100,181,"""Adria""","""Tucker""","""Female""","""Teacher""",7/7/1967,10/24/2023 0:39
100101,291,"""Deanna""","""Boyle""","""Female""","""Nurse""",4/21/1956,11/7/2023 20:13
100102,168,"""Zorita""","""Sheppard""","""Male""","""Nurse""",3/12/2002,4/21/2024 18:44
100103,371,"""Quynn""","""Olson""","""Male""","""Software engineer""",6/24/1989,10/23/2023 4:27
100104,94,"""Marvin""","""Howard""","""Female""","""Professor""",9/5/1994,6/30/2023 10:18
100105,366,"""Octavius""","""Levine""","""Male""","""Driver""",4/1/1957,10/17/2023 12:43
100106,230,"""Simone""","""Todd""","""Female""","""Student""",2/7/1952,5/25/2023 19:32
100107,417,"""Eagan""","""Johns""","""Female""","""Artist""",5/21/1956,11/21/2023 20:04
100108,41,"""Nayda""","""Kaufman""","""Male""","""Plumber""",10/21/1989,8/12/2023 2:36
100109,233,"""Mechelle""","""Solis""","""Female""","""Teacher""",9/8/1991,10/16/2023 14:38
100110,367,"""Gay""","""Kemp""","""Male""","""Professor""",9/5/1967,2/2/2024 10:56
100111,374,"""Cherokee""","""Wade""","""Male""","""Plumber""",7/31/1964,6/26/2023 0:16
100112,112,"""Dalton""","""Walton""","""Male""","""Plumber""",9/9/1995,10/1/2023 14:24
100113,267,"""Justine""","""Wade""","""Female""","""Nurse""",3/20/1966,2/24/2024 10:56
100114,94,"""Maisie""","""Suarez""","""Female""","""Student""",11/2/1986,6/18/2023 8:42
100115,269,"""Drew""","""Brown""","""Male""","""Teacher""",8/4/2001,6/2/2023 20:42
100116,127,"""Sacha""","""Frederick""","""Female""","""Software engineer""",8/11/1960,6/14/2023 18:30
100117,64,"""Aaron""","""Price""","""Male""","""Doctor""",4/1/1981,11/15/2023 9:15
100118,329,"""Iliana""","""White""","""Male""","""Nurse""",1/10/1951,8/20/2023 14:37
100119,397,"""Fiona""","""Salazar""","""Female""","""Artist""",11/10/1960,8/6/2023 23:28
100120,464,"""Brittany""","""Wilcox""","""Female""","""Teacher""",10/29/1959,8/28/2023 6:28
100121,296,"""Francis""","""Rush""","""Female""","""Plumber""",7/2/1978,11/29/2023 16:36
100122,252,"""Ezekiel""","""Richmond""","""Female""","""Home maker""",12/17/1999,2/18/2024 0:47
100123,74,"""Jorden""","""Bailey""","""Female""","""Driver""",8/6/1981,5/6/2023 12:48
100124,464,"""Cathleen""","""Ramirez""","""Female""","""Doctor""",6/29/1967,7/14/2023 4:56
100125,294,"""Donovan""","""Glass""","""Female""","""Nurse""",4/11/1953,2/19/2024 0:04
100126,310,"""Leila""","""Buckley""","""Male""","""Student""",12/1/1988,1/10/2024 2:18
100127,405,"""Damian""","""Beasley""","""Male""","""Plumber""",6/24/1970,3/1/2024 23:03
100128,442,"""Nathaniel""","""Farmer""","""Female""","""Student""",11/10/1965,9/26/2023 12:59
100129,296,"""Len""","""O'Neill""","""Male""","""Teacher""",1/11/1972,3/1/2024 11:33
100130,151,"""Mia""","""Horn""","""Female""","""Nurse""",2/15/2006,8/7/2023 7:56
100131,136,"""Odessa""","""Holland""","""Female""","""Nurse""",11/12/1977,4/28/2024 1:00
100132,138,"""Heather""","""Blankenship""","""Female""","""Nurse""",5/5/1969,5/18/2023 22:30
100133,274,"""Reuben""","""Battle""","""Female""","""Plumber""",7/30/1980,3/18/2024 12:40
100134,354,"""Nina""","""Boyd""","""Female""","""Artist""",6/28/1964,6/8/2023 17:10
100135,451,"""Ryan""","""Bennett""","""Female""","""Plumber""",6/22/1966,3/25/2024 18:12
100136,413,"""Tasha""","""Larsen""","""Male""","""Artist""",6/25/1990,12/29/2023 15:09
100137,409,"""Lewis""","""Herring""","""Male""","""Doctor""",11/14/1989,8/13/2023 0:41
100138,205,"""Roary""","""Mason""","""Male""","""Student""",9/18/1966,9/22/2023 23:47
100139,181,"""Drake""","""Aguirre""","""Male""","""Nurse""",12/19/1950,12/9/2023 21:23
100140,350,"""Walker""","""Rowland""","""Male""","""Doctor""",12/8/1974,6/27/2023 20:34
100141,483,"""Benjamin""","""Ramos""","""Male""","""Artist""",5/23/1954,2/5/2024 7:34
100142,69,"""Flavia""","""Adkins""","""Male""","""Teacher""",11/4/1975,2/23/2024 4:36
100143,360,"""May""","""Lamb""","""Female""","""Doctor""",1/10/1992,9/6/2023 4:00
100144,96,"""Imogene""","""Maldonado""","""Female""","""Student""",4/11/2003,3/9/2024 15:26
100145,137,"""Maris""","""Wooten""","""Female""","""Student""",3/22/1970,1/18/2024 16:32
100146,118,"""Felicia""","""Guthrie""","""Female""","""Driver""",8/18/2002,3/3/2024 2:49
100147,492,"""Sylvia""","""Valentine""","""Female""","""Teacher""",12/16/1986,7/18/2023 9:26
100148,266,"""Cullen""","""Fitzgerald""","""Male""","""Student""",7/6/1976,12/23/2023 10:19
100149,364,"""Avram""","""Burris""","""Male""","""Teacher""",9/10/1960,4/12/2024 2:47
100150,258,"""Whitney""","""Peterson""","""Female""","""Software engineer""",4/6/1965,8/24/2023 23:23
100151,341,"""Ashton""","""Lowe""","""Female""","""Doctor""",4/21/1953,5/18/2023 13:26
100152,395,"""Harper""","""Lowe""","""Male""","""Driver""",3/14/1974,5/21/2023 23:50
100153,61,"""Lucas""","""Wade""","""Female""","""Doctor""",6/30/1965,6/25/2023 16:42
100154,283,"""Gary""","""Morris""","""Male""","""Plumber""",10/14/1981,1/15/2024 6:30
100155,241,"""Althea""","""Fisher""","""Female""","""Student""",5/16/1996,1/26/2024 21:10
100156,274,"""Louis""","""Barlow""","""Female""","""Plumber""",1/4/1972,12/24/2023 19:33
100157,248,"""Jane""","""Franco""","""Female""","""Student""",11/27/2003,2/8/2024 14:26
100158,417,"""Jayme""","""Conner""","""Female""","""Doctor""",3/31/1955,3/6/2024 19:35
100159,259,"""Linus""","""Newton""","""Male""","""Driver""",9/4/1950,1/29/2024 13:41
100160,267,"""Galena""","""Hewitt""","""Male""","""Artist""",10/21/1956,12/3/2023 12:29
100161,320,"""Vincent""","""Dejesus""","""Male""","""Software engineer""",7/24/1959,8/26/2023 7:56
100162,435,"""Lael""","""Palmer""","""Male""","""Plumber""",9/7/1961,11/26/2023 15:12
100163,462,"""Callum""","""Carver""","""Male""","""Home maker""",10/22/1975,4/29/2024 20:03
100164,23,"""Nomlanga""","""Cameron""","""Male""","""Home maker""",11/21/2001,2/25/2024 2:08
100165,159,"""Judith""","""Klein""","""Male""","""Software engineer""",12/17/1971,7/9/2023 17:14
100166,218,"""Debra""","""Lara""","""Female""","""Plumber""",11/4/1981,12/24/2023 9:20
100167,398,"""MacKensie""","""Blake""","""Male""","""Nurse""",11/4/1976,5/13/2023 15:47
100168,351,"""Marah""","""Vasquez""","""Male""","""Software engineer""",2/15/1989,6/20/2023 6:04
100169,421,"""Wilma""","""Monroe""","""Male""","""Plumber""",1/8/1987,9/2/2023 2:37
100170,247,"""Donovan""","""Glover""","""Female""","""Artist""",9/19/1989,3/28/2024 19:22
100171,344,"""Ivy""","""Turner""","""Female""","""Professor""",6/11/1973,9/26/2023 2:58
100172,372,"""Joshua""","""Duke""","""Female""","""Professor""",2/7/1977,6/15/2023 19:01
100173,381,"""Elizabeth""","""Warner""","""Male""","""Artist""",2/2/1986,4/10/2024 23:46
100174,237,"""Carson""","""Daniel""","""Female""","""Software engineer""",11/10/1998,2/13/2024 21:52
100175,467,"""Hadley""","""Hurley""","""Male""","""Artist""",1/10/2001,12/24/2023 12:39
100176,19,"""Gage""","""Baxter""","""Female""","""Artist""",8/17/1960,11/26/2023 23:42
100177,350,"""Tyler""","""Bates""","""Male""","""Nurse""",12/12/1993,1/8/2024 13:01
100178,174,"""Merrill""","""Hartman""","""Male""","""Student""",2/7/1955,8/5/2023 16:46
100179,135,"""Chastity""","""Joyce""","""Male""","""Teacher""",7/27/1984,8/14/2023 11:09
100180,302,"""Kamal""","""Bean""","""Female""","""Driver""",11/19/1996,10/24/2023 23:14
100181,136,"""Breanna""","""Pope""","""Female""","""Artist""",8/22/1964,4/30/2024 0:03
100182,409,"""Cade""","""Duran""","""Female""","""Driver""",10/19/1954,12/7/2023 18:40
100183,268,"""Ruby""","""Bartlett""","""Male""","""Software engineer""",8/24/1981,11/4/2023 21:50
100184,158,"""Tamekah""","""Gilliam""","""Male""","""Professor""",4/16/1994,12/1/2023 16:58
100185,76,"""Cameron""","""Stevenson""","""Male""","""Artist""",6/14/1987,11/18/2023 14:03
100186,226,"""Brody""","""Cole""","""Male""","""Artist""",4/8/1978,2/9/2024 2:43
100187,193,"""Jessica""","""Downs""","""Female""","""Plumber""",11/21/1962,7/5/2023 14:42
100188,331,"""Cara""","""Massey""","""Female""","""Teacher""",7/21/2001,8/23/2023 11:32
100189,251,"""Nomlanga""","""Poole""","""Female""","""Software engineer""",5/10/1995,9/28/2023 14:32
100190,421,"""Neil""","""Wells""","""Female""","""Doctor""",5/17/1977,12/11/2023 10:08
100191,402,"""Reese""","""Stafford""","""Male""","""Nurse""",1/17/1983,5/27/2023 18:00
100192,164,"""Tiger""","""Smith""","""Male""","""Nurse""",7/30/1992,9/29/2023 0:33
100193,332,"""Uriah""","""Keith""","""Male""","""Professor""",6/19/2001,10/11/2023 19:56
100194,344,"""Jasmine""","""Rollins""","""Male""","""Professor""",5/23/2004,8/13/2023 17:12
100195,421,"""Charles""","""Manning""","""Female""","""Plumber""",12/2/1983,5/7/2023 19:37
100196,493,"""Macon""","""Dorsey""","""Female""","""Plumber""",8/14/1955,10/19/2023 7:43
100197,286,"""Dustin""","""Johns""","""Female""","""Teacher""",10/28/1984,11/14/2023 3:04
100198,257,"""Quemby""","""Velez""","""Female""","""Driver""",8/23/1967,12/8/2023 7:17
100199,369,"""Sarah""","""Fleming""","""Female""","""Nurse""",4/7/2002,1/2/2024 11:26
