user_id,username,email,address.street,address.city,address.state,address.zip,password,user_type,date_registered,account_status
100000,Destiny Scott,tristique.aliquet@aol.couk,"P.O. Box 435, 710 Curabitur Road",Heerhugowaard,Bình Thuận,57320,WMS13DSM6WD,Business,2023-06-14 08:39:23,Open
100001,Eliana Bullock,pharetra.sed@hotmail.ca,384-5488 Mi Avenue,Changi,Baden Württemberg,68886,CBC37DQY1FI,Business,2024-02-24 04:02:48,Open
100002,Eliana Estes,in.felis@protonmail.edu,"P.O. Box 246, 4164 Nunc Road",Belfast,Västra Götalands län,98675,KDW32NWC8LI,Business,2023-06-27 02:56:44,Open
100003,Brielle Dorsey,egestas.ligula@outlook.ca,Ap #921-8218 Tempor Road,Kohima,Mazowieckie,59304,WDH90MFW2SE,Business,2023-12-27 12:04:02,Closed
100004,Ralph Duncan,lectus.sit@google.edu,580-6980 Id Street,Chernogolovka,Sląskie,41723,UAQ61YPY9XN,Personal,2024-01-31 11:23:13,Closed
100005,Joelle Mcfadden,aliquam.ornare@google.ca,481-2091 At Av.,Cork,Kogi,92540,KDD54HAP5VB,Personal,2023-05-18 17:31:16,Open
100006,Yael Gilmore,mauris.aliquam@protonmail.edu,8017 Adipiscing. Avenue,San Pablo,Tasmania,31343,OPN35GJG9MZ,Personal,2023-12-18 11:46:28,Open
100007,Zeus Hayden,cursus.integer@yahoo.couk,"P.O. Box 555, 8719 Malesuada Rd.",Gansu,Arauca,67138,LUN32GNS8OB,Business,2023-05-18 05:26:01,Closed
100008,Carol Mcknight,lobortis.quam.a@hotmail.couk,Ap #331-3408 Gravida Av.,Los Mochis,Bahia,75477,JJL78CKM0KZ,Business,2024-02-20 19:26:12,Open
100009,Cara Arnold,nonummy.ut@yahoo.ca,3855 Aliquam Ave,Blitar,Waals-Brabant,99737,LQI07QNT4YQ,Personal,2024-02-02 06:19:03,Open
100010,Rebekah Murphy,sapien@aol.ca,414-9069 Arcu. St.,General Lagos,Opolskie,73284,IEU53WYY5LI,Business,2023-11-24 17:03:01,Closed
100011,Libby Duran,et@icloud.com,Ap #216-7562 Fermentum Av.,Nicoya,Buckinghamshire,99646,BJU38GBH3JL,Personal,2023-10-06 19:43:00,Open
100012,Jaden Battle,et.malesuada@protonmail.couk,Ap #994-3389 Consectetuer St.,Chungju,Limpopo,80256,FJX90MEP3GW,Business,2023-12-15 08:41:59,Closed
100013,Leandra Horn,mus.proin@aol.org,Ap #182-5010 Auctor St.,Murmansk,Connacht,66774,LML36BXX1OW,Business,2023-05-19 17:01:56,Open
100014,Addison Pugh,metus.aenean@icloud.edu,Ap #435-155 Proin Road,Suruç,North Island,12941,UVK99SXT3XV,Personal,2024-01-01 14:31:42,Closed
100015,Cara Kirkland,maecenas.libero.est@yahoo.com,551-5824 Ut Ave,Cherkasy,Salzburg,63465,KXI54QYL1WY,Personal,2023-12-24 21:20:37,Closed
100016,Garrett Salazar,elementum@google.ca,7038 Cum Av.,Cork,Huáběi,34911,MWL83RLQ2YV,Business,2024-02-15 17:43:02,Open
100017,Felix Lucas,non@aol.org,Ap #922-6318 Imperdiet Street,Mukachevo,Trøndelag,61212,OEF61DSJ5KU,Business,2023-06-28 10:00:14,Open
100018,Mechelle Maxwell,sem.egestas@outlook.ca,Ap #378-3137 Integer Av.,La Roche-sur-Yon,North Maluku,58349,FZG95KKX3GI,Personal,2023-10-23 08:55:03,Open
100019,Jamal Perez,cras.sed@outlook.edu,Ap #342-7561 Molestie Road,Semarang,Basilicata,60892,RNH50RPP6OR,Business,2024-01-17 06:09:49,Closed
100020,Ria Todd,neque.in.ornare@outlook.ca,8585 Aliquam Avenue,Yeongju,North Jeolla,91573,GKR86RCX1FW,Business,2023-11-29 23:43:51,Closed
100021,Illiana Love,vitae.velit@yahoo.couk,"Ap #763-2406 Enim, Street",Telde,Berlin,62186,YHL31TJK5GX,Business,2023-11-06 17:02:20,Open
100022,Matthew Whitley,aliquet.libero@yahoo.net,647-7505 Vivamus Rd.,Probolinggo,Huádōng,40532,PTS67XFM4GM,Personal,2024-03-23 09:17:43,Closed
100023,Roanna Allen,felis.orci.adipiscing@outlook.edu,Ap #409-2355 Ante St.,Osimo,Östergötlands län,42381,ZMN52KCB2JT,Business,2024-02-15 02:36:18,Closed
100024,Hermione Reilly,dictum.phasellus@icloud.org,Ap #541-4945 Eu Avenue,Hamilton,Rio Grande do Sul,14448,ITS45UNF6GL,Business,2024-02-17 16:05:45,Closed
100025,Ferdinand Greer,faucibus.id@icloud.edu,245-5263 In St.,Mokpo,Lincolnshire,54629,VWN58IKS6FU,Personal,2023-08-23 21:22:06,Open
100026,Chase Gallegos,tempor.diam@icloud.couk,Ap #191-4899 Enim. Avenue,Parramatta,Western Cape,81346,IVS67GSB2RX,Personal,2023-08-28 05:23:13,Closed
100027,Evangeline Sweeney,interdum@protonmail.com,Ap #756-6618 Aliquet Street,Hoeilaart,Carinthia,52766,WGF42DHW1GA,Personal,2023-08-27 02:25:29,Closed
100028,Gage Brock,diam.eu.dolor@protonmail.com,755-8136 Suspendisse Rd.,Aguachica,Suffolk,55639,NOW22HLV1UP,Personal,2023-06-25 22:14:34,Open
100029,Basia Thompson,luctus.et.ultrices@outlook.com,6057 Enim. Avenue,Bauchi,Sindh,27111,YLN44SXV5FJ,Business,2023-11-23 17:13:22,Open
100030,Kasimir Hawkins,est.ac@hotmail.net,"Ap #922-7221 Dui, Road",Bastia,Northern Cape,20554,VRG82YFQ8KW,Personal,2023-07-07 10:07:49,Open
100031,Zahir Padilla,ultricies.dignissim@aol.couk,689-5036 Lectus Rd.,Bilbo,Lima,49199,SUK95FDQ5AV,Business,2023-10-24 17:57:43,Open
100032,Amy Church,lacus.aliquam@protonmail.net,"P.O. Box 643, 5863 Habitant Ave",Lutsel K'e,Nordland,27611,JYC43HZK4YD,Business,2023-09-07 23:10:39,Open
100033,Channing Quinn,magna.malesuada.vel@outlook.edu,"P.O. Box 809, 2282 Congue Avenue",Jeongeup,Utrecht,53362,BIX32YEO7UN,Personal,2023-10-01 11:01:12,Closed
100034,Echo Cain,fringilla@hotmail.couk,Ap #882-9260 Hendrerit. Rd.,Tauranga,New South Wales,56423,OEH40WHL0KL,Business,2024-03-18 08:36:36,Closed
100035,Tana Whitney,dictum.eu@google.couk,"P.O. Box 890, 8348 Congue St.",Juliaca,North Gyeongsang,62272,GCX94ESM9SR,Business,2023-07-21 13:23:41,Open
100036,Daquan Doyle,sem.ut.cursus@outlook.edu,2191 Imperdiet Road,Hamburg,Munster,53744,MCB36QTB3TD,Business,2023-10-24 07:09:38,Closed
100037,Timothy Rowe,euismod.est.arcu@icloud.couk,"Ap #861-7504 In, Av.",Nizip,Alajuela,53574,ENM92IGR8QU,Business,2023-05-16 08:43:07,Open
100038,Julian Singleton,dignissim.magna@aol.couk,Ap #497-5073 Nunc St.,Ried im Innkreis,Connacht,28111,OCK22EDN5VB,Personal,2023-12-12 00:44:47,Closed
100039,Demetria Bishop,egestas.aliquam@aol.ca,5296 Turpis Rd.,Santa Rosa de Cabal,Zamboanga Peninsula,98314,ERP71YPO9EL,Business,2024-03-21 13:51:46,Closed
100040,Sheila Franklin,quam.curabitur.vel@hotmail.ca,Ap #719-4773 Nullam Road,Jilin,West-Vlaanderen,66818,LXS86ILH4UM,Business,2023-12-05 04:19:47,Open
100041,Gloria Nicholson,purus.mauris.a@aol.org,"P.O. Box 975, 6894 Ullamcorper Road",Da Lat,Puno,29135,EQX12DXW3SO,Personal,2024-03-30 07:53:26,Open
100042,Kelsey Brock,et.euismod.et@hotmail.net,3694 Suscipit Street,Volgograd,Cartago,66432,RRE26OAS5BJ,Business,2024-02-18 05:41:19,Open
100043,Wang Horn,vulputate.lacus@protonmail.ca,Ap #454-413 Eleifend Rd.,Saavedra,Emilia-Romagna,36850,MRW67OKO3UP,Business,2023-07-08 20:57:07,Open
100044,Carter Barnett,semper.nam@yahoo.edu,Ap #509-7575 Ut St.,Ankara,Paraíba,88835,SAD28UGS2TX,Business,2024-03-30 15:22:44,Closed
100045,Kiara Ellis,consectetuer.euismod@hotmail.couk,340-1260 Non St.,Brampton,Ontario,20850,LUJ63CDJ6FF,Personal,2024-03-11 18:40:28,Closed
100046,Brett Fields,est.ac@google.ca,Ap #825-1027 Felis Rd.,Essene,Brussels Hoofdstedelijk Gewest,84761,MNM73DLN5CZ,Personal,2023-06-14 14:19:51,Open
100047,Jacob Fisher,at.fringilla@outlook.edu,422-3125 Est. St.,Feilding,Antioquia,84263,JYF04MWY5DX,Personal,2024-04-30 06:32:34,Open
100048,Irene Wood,porttitor.interdum@aol.edu,Ap #588-2046 Turpis. Ave,Navojoa,Vestfold og Telemark,71656,VUO84SMD5DZ,Personal,2023-12-01 08:08:04,Open
100049,Lois Myers,at.risus@google.org,Ap #650-1685 Cursus Av.,Canberra,Languedoc-Roussillon,63371,QEV36SWH5VU,Personal,2023-10-10 10:54:10,Closed
100050,Macon Love,nunc.ullamcorper@google.couk,Ap #953-8967 Aliquam Ave,Iquitos,Małopolskie,33142,GDC44TBP9KY,Business,2023-10-18 10:27:23,Closed
100051,Nell Cunningham,tempus@aol.com,"P.O. Box 233, 7413 Eleifend, Av.",Kallo,Northern Territory,16984,PPT25JVQ8UX,Personal,2023-06-03 00:49:37,Open
100052,Francis Cohen,sodales@hotmail.com,"Ap #851-4711 Pharetra, Street",Teruel,Zamboanga Peninsula,42545,IOD56RYC6JP,Business,2023-07-08 04:17:40,Open
100053,Aphrodite Bright,blandit.nam.nulla@google.ca,Ap #258-9454 Nisi Rd.,Port Nolloth,Antioquia,88434,NAM27XPA7PW,Personal,2024-01-03 17:25:47,Closed
100054,Merritt Faulkner,dui.nec@protonmail.edu,7853 Magnis Street,Rugby,Sardegna,98106,DQK86DNV4HJ,Personal,2024-01-02 22:57:59,Closed
100055,Amal Coffey,morbi.vehicula.pellentesque@google.couk,510-8635 Mauris Av.,Chiclayo,Zhōngnán,71747,CKO97YIK4XD,Personal,2023-07-18 02:52:08,Closed
100056,Odette Decker,eget@outlook.couk,172-8709 Sed St.,Beijing,Upper Austria,97239,UVD61YTW1CH,Business,2024-03-09 22:19:39,Closed
100057,Fuller Henson,luctus.ut@google.net,Ap #674-8428 Donec Av.,Andernach,Heredia,24224,XRC99LKL2YD,Business,2024-03-26 22:12:45,Open
100058,Alexander Haley,eu.eleifend@hotmail.edu,Ap #889-3001 Iaculis St.,Berlin,Leinster,35493,YUQ34QIE2IR,Business,2023-10-24 00:06:13,Closed
100059,Oleg Wolfe,in.aliquet@yahoo.couk,"Ap #353-3637 Consectetuer, St.",Canberra,Sardegna,75373,CYS45YYC6RU,Business,2023-08-02 17:39:29,Closed
100060,Zephania Whitehead,dui@outlook.org,Ap #869-4315 Orci Ave,Villa del Rosario,Moscow City,74331,SZP86BUS4HQ,Personal,2023-07-04 10:38:51,Closed
100061,Charlotte Wong,tincidunt.nunc@google.ca,Ap #615-8476 Arcu. Road,Arequipa,Namen,64058,NST16GSE6VA,Business,2023-06-08 19:52:40,Open
100062,Holmes Casey,luctus@google.com,395-8671 Nunc Ave,Hudiksvall,North Region,53180,OMY13SBO9NW,Business,2023-09-27 09:06:21,Open
100063,Lars Kemp,auctor.velit@google.couk,116-1669 At Ave,Barrancabermeja,Principado de Asturias,83636,RNV35EMH9EP,Personal,2023-05-21 00:18:50,Closed
100064,Marsden Duke,eget.lacus.mauris@yahoo.com,Ap #465-290 Sed St.,Opole,Uttar Pradesh,47658,GLH61HTY4RR,Business,2023-10-05 09:34:12,Open
100065,Kylynn Medina,ipsum@hotmail.org,"Ap #213-2514 Eu, Avenue",Lahore,Extremadura,17614,HAC85HET1ME,Business,2023-07-04 19:09:50,Open
100066,Rhea Callahan,tempor@yahoo.ca,Ap #518-3422 Nullam Ave,Simpang,Van,27403,YAI52BNS7TE,Business,2024-03-20 06:23:22,Closed
100067,Curran Hubbard,proin.sed.turpis@aol.edu,Ap #196-7905 Metus Av.,Seogwipo,Volyn oblast,58871,CBC62NAF0GR,Business,2024-04-30 20:25:51,Closed
100068,Imelda Buckley,erat@yahoo.net,502-1086 Nunc Rd.,Garzón,Hessen,92462,WWG22YBE5LP,Personal,2024-03-22 20:44:06,Closed
100069,Willow Reyes,curabitur.consequat@yahoo.com,719-9648 Consectetuer Ave,Huế,Leinster,60207,PXS95VJJ1BP,Business,2024-04-08 08:20:41,Closed
100070,Paul Hancock,a.nunc@outlook.net,"Ap #362-7579 Elit, Street",Galway,Nordland,63068,SHH67GEV7EW,Personal,2024-04-07 16:58:48,Closed
100071,Trevor Nolan,aenean@hotmail.net,"3114 Lorem, St.",Limón (Puerto Limón],North Kalimantan,44736,CTO26CNQ7EB,Business,2023-09-04 10:21:48,Closed
100072,Magee Lucas,ligula@icloud.net,497-6307 Vitae Road,Dublin,Punjab,35573,QHW68HBW3FX,Personal,2024-04-30 22:50:40,Open
100073,Dolan Bullock,ligula.eu@protonmail.couk,"Ap #402-2455 Iaculis, Avenue",Harlingen,Tyrol,73155,KJA17MHB7ZJ,Business,2024-04-07 15:33:30,Closed
100074,Lucian Britt,nunc@hotmail.org,"P.O. Box 463, 2466 Etiam Street",Levin,Minas Gerais,83621,VZK51OON5XI,Business,2023-06-06 23:23:29,Closed
100075,Lenore Fields,sed@hotmail.edu,2394 Arcu. Rd.,Estevan,Kano,62239,IHN27TKM9TP,Personal,2024-01-14 05:10:06,Closed
100076,Sandra Hill,et.rutrum@icloud.ca,Ap #235-6706 Molestie Rd.,Eschwege,Magallanes y Antártica Chilena,62844,UXN10BHW4JM,Business,2024-01-25 13:45:58,Closed
100077,Clare Snyder,dolor.fusce@icloud.net,Ap #540-8435 Nisi. St.,Bafra,Borno,99751,AZX16JZE8VC,Business,2023-12-05 10:09:24,Open
100078,Melvin Short,ut.molestie@hotmail.com,9959 Semper St.,Gwangyang,Tyumen Oblast,27136,ENW82HTN1MK,Business,2024-02-26 13:18:17,Closed
100079,Zephania Gates,sollicitudin@google.ca,2421 Mi Rd.,Völkermarkt,Arizona,64656,HYT87NMD9RD,Business,2023-09-12 16:11:22,Open
100080,Justina Johnson,eget.dictum@hotmail.couk,Ap #360-2197 Natoque St.,Nicoya,Arequipa,26379,YLI08WWN5SF,Personal,2023-10-29 08:40:24,Closed
100081,Erasmus O'donnell,tincidunt.pede@google.net,514-9832 Hendrerit. Rd.,Manokwari,Canarias,33552,SLC36ITQ7RY,Personal,2023-07-29 04:17:04,Open
100082,Silas Alston,nam@icloud.org,Ap #372-757 Orci Avenue,George,Bicol Region,32416,UFV57GEL3BJ,Business,2023-09-30 04:52:56,Open
100083,Zahir Downs,egestas.nunc@icloud.org,"Ap #644-3263 Felis, Avenue",Arequipa,Dōngběi,53841,GHH67EBR5HC,Personal,2023-06-28 14:23:18,Open
100084,Charity Solomon,neque.tellus.imperdiet@icloud.couk,Ap #864-6900 Iaculis St.,Hermosillo,Cajamarca,41851,LCJ36IHJ3PY,Business,2023-10-09 15:20:03,Open
100085,Ivy Schmidt,phasellus.ornare.fusce@protonmail.couk,"3478 Felis, Av.",Jamoigne,Gävleborgs län,78768,DBP72LSC3CD,Personal,2023-10-21 13:19:03,Closed
100086,Riley Hyde,habitant.morbi@protonmail.com,"P.O. Box 707, 3058 Vehicula. Av.",Lens,Arauca,76345,TDP87NMJ8AX,Personal,2023-10-09 15:37:13,Closed
100087,Phyllis Duffy,cras.vehicula.aliquet@outlook.ca,Ap #701-1265 Neque Ave,Frankston,Huádōng,83786,JBF13VGZ8JT,Business,2023-11-14 11:52:54,Open
100088,Vivien Larson,ut@google.net,9477 Fermentum Av.,Morrinsville,Zhōngnán,64831,WKK52ZWW2CE,Personal,2024-03-11 18:09:34,Closed
100089,Kibo Small,suscipit.est@icloud.net,"P.O. Box 723, 5566 Ut St.",Utrecht,Australian Capital Territory,86885,QBO82LOC2ZV,Personal,2024-02-06 23:51:52,Closed
100090,Quin Craft,risus@google.edu,Ap #936-4577 Massa. Road,Jilin,Vestfold og Telemark,66752,CNR76JMC5DD,Personal,2023-11-20 02:42:23,Closed
100091,Jeremy Singleton,eu.ligula@outlook.couk,"P.O. Box 814, 4684 Donec St.",Silvassa,Yukon,88841,XOI14ZNO6DI,Personal,2023-12-13 09:40:50,Open
100092,Erin Spencer,id.erat.etiam@google.edu,"P.O. Box 760, 1019 Imperdiet St.",Buenaventura,Ontario,22843,CKX48YUB9CH,Personal,2024-01-16 17:03:46,Open
100093,Lenore Drake,nec@icloud.couk,897-8826 Aliquam Avenue,Muzzafarabad,Languedoc-Roussillon,46823,FFC61VHV6SX,Business,2024-04-22 22:45:29,Open
100094,Hall Lowe,senectus.et@yahoo.net,"P.O. Box 176, 4069 Orci. Ave",Halifax,La Rioja,52316,AGE58NHF0FV,Personal,2023-12-12 15:34:06,Open
100095,Barbara Austin,sem.elit.pharetra@icloud.org,Ap #719-7129 Feugiat Av.,Mount Pearl,South Island,85965,DDC82DAM1SM,Business,2024-01-25 06:46:39,Open
100096,Haviva Santana,enim.sit@yahoo.net,649-6061 Cum Avenue,Jeju,South Island,86171,WSQ52JGO5QH,Personal,2023-09-01 12:30:33,Closed
100097,Veda Atkins,eu.eros@google.net,Ap #416-5091 Vitae Rd.,Temuka,Selkirkshire,78459,NCS34ETJ9XR,Personal,2023-07-24 14:17:36,Open
100098,Genevieve Ball,pede.ac@google.net,"P.O. Box 472, 4367 Duis Rd.",Almere,Central Region,47742,LLQ14GOL5MB,Business,2023-09-24 18:24:11,Open
100099,Paula Wilkins,hendrerit.neque@google.org,Ap #904-5052 Phasellus Rd.,Adelaide,Utrecht,59271,FRU67MHB9JU,Personal,2023-11-30 10:14:02,Closed
100100,Sylvia Rasmussen,dis.parturient@aol.ca,615-2846 Nunc Road,Sujawal,Heredia,71466,FCC63PRK3DH,Personal,2023-05-30 21:06:35,Open
100101,Rahim Potter,sed.dolor@protonmail.org,204 Praesent Street,Volgograd,Ulster,53427,RMR28XNO2GI,Business,2023-06-23 04:40:41,Open
100102,Galvin Good,non.massa.non@hotmail.com,Ap #698-7680 Nulla Av.,Varena,North Island,73274,GSF79GDS7RF,Personal,2023-10-26 07:07:01,Open
100103,Leonard Joyner,dictum.eu@protonmail.com,6307 Libero Rd.,Caldera,Jharkhand,39636,PDW14KUO3CH,Business,2023-09-06 13:27:54,Open
100104,Abbot Poole,elit.pellentesque@icloud.net,730-1833 Ipsum. Avenue,Pondicherry,Ninh Thuận,40872,BQL31JMV3MB,Personal,2023-12-07 05:23:27,Open
100105,Brittany Roberts,felis.purus.ac@aol.com,"Ap #694-5984 Ornare, Avenue",Korosten,West Nusa Tenggara,93716,FKC26UWE4RU,Personal,2023-07-01 11:58:23,Open
100106,Mollie Frank,volutpat.nulla@protonmail.ca,"P.O. Box 735, 435 Vestibulum St.",Jönköping,Oslo,85077,DWU16NZB9WY,Business,2023-12-14 02:04:48,Open
100107,Stella Leblanc,in.lorem@outlook.net,Ap #988-3777 Pede. Av.,Buôn Ma Thuột,Tripura,35235,MPA15NWC6TH,Personal,2023-06-01 17:06:28,Open
100108,Maggie Yang,nisi.sem.semper@icloud.com,684-6993 Orci. Street,Daman,Western Australia,23807,CXN54VUP6JP,Personal,2023-10-23 03:08:34,Open
100109,Quinn Lindsay,augue.ac@outlook.org,"Ap #697-5707 Nec, Rd.",Queanbeyan,Baja California,96391,TGI04JAS3VO,Business,2023-06-14 05:42:47,Open
100110,Lawrence Schmidt,enim.nunc@aol.ca,Ap #434-3376 Enim. Street,Bad Dürkheim,Tyrol,61045,MGO58TQC1AR,Personal,2023-09-14 23:32:20,Closed
100111,Claudia Sosa,cum.sociis@protonmail.net,"P.O. Box 246, 2731 Dolor Ave",Gifhorn,Ternopil oblast,86648,HHH54TSM1IL,Personal,2023-09-28 17:26:39,Open
100112,Paula Medina,hendrerit.donec@outlook.net,345-3582 Inceptos St.,Cádiz,Wyoming,72894,YYI86EXZ4RW,Business,2023-05-31 00:37:00,Open
100113,Rae May,fusce.dolor.quam@aol.ca,203-4979 Non Rd.,Belfast,Balochistan,73347,NUG72PJJ1RL,Personal,2023-06-22 19:47:12,Closed
100114,Zelenia Fields,diam.at.pretium@yahoo.com,5505 Enim Road,Puntarenas,Guainía,92736,JEK32NYR2QQ,Business,2024-01-04 09:35:13,Closed
100115,Dacey Raymond,nam@hotmail.ca,"P.O. Box 965, 1733 Molestie Ave",Berlin,Illes Balears,99632,KWN93PKX2OB,Personal,2023-09-03 20:16:10,Open
100116,Abraham Conrad,nulla.in.tincidunt@google.org,325-8617 Sed Avenue,Cork,Nordland,99748,CVL80EXI3SL,Personal,2024-03-22 12:32:28,Open
100117,Leo Bonner,augue.malesuada.malesuada@icloud.com,"7651 Tincidunt, Av.",Río Ibáñez,Maranhão,53568,SOW50XJX1VF,Personal,2023-05-27 05:42:08,Open
100118,Cameron Molina,non.lacinia@hotmail.com,644-325 Neque Rd.,Lạng Sơn,Eastern Cape,56234,HUK76XVH1MW,Personal,2023-05-22 18:13:10,Closed
100119,Mufutau Willis,velit@protonmail.ca,"409-2751 Semper, Av.",Belfast,Kahramanmaraş,11336,LWM42EIQ0VB,Business,2023-12-21 04:30:54,Closed
100120,Jocelyn Giles,etiam.vestibulum.massa@yahoo.edu,Ap #477-1365 Etiam Road,Whangarei,Khyber Pakhtoonkhwa,90894,RVM84JXU3HS,Personal,2024-01-19 01:54:43,Open
100121,Sigourney Hooper,donec.felis@hotmail.couk,"468-6547 Sapien, Street",Sapele,San José,89621,JVP64UHB5HG,Personal,2023-12-03 05:49:15,Closed
100122,Desirae Meadows,tempus@icloud.ca,Ap #945-9982 Ligula. Ave,Dnipro,Casanare,74451,BWK76SKS8TQ,Business,2023-12-26 15:00:04,Closed
100123,Brendan Hamilton,gravida.mauris@outlook.ca,5896 Imperdiet Rd.,Iksan,Bremen,23335,BWU12BGX2DV,Business,2023-06-05 05:34:35,Closed
100124,Jemima Downs,a.feugiat@outlook.org,636-9917 Ultricies St.,Alcobendas,Minas Gerais,33837,TLL35JCJ4PH,Personal,2023-12-14 19:34:36,Closed
100125,Gray Hoffman,congue@protonmail.ca,"P.O. Box 812, 4292 Fringilla Avenue",Lerum,Principado de Asturias,75748,GDA86DBY3WN,Business,2024-04-26 04:25:55,Open
100126,Jason Ray,dolor.tempus@aol.edu,"P.O. Box 786, 8063 Urna. Av.",Gwangmyeong,Salzburg,29654,JSK35GIJ6AT,Business,2024-02-26 23:01:34,Closed
100127,Addison Gilliam,vestibulum.ante@hotmail.org,"P.O. Box 719, 5248 Dolor. Rd.",Périgueux,Brandenburg,46843,OCI93UWW7TH,Business,2024-04-25 20:14:00,Closed
100128,Jarrod Davidson,lectus.justo@google.com,489-4569 Eu Road,Lambayeque,Goiás,24623,GPP73DKG3KJ,Business,2024-01-23 10:43:58,Open
100129,Neve Burgess,nostra.per@icloud.couk,980-9658 Arcu St.,Rodez,FATA,34328,QFR24OVP1CM,Personal,2023-07-02 18:13:32,Open
100130,Cherokee Hayes,placerat@icloud.couk,"P.O. Box 107, 5479 Posuere Avenue",Gore,Bayern,51811,KQG61SVF3BY,Business,2023-06-08 17:40:30,Closed
100131,Jack Witt,taciti@yahoo.edu,"108-6950 Eleifend, Street",Zhejiang,Tamaulipas,40148,ZRE83BBT7UG,Business,2024-04-02 03:47:39,Closed
100132,Quin Delacruz,magna.praesent@google.com,4953 Quam. Avenue,Canberra,KwaZulu-Natal,85464,RCV28RPC2GB,Personal,2023-05-05 03:47:41,Open
100133,Belle Best,lectus@hotmail.org,7929 Pellentesque Av.,Jeju,Munster,81518,KMN74DNF3UV,Personal,2023-08-17 00:32:19,Closed
100134,Ella Vaughan,feugiat.placerat@icloud.org,"Ap #748-2305 Est, Av.",Oosterhout,Nova Scotia,47728,QKT75ARF4IE,Business,2023-12-07 10:59:01,Open
100135,Samuel Bruce,id.ante@hotmail.org,792-7181 Egestas St.,Kaluga,Gaziantep,69653,NBX53POB8HX,Personal,2023-10-12 16:04:06,Open
100136,Asher Hamilton,scelerisque.scelerisque.dui@protonmail.net,"P.O. Box 452, 9376 Interdum Av.",Galway,Arauca,31742,TRQ20CSW3DJ,Personal,2024-03-02 17:53:27,Closed
100137,Lance Hoover,eu@google.edu,705-4314 Velit. St.,Butuan,Huádōng,94237,GKP14NRF2TU,Personal,2024-04-30 03:12:32,Open
100138,Gavin Mckenzie,risus@icloud.org,"P.O. Box 347, 5017 Ut Avenue",Harstad,Namen,17467,CYG85FTX5VS,Personal,2023-12-29 13:37:00,Closed
100139,Cleo Shaw,lacinia@outlook.ca,329-9906 Eros Road,Jilin,Mecklenburg-Vorpommern,56933,FWM20ZUN6WX,Personal,2024-02-15 09:57:51,Open
100140,Nero Little,urna.convallis@protonmail.net,947-940 Lobortis Avenue,Yeongju,Đắk Nông,53112,KHG93GCN6CL,Personal,2024-01-05 23:47:46,Closed
100141,Louis Tate,facilisis@hotmail.com,"P.O. Box 167, 5511 Mauris Road",Leirvik,Baja California,48518,PQZ55QVR2QN,Business,2023-09-29 07:23:49,Open
100142,Avram Roman,eget.dictum.placerat@aol.org,Ap #495-4007 Feugiat Road,Illkirch-Graffenstaden,Connacht,74688,CKU61IOS1SX,Personal,2023-07-12 10:13:35,Open
100143,Irma Abbott,aliquam.tincidunt@google.org,Ap #535-7008 Fusce St.,Kitzbühel,Ontario,52637,FSD91ZGU8HF,Business,2023-10-18 12:30:49,Open
100144,Amethyst Long,tellus@hotmail.ca,Ap #967-8296 Nascetur Avenue,Arendonk,FATA,72150,RCL45FWE0RQ,Personal,2024-02-12 18:07:10,Open
100145,Imani Harding,sed@outlook.edu,833-1433 Cubilia Rd.,Arequipa,Hawaii,21697,JFB57DEB8XN,Personal,2023-08-09 10:13:36,Closed
100146,Cole Howard,nisi.dictum@hotmail.net,Ap #239-1483 Eros St.,Sens,Balochistan,86891,QEA07CEN8BV,Personal,2023-06-20 08:04:23,Closed
100147,Claire Bowers,viverra.maecenas@protonmail.com,6453 Et Rd.,Flin Flon,New South Wales,12700,LTK31WEE0PD,Personal,2023-09-30 00:20:38,Open
100148,Edward Travis,eu@protonmail.edu,Ap #935-8020 Vitae Street,Kirov,Caquetá,88336,OBV21DRD4SV,Business,2023-11-29 06:00:20,Closed
100149,Paul Levy,lacus@aol.edu,690-8983 Elit. Road,North Waziristan,Salzburg,43341,SZU47IGH7WN,Business,2024-02-06 20:36:12,Open
100150,Burton Owens,arcu.ac@aol.com,Ap #139-7107 Quam Rd.,Oamaru,Tamil Nadu,21858,PBO61XNL2QO,Personal,2023-06-13 08:34:06,Closed
100151,Ryder Boyd,tincidunt.nibh.phasellus@google.couk,"Ap #845-8583 Cursus, Road",Cusco,Bangsamoro,37627,YID61NAW1RO,Business,2024-01-02 09:03:31,Open
100152,Jamal Ratliff,mollis.integer.tincidunt@icloud.org,803-2368 Natoque Ave,Mukachevo,Comunitat Valenciana,11421,FFW89HGV4OE,Business,2024-04-08 19:58:06,Open
100153,Derek Baird,praesent@protonmail.edu,8033 Vestibulum Ave,Lasbela,Agder,26357,ASZ65NFV7DA,Business,2023-10-08 01:49:33,Open
100154,Abbot Roberts,lacus.varius@icloud.edu,Ap #668-2612 Phasellus Ave,Cork,Junín,42653,LUP76YWD6UP,Personal,2023-07-21 10:26:39,Open
100155,Dillon Stewart,erat.vel@outlook.com,"P.O. Box 507, 730 Faucibus Ave",Hamburg,Luik,43191,IRO98RKR5NC,Business,2023-05-20 07:12:16,Open
100156,Sharon Jordan,pede.suspendisse@outlook.ca,123-5937 Phasellus St.,Gapan,Gauteng,25862,TBL36ETD2QM,Business,2023-07-07 07:07:51,Open
100157,Samson Jefferson,fermentum.convallis.ligula@yahoo.org,Ap #858-4054 Mauris Av.,Segovia,Rogaland,47238,INE34UHX0US,Business,2024-04-18 16:46:02,Closed
100158,Montana Moreno,odio.sagittis@outlook.ca,"P.O. Box 800, 9906 Lorem, Rd.",Oordegem,Östergötlands län,20213,QSG53VHM7NG,Personal,2023-11-09 16:11:17,Closed
100159,Guy Keith,mollis.phasellus@google.com,128-9625 Quis Road,Skien,Zuid Holland,45627,LZN12IFI8UD,Personal,2023-08-19 00:41:52,Closed
100160,Kyle Goodman,rutrum@google.couk,156-9523 Diam. Rd.,Bajaur Agency,Hamburg,42888,RJR80FHB2NH,Personal,2024-04-15 02:25:58,Open
100161,Bert Owen,magna@yahoo.org,"117-5076 Quis, Avenue",Vladimir,Aquitaine,33422,UFB44QWW8OR,Personal,2023-06-11 17:33:13,Open
100162,Brenden Hoover,faucibus.leo@outlook.org,"2857 At, Street",San José del Guaviare,North West,76614,TXD16MWW0BI,Business,2024-03-21 07:52:11,Open
100163,Felix Ramos,morbi.non.sapien@yahoo.net,659-2645 Suspendisse Rd.,Vienna,Euskadi,34883,JHC41BLM4LX,Business,2024-04-24 00:40:07,Closed
100164,Audra Dixon,viverra.maecenas@icloud.org,483-7984 Et Av.,Homburg,Huádōng,53741,XCG73LEB8UF,Personal,2024-02-01 16:51:54,Closed
100165,Galena Randall,nulla.integer@icloud.com,124-3559 Quisque St.,Orhangazi,Bursa,69977,PRK12GTR0BI,Personal,2023-10-25 12:50:02,Closed
100166,Murphy Boone,facilisis.vitae.orci@hotmail.edu,739-8197 Eu Road,Novgorod,Vestfold og Telemark,26271,FZG83YXX3HV,Personal,2024-02-10 00:09:24,Open
100167,Dana Perry,consectetuer.ipsum@aol.com,"557-3029 Augue, Ave",Nässjö,Azad Kashmir,49856,KQA55OBS5VD,Personal,2023-06-19 02:26:29,Open
100168,Leroy Wolfe,vehicula.et@protonmail.net,557-7595 Odio St.,Newcastle,East Kalimantan,13933,DRE57WUE4RV,Business,2024-02-01 19:37:00,Closed
100169,Phoebe Fry,nulla@icloud.edu,Ap #746-7934 Egestas. Street,Shanghai,Xīběi,33875,TEV79PCG3SB,Personal,2023-09-21 00:59:48,Open
100170,Ebony Wyatt,odio.semper@hotmail.ca,222-2172 Sapien. Rd.,Yurimaguas,La Rioja,55138,JUY45YFC4AN,Business,2023-07-20 19:28:59,Open
100171,Kasimir Valenzuela,tristique.ac.eleifend@google.couk,"P.O. Box 849, 4852 Tincidunt, St.",Fort Providence,Huádōng,29537,UVM47GSE0PI,Business,2023-09-08 14:27:07,Closed
100172,Rowan Munoz,pellentesque.habitant.morbi@hotmail.couk,Ap #627-6106 Purus Street,Puerto Princesa,Maine,38504,LFF35QZT8DO,Personal,2024-03-17 20:20:18,Open
100173,Blake Tate,laoreet@hotmail.com,165-9883 Justo. Avenue,Dasmariñas,Pomorskie,63924,ELN13GKC1UQ,Business,2023-11-22 12:49:25,Open
100174,Colin Gilliam,ullamcorper.eu.euismod@icloud.ca,"P.O. Box 762, 2583 Proin Av.",Pskov,Xīběi,44217,SCB24ISK1US,Personal,2024-01-06 02:37:13,Closed
100175,Bruno Boyle,nonummy.ipsum@hotmail.net,Ap #140-2655 Viverra. Ave,Kirkcaldy,Gauteng,37151,OWC25YVW3JX,Personal,2023-08-19 05:41:53,Open
100176,Erich Albert,nunc.risus@yahoo.ca,"P.O. Box 716, 7013 Scelerisque Rd.",Fort Good Hope,Navarra,36329,OJF08IIG9PH,Personal,2023-12-29 14:08:47,Closed
100177,Cameron Perez,felis.nulla@aol.org,619-1272 Sed Rd.,Smolensk,Wisconsin,43975,SIN92KJT7XV,Business,2024-01-12 09:22:31,Open
100178,Stacy Erickson,metus.in.nec@yahoo.edu,Ap #504-4659 Erat Avenue,Bad Oldesloe,New Brunswick,23315,VSW41HDX0LU,Business,2023-05-21 08:49:55,Closed
100179,Slade King,nulla@icloud.edu,598-2562 Lacus. Rd.,Ambon,South Sumatra,16257,HRH02YTS4KO,Personal,2023-08-19 01:14:05,Closed
100180,Mia Silva,eget.nisi.dictum@aol.edu,3993 Vitae Av.,Sogamoso,Manisa,21304,KUC69WES7KI,Personal,2024-03-15 00:31:45,Closed
100181,Katelyn Benton,posuere.cubilia@google.net,Ap #525-4858 Elementum Av.,Afşin,Gaziantep,56369,RJI16UOB0FN,Personal,2023-09-10 17:52:20,Closed
100182,Zane Weaver,cursus@protonmail.com,231-3791 Interdum Rd.,Rivne,Tennessee,63518,MST15QTM2YN,Personal,2023-12-25 11:04:56,Closed
100183,Galvin Duke,tellus@yahoo.org,Ap #311-4196 Ipsum. Street,Chagai,Maluku,72175,IAC74KJS1CM,Business,2023-05-30 06:29:30,Closed
100184,Kirsten Norris,auctor.vitae@outlook.ca,444-5271 Congue. Rd.,Davenport,Northern Cape,46438,JRU61MCO3UQ,Personal,2024-04-11 02:39:44,Closed
100185,Erasmus Watson,luctus.aliquet.odio@google.couk,785-5952 Erat Street,Fogo,Limpopo,81258,MXC82JCA3AU,Personal,2023-10-08 01:40:13,Closed
100186,Carol Combs,ornare@protonmail.com,"Ap #448-6539 Nostra, Street",Parchim	City,Agder,21916,TEO18HXF4JY,Business,2023-06-25 09:55:18,Closed
100187,Adrienne Rowe,nec.ante.maecenas@outlook.org,Ap #760-7307 Metus Ave,Leticia,Friuli-Venezia Giulia,79208,JGO65BNM5RH,Personal,2024-05-02 04:03:21,Open
100188,Brent Silva,nunc.mauris@yahoo.com,261-9891 Adipiscing Avenue,Cork,Davao Region,77971,LNP62UDR8NT,Personal,2023-06-20 20:02:06,Open
100189,Veda Stevens,phasellus.in.felis@protonmail.net,266-5756 Convallis St.,Ceuta,Xīnán,51744,LBB79CTO2VH,Business,2023-08-09 09:42:29,Closed
100190,Ria Poole,sagittis.augue.eu@aol.com,Ap #236-520 Cras St.,Paarl,North Island,64257,RSQ80XTX8QS,Personal,2024-04-28 03:19:33,Closed
100191,Indira Copeland,egestas.ligula@yahoo.couk,553-2758 At Ave,Alto del Carmen,Lower Austria,81145,LCM52SWF4QJ,Personal,2023-06-26 22:30:27,Closed
100192,Madison Stein,neque@yahoo.couk,373-1826 Convallis Avenue,Tibet,Basilicata,61377,WXN18SGE5RM,Business,2023-05-08 08:26:18,Closed
100193,Nash Davenport,quis.massa.mauris@yahoo.edu,Ap #341-9122 Ipsum Rd.,Saint-Dizier,Antofagasta,21445,QGS23SBK7QW,Business,2023-09-20 13:11:20,Open
100194,Baxter Macdonald,sodales@protonmail.ca,Ap #868-8705 Neque Av.,Diano Arentino,Veneto,46556,NYB38MAY8PI,Business,2023-11-15 21:39:23,Closed
100195,Celeste Bradford,semper.egestas@google.edu,222-9091 Amet Av.,Markkleeberg,Bali,37277,OKH78CXK1JZ,Business,2024-02-18 17:14:47,Open
100196,Jarrod Mcdaniel,eleifend@aol.org,253-2753 Nec Road,Louisville,Swiętokrzyskie,29695,IZQ65HTP7MO,Business,2023-07-19 15:15:52,Open
100197,Hammett Bowman,gravida.sit@protonmail.edu,Ap #271-8107 Velit Street,Vinh,Victoria,64175,XCM07VAS3TL,Business,2024-05-02 00:31:53,Open
100198,Oren Hartman,eget@icloud.org,864-3827 Non Av.,Nadrin,Stockholms län,35453,KQR98CFH0XT,Personal,2024-01-13 13:54:28,Open
100199,Abra Swanson,natoque@icloud.edu,Ap #871-1490 Tempor Rd.,Oamaru,Uttarakhand,37412,SNG32DRW8GI,Personal,2023-11-19 14:02:59,Closed
