user_id,username,email,address,password,user_type,account_status,date_registered
100000,"""augueporttitor""","""pede.ac.urna@protonmail.edu""","{""address"":""181-7773 Dis Av."",""state"":""KS"",""zipcode"":72691}","""facilisiseget""",3,"""Open""",1/18/2021 1:14
100001,"""tortorInteger""","""amet.ante@icloud.com""","{""address"":""284-7313 Curabitur Rd."",""state"":""OR"",""zipcode"":85135}","""sit""",3,"""Open""",9/18/2020 16:58
100002,"""etlacinia""","""rhoncus.id@yahoo.com""","{""address"":""Ap #893-8004 Congue Rd."",""state"":""AZ"",""zipcode"":29078}","""sitamet""",4,"""Open""",4/18/2021 11:03
100003,"""Sedid""","""semper.egestas@hotmail.net""","{""address"":""6774 Ac St."",""state"":""TX"",""zipcode"":74649}","""neque""",3,"""Open""",1/12/2024 10:06
100004,"""Aliquamrutrum""","""massa@outlook.org""","{""address"":""6932 Lobortis Rd."",""state"":""GA"",""zipcode"":22587}","""sociisnatoque""",2,"""Closed""",11/26/2022 7:01
100005,"""ligulaAenean""","""proin.vel@outlook.org""","{""address"":""Ap #328-8194 Ut Rd."",""state"":""NV"",""zipcode"":60246}","""arcuet""",2,"""Open""",9/28/2021 8:00
100006,"""liberodui""","""lorem@aol.org""","{""address"":""Ap #259-3206 Arcu Rd."",""state"":""MD"",""zipcode"":89635}","""Integeridmagna""",3,"""Closed""",10/22/2021 23:41
100007,"""anunc""","""luctus.felis.purus@aol.com""","{""address"":""Ap #947-4906 Cursus Road"",""state"":""OR"",""zipcode"":86476}","""ategestas""",2,"""Open""",8/21/2022 21:41
100008,"""Maurisut""","""est@hotmail.org""","{""address"":""756-9171 Ut St."",""state"":""CO"",""zipcode"":36878}","""nisiAeneaneget""",4,"""Closed""",6/5/2022 22:56
100009,"""Nuncullamcorper""","""cursus.et@yahoo.couk""","{""address"":""Ap #710-5818 Tincidunt Ave"",""state"":""VA"",""zipcode"":35333}","""elementumpurus""",1,"""Open""",11/16/2022 14:49
100010,"""Nullamenim""","""ante.lectus.convallis@hotmail.ca""","{""address"":""703-5300 Fringilla, Avenue"",""state"":""MA"",""zipcode"":85721}","""consequat""",4,"""Closed""",1/11/2021 5:14
100011,"""velturpis""","""ipsum.primis@yahoo.couk""","{""address"":""859-6033 Sed Street"",""state"":""FL"",""zipcode"":28162}","""eleifendegestas""",3,"""Open""",5/8/2020 2:06
100012,"""justoPraesent""","""amet.lorem@protonmail.edu""","{""address"":""Ap #598-5964 Auctor, Street"",""state"":""OH"",""zipcode"":94182}","""infelisNulla""",4,"""Closed""",1/16/2021 0:18
100013,"""molestietortor""","""purus.ac@google.net""","{""address"":""925-8302 Augue St."",""state"":""OH"",""zipcode"":24858}","""anteiaculis""",4,"""Closed""",9/17/2022 0:46
100014,"""gravidamolestie""","""fringilla.est@aol.ca""","{""address"":""Ap #375-1912 Accumsan Rd."",""state"":""MS"",""zipcode"":18428}","""velnisl""",4,"""Closed""",5/30/2023 12:49
100015,"""Aliquamerat""","""ultricies.adipiscing.enim@hotmail.edu""","{""address"":""778-1771 Luctus Av."",""state"":""IA"",""zipcode"":86485}","""loremtristique""",2,"""Open""",8/12/2022 15:12
100016,"""natoquepenatibus""","""tempus@yahoo.org""","{""address"":""Ap #615-4285 Dui. Rd."",""state"":""TX"",""zipcode"":57648}","""intempus""",2,"""Closed""",6/24/2020 4:30
100017,"""urnaconvallis""","""enim@outlook.org""","{""address"":""692-6312 Nec, Road"",""state"":""CT"",""zipcode"":62445}","""imperdiet""",4,"""Closed""",1/2/2021 21:53
100018,"""loremtristique""","""magna.et@hotmail.net""","{""address"":""Ap #135-3180 Ipsum. Avenue"",""state"":""ME"",""zipcode"":74831}","""placerateget""",3,"""Open""",6/5/2021 16:48
100019,"""sollicitudinadipiscing""","""nunc.sollicitudin@yahoo.edu""","{""address"":""Ap #230-7309 Bibendum Avenue"",""state"":""IL"",""zipcode"":39786}","""Quisque""",4,"""Open""",9/23/2021 18:05
100020,"""placerataugue""","""nisl.arcu@outlook.com""","{""address"":""646-579 Eget Avenue"",""state"":""AR"",""zipcode"":87518}","""arcu""",2,"""Closed""",9/30/2021 15:26
100021,"""incursus""","""ac@google.ca""","{""address"":""182-847 Commodo Rd."",""state"":""DE"",""zipcode"":57717}","""Quisquepurussapien""",5,"""Open""",5/30/2020 20:40
100022,"""velitegestas""","""fames@icloud.ca""","{""address"":""P.O. Box 845, 865 Molestie Av."",""state"":""MD"",""zipcode"":56121}","""felispurus""",1,"""Closed""",3/2/2024 7:31
100023,"""rutrumlorem""","""nec@hotmail.edu""","{""address"":""Ap #370-8165 Faucibus. Avenue"",""state"":""CO"",""zipcode"":36101}","""aaliquetvel""",2,"""Open""",4/24/2021 6:39
100024,"""felisadipiscing""","""dictum.augue@outlook.ca""","{""address"":""106-3283 Odio. St."",""state"":""LA"",""zipcode"":51457}","""vitaevelitegestas""",3,"""Closed""",3/19/2024 8:43
100025,"""nasceturridiculus""","""donec@icloud.org""","{""address"":""841-6662 Elit St."",""state"":""GA"",""zipcode"":40666}","""interdumfeugiatSed""",5,"""Closed""",9/3/2021 14:13
100026,"""ultricesposuere""","""tempus.scelerisque@icloud.edu""","{""address"":""Ap #660-480 Facilisis Ave"",""state"":""TN"",""zipcode"":86425}","""elementumpurus""",5,"""Open""",7/18/2021 8:10
100027,"""idmollis""","""fusce.feugiat@protonmail.couk""","{""address"":""Ap #218-9453 Vulputate Rd."",""state"":""CT"",""zipcode"":32945}","""aptenttacitisociosqu""",4,"""Open""",6/15/2021 11:56
100028,"""temporest""","""ullamcorper.eu.euismod@yahoo.net""","{""address"":""495-142 Ac St."",""state"":""CT"",""zipcode"":55024}","""antebibendumullamcorper""",2,"""Closed""",3/29/2021 13:46
100029,"""seddictum""","""vulputate.nisi@aol.couk""","{""address"":""4590 Ac Av."",""state"":""CA"",""zipcode"":40962}","""liberoInteger""",3,"""Closed""",12/18/2022 16:29
100030,"""fermentumfermentum""","""ac.mi@outlook.ca""","{""address"":""119-3068 Sem St."",""state"":""AL"",""zipcode"":48561}","""utnisi""",5,"""Closed""",3/22/2023 15:44
100031,"""inconsequat""","""ultrices.iaculis@google.couk""","{""address"":""Ap #440-1047 Ornare, Rd."",""state"":""MO"",""zipcode"":33928}","""estacmattis""",4,"""Open""",9/16/2022 11:27
100032,"""necmollis""","""accumsan.laoreet@icloud.org""","{""address"":""744 Quisque Road"",""state"":""IN"",""zipcode"":73427}","""iaculis""",5,"""Open""",7/26/2023 21:18
100033,"""Quisquelibero""","""quam.curabitur.vel@icloud.couk""","{""address"":""P.O. Box 698, 9574 Vel, Rd."",""state"":""OH"",""zipcode"":71372}","""necimperdiet""",2,"""Closed""",9/10/2022 2:42
100034,"""sagittissemper""","""mauris.sagittis@hotmail.couk""","{""address"":""3360 Ultrices Rd."",""state"":""CO"",""zipcode"":36267}","""tristiqueneque""",3,"""Closed""",6/5/2023 8:12
100035,"""lobortisaugue""","""vulputate@yahoo.couk""","{""address"":""Ap #461-9754 Augue Street"",""state"":""TN"",""zipcode"":86669}","""fermentumarcu""",1,"""Open""",4/8/2022 14:03
100036,"""Morbivehicula""","""maecenas@google.com""","{""address"":""Ap #504-6022 Est Ave"",""state"":""MT"",""zipcode"":86118}","""idnunc""",3,"""Closed""",8/23/2020 16:29
100037,"""Sedeu""","""eu@icloud.net""","{""address"":""Ap #391-5045 Vivamus Av."",""state"":""CT"",""zipcode"":82411}","""sitamet""",4,"""Open""",6/22/2021 3:49
100038,"""aliquetmolestie""","""vestibulum.nec@protonmail.edu""","{""address"":""541-2256 Quis, Rd."",""state"":""GA"",""zipcode"":31853}","""ridiculusmus""",3,"""Open""",7/27/2021 22:30
100039,"""nasceturridiculus""","""nec@hotmail.org""","{""address"":""P.O. Box 911, 8314 Tempus Ave"",""state"":""FL"",""zipcode"":87117}","""Duisgravida""",2,"""Closed""",5/8/2023 23:31
100040,"""lectusante""","""risus@icloud.com""","{""address"":""155-7282 Amet Ave"",""state"":""DE"",""zipcode"":35652}","""Donecnibhenim""",4,"""Open""",6/13/2021 18:44
100041,"""ipsumdolor""","""luctus.et@outlook.com""","{""address"":""4916 Ullamcorper, Rd."",""state"":""UT"",""zipcode"":58653}","""mollis""",3,"""Closed""",9/25/2020 3:53
100042,"""ornarelectus""","""lorem.eget@hotmail.couk""","{""address"":""487-8000 Quisque Street"",""state"":""OR"",""zipcode"":86889}","""pretium""",5,"""Closed""",4/17/2021 6:27
100043,"""mattisornare""","""ipsum.non@hotmail.ca""","{""address"":""990-2646 Justo Ave"",""state"":""TN"",""zipcode"":13191}","""magnanec""",1,"""Open""",7/14/2021 17:04
100044,"""quisurna""","""elit@icloud.com""","{""address"":""Ap #675-9398 Et Rd."",""state"":""MS"",""zipcode"":46271}","""Phasellus""",4,"""Open""",1/6/2023 17:21
100045,"""orciadipiscing""","""proin.dolor.nulla@aol.edu""","{""address"":""P.O. Box 696, 1228 Enim. Avenue"",""state"":""OH"",""zipcode"":23447}","""scelerisquelorem""",4,"""Closed""",6/27/2022 1:41
100046,"""Etiamvestibulum""","""condimentum@aol.net""","{""address"":""9299 Eu, Ave"",""state"":""IL"",""zipcode"":95067}","""eutellus""",2,"""Open""",4/24/2023 2:04
100047,"""loremeu""","""sagittis.placerat@protonmail.org""","{""address"":""Ap #311-7781 Vel Rd."",""state"":""MT"",""zipcode"":86679}","""parturientmontesnascetur""",4,"""Closed""",3/17/2021 16:40
100048,"""semelit""","""fusce.mi@outlook.couk""","{""address"":""752-6368 Ante Av."",""state"":""MD"",""zipcode"":73376}","""molestietellusAenean""",1,"""Closed""",6/11/2021 19:47
100049,"""Suspendissealiquet""","""ac.risus.morbi@aol.net""","{""address"":""Ap #491-7415 Varius Ave"",""state"":""UT"",""zipcode"":94350}","""urnaNunc""",4,"""Open""",2/18/2023 17:26
100050,"""Quisqueporttitor""","""sem.consequat@outlook.net""","{""address"":""8864 Aliquet St."",""state"":""MD"",""zipcode"":61137}","""nisl""",1,"""Open""",10/16/2021 22:00
100051,"""pellentesquea""","""eget@protonmail.net""","{""address"":""Ap #868-210 Sed Rd."",""state"":""TN"",""zipcode"":57614}","""urnajustofaucibus""",1,"""Closed""",9/9/2021 22:20
100052,"""feugiatLorem""","""a@yahoo.net""","{""address"":""Ap #827-2780 Donec Rd."",""state"":""IN"",""zipcode"":35458}","""velnisl""",3,"""Open""",6/25/2020 19:19
100053,"""consequatlectus""","""vivamus.nisi@icloud.org""","{""address"":""P.O. Box 219, 638 Eu Av."",""state"":""WI"",""zipcode"":37659}","""pedeCumsociis""",3,"""Open""",3/2/2021 5:29
100054,"""pedemalesuada""","""dis.parturient@hotmail.couk""","{""address"":""939-1318 Montes, Street"",""state"":""GA"",""zipcode"":78415}","""Proinvel""",3,"""Open""",4/2/2024 21:07
100055,"""nisinibh""","""inceptos@aol.net""","{""address"":""Ap #786-8534 Odio Street"",""state"":""TN"",""zipcode"":96773}","""Nullamvitae""",3,"""Open""",5/2/2022 15:17
100056,"""Curabiturconsequat""","""praesent.eu@yahoo.org""","{""address"":""Ap #867-5757 Ipsum Ave"",""state"":""MN"",""zipcode"":62161}","""atortor""",2,"""Closed""",2/5/2021 21:13
100057,"""nonfeugiat""","""ante.vivamus@protonmail.ca""","{""address"":""P.O. Box 959, 1193 Dolor Road"",""state"":""PA"",""zipcode"":65315}","""vulputatelacusCras""",3,"""Open""",1/30/2022 20:34
100058,"""morbitristique""","""morbi.tristique.senectus@hotmail.ca""","{""address"":""406-7343 Turpis St."",""state"":""WA"",""zipcode"":50541}","""tinciduntdui""",4,"""Closed""",9/26/2022 14:19
100059,"""massalobortis""","""molestie@aol.ca""","{""address"":""101 Eget Av."",""state"":""GA"",""zipcode"":62823}","""eu""",4,"""Closed""",3/20/2023 21:07
100060,"""dictumeleifend""","""convallis@protonmail.couk""","{""address"":""424-1768 Sem Road"",""state"":""AK"",""zipcode"":38072}","""purusin""",4,"""Open""",12/7/2022 1:51
100061,"""odioEtiam""","""quisque@outlook.net""","{""address"":""P.O. Box 360, 9253 Dolor. Ave"",""state"":""KY"",""zipcode"":48476}","""odioAliquamvulputate""",3,"""Closed""",7/10/2020 2:54
100062,"""dictumaugue""","""curae.donec@yahoo.net""","{""address"":""Ap #596-7901 Pede St."",""state"":""AZ"",""zipcode"":98637}","""nequetellusimperdiet""",2,"""Open""",3/9/2023 21:58
100063,"""musAenean""","""orci@icloud.couk""","{""address"":""P.O. Box 148, 4348 Rutrum, Rd."",""state"":""CO"",""zipcode"":49063}","""sed""",1,"""Open""",3/28/2022 19:01
100064,"""scelerisquescelerisque""","""sollicitudin@icloud.ca""","{""address"":""3092 Vel Av."",""state"":""UT"",""zipcode"":22963}","""Sed""",4,"""Open""",12/5/2023 17:48
100065,"""Integereu""","""mauris.vestibulum.neque@yahoo.ca""","{""address"":""P.O. Box 143, 1698 Etiam Ave"",""state"":""MI"",""zipcode"":19737}","""Cumsociis""",2,"""Closed""",2/14/2022 12:49
100066,"""luctuset""","""nunc.ullamcorper@outlook.com""","{""address"":""926-4563 In St."",""state"":""AR"",""zipcode"":13055}","""ipsum""",3,"""Closed""",1/25/2021 22:24
100067,"""atrisus""","""dui.nec@outlook.couk""","{""address"":""675-2152 Luctus. Av."",""state"":""CT"",""zipcode"":71030}","""Lorem""",5,"""Open""",3/25/2022 21:56
100068,"""massarutrum""","""cras.vehicula@protonmail.com""","{""address"":""Ap #110-8170 Pellentesque Road"",""state"":""IA"",""zipcode"":65331}","""Donec""",2,"""Closed""",5/11/2023 9:35
100069,"""dictumeleifend""","""mauris.rhoncus@yahoo.org""","{""address"":""2507 Euismod Avenue"",""state"":""ID"",""zipcode"":81719}","""sedest""",2,"""Closed""",12/20/2020 5:13
100070,"""nibhsit""","""cras@protonmail.org""","{""address"":""Ap #349-7353 Nulla. Rd."",""state"":""HI"",""zipcode"":27366}","""Namligula""",3,"""Closed""",10/20/2022 8:07
100071,"""nuncest""","""vel.vulputate@icloud.couk""","{""address"":""491-4881 Nisl. Rd."",""state"":""LA"",""zipcode"":55282}","""urnaNullamlobortis""",3,"""Open""",5/27/2020 16:43
100072,"""lectusante""","""nisl.sem@aol.org""","{""address"":""Ap #684-221 Sociosqu St."",""state"":""ME"",""zipcode"":63402}","""pede""",5,"""Open""",9/12/2023 4:03
100073,"""cursusnon""","""sed.pharetra@outlook.com""","{""address"":""7390 Eget Rd."",""state"":""TX"",""zipcode"":71837}","""orcitinciduntadipiscing""",3,"""Open""",8/5/2023 16:55
100074,"""Maecenasiaculis""","""nec.imperdiet.nec@outlook.couk""","{""address"":""2880 Non, St."",""state"":""WA"",""zipcode"":78157}","""infaucibus""",5,"""Closed""",3/7/2021 13:17
100075,"""faucibusorci""","""et@protonmail.org""","{""address"":""P.O. Box 744, 395 A, Rd."",""state"":""IN"",""zipcode"":71526}","""posuerecubilia""",4,"""Open""",5/9/2022 0:39
100076,"""facilisisSuspendisse""","""dapibus.ligula.aliquam@yahoo.org""","{""address"":""8056 Massa. St."",""state"":""MN"",""zipcode"":27543}","""sagittisNullam""",3,"""Open""",2/10/2023 18:07
100077,"""seddui""","""vulputate.dui@google.couk""","{""address"":""1832 Nunc Rd."",""state"":""AR"",""zipcode"":97215}","""velmauris""",1,"""Closed""",3/30/2024 12:53
100078,"""malesuadafames""","""fames@yahoo.couk""","{""address"":""7387 Tellus Rd."",""state"":""AZ"",""zipcode"":72251}","""tortorInteger""",3,"""Open""",4/13/2024 4:21
100079,"""nullaat""","""ligula.elit.pretium@aol.ca""","{""address"":""718-966 Aliquam Av."",""state"":""GA"",""zipcode"":40865}","""maurisipsumporta""",3,"""Open""",8/2/2023 6:36
100080,"""miac""","""id@protonmail.net""","{""address"":""Ap #190-7535 Ridiculus Road"",""state"":""WA"",""zipcode"":78633}","""auctornonfeugiat""",5,"""Closed""",3/24/2024 4:09
100081,"""bibendumDonec""","""varius.nam.porttitor@outlook.com""","{""address"":""P.O. Box 867, 6515 Orci, Rd."",""state"":""NV"",""zipcode"":33611}","""iaculisaliquet""",1,"""Closed""",8/8/2020 23:19
100082,"""facilisisvitae""","""quisque.fringilla@protonmail.com""","{""address"":""908-4013 Dui, Avenue"",""state"":""UT"",""zipcode"":81920}","""habitantmorbitristique""",5,"""Closed""",3/16/2023 23:39
100083,"""ategestas""","""libero.dui@aol.org""","{""address"":""894-6212 Tincidunt Avenue"",""state"":""DE"",""zipcode"":64322}","""nectempus""",3,"""Closed""",4/18/2024 14:38
100084,"""cubiliaCurae""","""ornare.tortor@google.ca""","{""address"":""5688 Mi Road"",""state"":""DE"",""zipcode"":95779}","""maurisaliquameu""",2,"""Closed""",11/4/2020 18:24
100085,"""aaliquet""","""lorem.semper.auctor@icloud.net""","{""address"":""P.O. Box 116, 2479 Vitae, St."",""state"":""MI"",""zipcode"":13156}","""commodohendreritDonec""",2,"""Open""",3/22/2022 18:58
100086,"""dolordapibus""","""blandit.nam@protonmail.com""","{""address"":""174-9637 Est Avenue"",""state"":""OR"",""zipcode"":85888}","""laciniaorci""",4,"""Open""",12/11/2020 5:52
100087,"""posuerevulputate""","""lacus@aol.org""","{""address"":""Ap #641-769 At Avenue"",""state"":""DE"",""zipcode"":72825}","""at""",2,"""Open""",2/27/2023 19:00
100088,"""etnunc""","""mollis.nec@yahoo.edu""","{""address"":""Ap #638-4762 Risus Rd."",""state"":""AK"",""zipcode"":95323}","""luctusut""",5,"""Closed""",9/9/2021 12:17
100089,"""orciluctus""","""aliquam.nisl@icloud.ca""","{""address"":""683-3106 Suspendisse Rd."",""state"":""IA"",""zipcode"":76974}","""montesnasceturridiculus""",4,"""Closed""",4/9/2024 22:42
100090,"""ipsumnon""","""est.mollis@google.com""","{""address"":""982-5779 Rhoncus. St."",""state"":""CA"",""zipcode"":32881}","""aarcuSed""",5,"""Open""",11/27/2020 9:09
100091,"""nuncIn""","""et.magnis@aol.ca""","{""address"":""Ap #378-1350 Felis, Rd."",""state"":""MO"",""zipcode"":86335}","""fringillaporttitor""",2,"""Open""",8/5/2021 4:22
100092,"""lobortisquam""","""sed.eget.lacus@icloud.org""","{""address"":""P.O. Box 768, 2333 Feugiat St."",""state"":""MT"",""zipcode"":48688}","""Phaselluselit""",4,"""Open""",5/19/2022 23:36
100093,"""tempordiam""","""enim@aol.couk""","{""address"":""Ap #456-9865 Vivamus Street"",""state"":""WI"",""zipcode"":55342}","""leoCras""",4,"""Closed""",7/10/2021 11:20
100094,"""adui""","""netus.et@icloud.edu""","{""address"":""2367 Aliquam Ave"",""state"":""ME"",""zipcode"":43228}","""Aliquam""",4,"""Closed""",10/1/2020 23:56
100095,"""Nullasemper""","""habitant@hotmail.com""","{""address"":""P.O. Box 767, 8997 Sed Rd."",""state"":""WY"",""zipcode"":71427}","""loremluctusut""",4,"""Open""",8/10/2023 7:40
100096,"""rhoncusid""","""eu@aol.com""","{""address"":""Ap #319-3214 Tellus Avenue"",""state"":""ME"",""zipcode"":42130}","""facilisi""",4,"""Open""",6/19/2021 2:38
100097,"""etnunc""","""sollicitudin.orci@hotmail.edu""","{""address"":""762-4261 Diam. St."",""state"":""IL"",""zipcode"":51654}","""vitaepurus""",4,"""Closed""",11/14/2022 6:35
100098,"""maurissagittis""","""arcu.eu.odio@google.org""","{""address"":""Ap #210-3172 In St."",""state"":""NV"",""zipcode"":77218}","""quisaccumsan""",2,"""Open""",10/25/2021 5:12
100099,"""mollisdui""","""nisi.a@aol.com""","{""address"":""Ap #339-122 Sit Street"",""state"":""MO"",""zipcode"":98224}","""interdumenim""",4,"""Open""",1/28/2022 20:30
100100,"""Aliquamtincidunt""","""consectetuer.ipsum@google.org""","{""address"":""5363 Non, Ave"",""state"":"""",""zipcode"":}","""nonnisiAenean""",1,"""Closed""",4/25/2022 20:10
100101,"""atortor""","""nec.metus@google.couk""","{""address"":""1427 Vivamus Av."",""state"":"""",""zipcode"":}","""laoreetposuere""",3,"""Closed""",7/29/2021 19:59
100102,"""Aliquamvulputate""","""magna.nec@protonmail.net""","{""address"":""Ap #202-2808 Enim. Road"",""state"":"""",""zipcode"":}","""euelit""",5,"""Closed""",1/9/2022 4:18
100103,"""Phaselluslibero""","""hendrerit.neque@protonmail.com""","{""address"":""P.O. Box 903, 5110 Eu Road"",""state"":"""",""zipcode"":}","""fermentumconvallisligula""",3,"""Open""",3/26/2021 9:02
100104,"""nectempus""","""diam.duis.mi@hotmail.couk""","{""address"":""Ap #717-5111 Sed, St."",""state"":"""",""zipcode"":}","""rutrumnonhendrerit""",2,"""Closed""",8/21/2021 18:24
100105,"""arcuSed""","""penatibus.et.magnis@outlook.edu""","{""address"":""Ap #488-242 Eu, Ave"",""state"":"""",""zipcode"":}","""eleifend""",2,"""Open""",2/3/2023 18:47
100106,"""Nuncpulvinar""","""ornare.lectus.justo@hotmail.edu""","{""address"":""750-1304 Mus. St."",""state"":"""",""zipcode"":}","""enimdiamvel""",3,"""Open""",10/7/2022 9:31
100107,"""eutempor""","""ligula@aol.ca""","{""address"":""Ap #577-7232 Integer St."",""state"":"""",""zipcode"":}","""ultricesiaculisodio""",1,"""Open""",12/18/2021 17:00
100108,"""velturpis""","""duis.at@yahoo.ca""","{""address"":""P.O. Box 746, 3506 At Rd."",""state"":"""",""zipcode"":}","""faucibus""",4,"""Open""",10/30/2022 14:25
100109,"""turpisegestas""","""aliquet.proin@outlook.org""","{""address"":""3842 Dolor St."",""state"":"""",""zipcode"":}","""egetodio""",2,"""Closed""",8/22/2021 16:29
100110,"""lobortisrisus""","""ullamcorper.velit.in@icloud.net""","{""address"":""942-131 Urna. Avenue"",""state"":"""",""zipcode"":}","""erosProin""",2,"""Open""",6/5/2022 2:14
100111,"""sodaleselit""","""aliquam.adipiscing.lacus@yahoo.com""","{""address"":""670-7085 Phasellus St."",""state"":"""",""zipcode"":}","""orci""",3,"""Open""",5/12/2021 6:18
100112,"""temporarcu""","""lacinia.mattis@google.com""","{""address"":""P.O. Box 313, 5051 Aenean Street"",""state"":"""",""zipcode"":}","""atvelit""",3,"""Closed""",1/28/2023 6:34
100113,"""risusNulla""","""phasellus@protonmail.net""","{""address"":""986-7233 Phasellus Rd."",""state"":"""",""zipcode"":}","""enimnon""",1,"""Open""",9/3/2020 15:53
100114,"""Inmi""","""aliquet.metus@aol.couk""","{""address"":""755-9798 Nec, Rd."",""state"":"""",""zipcode"":}","""Suspendisse""",4,"""Closed""",2/7/2024 0:17
100115,"""mollisDuis""","""netus.et@google.couk""","{""address"":""Ap #321-8515 Consequat St."",""state"":"""",""zipcode"":}","""Fuscemollis""",4,"""Closed""",11/21/2022 11:08
100116,"""ametmetus""","""vestibulum.accumsan@outlook.couk""","{""address"":""294-1992 Penatibus Av."",""state"":"""",""zipcode"":}","""felisorci""",2,"""Closed""",6/2/2021 21:38
100117,"""arcuVestibulum""","""tincidunt@hotmail.com""","{""address"":""Ap #998-4612 Ante. St."",""state"":"""",""zipcode"":}","""Crasinterdum""",4,"""Closed""",4/13/2022 17:32
100118,"""dictummagna""","""risus.donec.nibh@yahoo.edu""","{""address"":""895-4124 In Street"",""state"":"""",""zipcode"":}","""ante""",3,"""Open""",7/10/2020 18:38
100119,"""atlacus""","""scelerisque.scelerisque@outlook.net""","{""address"":""287 Non Avenue"",""state"":"""",""zipcode"":}","""luctussit""",5,"""Open""",1/12/2024 17:30
100120,"""velitQuisque""","""nunc.sollicitudin@outlook.org""","{""address"":""P.O. Box 125, 9784 Et, Street"",""state"":"""",""zipcode"":}","""dapibusrutrum""",3,"""Closed""",12/18/2023 8:19
100121,"""maurisrhoncus""","""velit.pellentesque@outlook.com""","{""address"":""Ap #262-2227 Ullamcorper Rd."",""state"":"""",""zipcode"":}","""consequat""",2,"""Open""",10/6/2021 19:16
100122,"""Proinnon""","""adipiscing.enim@protonmail.ca""","{""address"":""Ap #102-4057 Cras Av."",""state"":"""",""zipcode"":}","""atvelit""",4,"""Closed""",3/16/2021 3:20
100123,"""estac""","""ut.lacus@icloud.couk""","{""address"":""Ap #151-1036 Feugiat St."",""state"":"""",""zipcode"":}","""primisinfaucibus""",4,"""Closed""",3/23/2024 23:11
100124,"""luctuset""","""velit@icloud.com""","{""address"":""416-8615 Sodales Ave"",""state"":"""",""zipcode"":}","""utquam""",1,"""Open""",11/10/2021 8:05
100125,"""eueros""","""gravida.molestie.arcu@protonmail.ca""","{""address"":""Ap #502-5733 Laoreet Rd."",""state"":"""",""zipcode"":}","""vitaesemper""",1,"""Open""",1/31/2024 10:49
100126,"""molestieorci""","""enim.mauris@outlook.net""","{""address"":""Ap #280-2946 Augue St."",""state"":"""",""zipcode"":}","""volutpatornare""",4,"""Closed""",8/1/2022 15:43
100127,"""Proinvel""","""aliquam.ornare@icloud.org""","{""address"":""Ap #962-8085 Tincidunt. Street"",""state"":"""",""zipcode"":}","""nibhdolor""",2,"""Open""",9/18/2022 13:37
100128,"""nonmassa""","""eget@yahoo.net""","{""address"":""P.O. Box 644, 3393 Suspendisse Avenue"",""state"":"""",""zipcode"":}","""Phaselluslibero""",1,"""Open""",5/2/2021 14:44
100129,"""aliquamiaculis""","""lacus.nulla.tincidunt@hotmail.couk""","{""address"":""2007 Consectetuer Road"",""state"":"""",""zipcode"":}","""variusNamporttitor""",2,"""Closed""",1/14/2021 5:54
100130,"""odiosagittis""","""sed.et@hotmail.couk""","{""address"":""908-9793 Ad St."",""state"":"""",""zipcode"":}","""dui""",4,"""Closed""",3/9/2024 12:14
100131,"""Praesentluctus""","""ut.odio.vel@hotmail.org""","{""address"":""Ap #158-8002 Cum Av."",""state"":"""",""zipcode"":}","""nequepellentesquemassa""",4,"""Closed""",10/10/2023 16:48
100132,"""mattisvelit""","""libero@outlook.com""","{""address"":""631-5899 Amet, St."",""state"":"""",""zipcode"":}","""mienim""",4,"""Open""",5/19/2021 15:01
100133,"""pellentesqueeget""","""bibendum.fermentum.metus@yahoo.org""","{""address"":""P.O. Box 228, 3364 Neque Rd."",""state"":"""",""zipcode"":}","""Duis""",1,"""Closed""",8/19/2020 17:35
100134,"""tempuslorem""","""est.tempor@google.com""","{""address"":""772-7675 Nulla Avenue"",""state"":"""",""zipcode"":}","""tempus""",2,"""Closed""",12/21/2020 20:42
100135,"""porttitorinterdum""","""enim.sit@icloud.ca""","{""address"":""447-8965 Sit Street"",""state"":"""",""zipcode"":}","""neque""",2,"""Open""",2/25/2021 20:20
100136,"""ametorci""","""nunc.mauris@hotmail.edu""","{""address"":""P.O. Box 880, 7699 Donec Rd."",""state"":"""",""zipcode"":}","""varius""",5,"""Open""",6/22/2021 12:13
100137,"""Phasellusdapibus""","""nulla.dignissim.maecenas@hotmail.com""","{""address"":""Ap #610-1554 Odio. Rd."",""state"":"""",""zipcode"":}","""euerat""",4,"""Closed""",7/29/2023 13:37
100138,"""nondapibus""","""cum.sociis@google.com""","{""address"":""160-6617 Odio Av."",""state"":"""",""zipcode"":}","""egestas""",2,"""Open""",3/3/2021 16:08
100139,"""aceleifend""","""in.at@icloud.edu""","{""address"":""Ap #202-8556 Cursus Avenue"",""state"":"""",""zipcode"":}","""semegestas""",2,"""Open""",3/15/2024 22:28
100140,"""rutrumnon""","""vel@aol.edu""","{""address"":""615-405 Augue Av."",""state"":"""",""zipcode"":}","""nec""",3,"""Closed""",6/11/2022 3:28
100141,"""egestasnunc""","""etiam.gravida@hotmail.net""","{""address"":""481-4256 Et Avenue"",""state"":"""",""zipcode"":}","""rhoncus""",1,"""Closed""",1/19/2023 1:11
100142,"""dignissimmagna""","""diam.lorem@yahoo.edu""","{""address"":""Ap #584-5651 Consectetuer Avenue"",""state"":"""",""zipcode"":}","""egetvenenatis""",3,"""Closed""",8/19/2023 8:58
100143,"""fringillapurus""","""arcu.vivamus@hotmail.org""","{""address"":""809-9852 Elit, Ave"",""state"":"""",""zipcode"":}","""fringillapurus""",4,"""Closed""",5/30/2023 4:06
100144,"""utodio""","""et.eros@icloud.org""","{""address"":""Ap #353-6532 Amet, Street"",""state"":"""",""zipcode"":}","""eu""",3,"""Open""",9/7/2023 12:34
100145,"""nuncest""","""dictum.cursus.nunc@protonmail.com""","{""address"":""729-8533 Aenean Rd."",""state"":"""",""zipcode"":}","""In""",3,"""Open""",7/13/2021 14:50
100146,"""Aliquamnisl""","""ipsum.porta@google.org""","{""address"":""808-6894 Metus. Road"",""state"":"""",""zipcode"":}","""pede""",1,"""Open""",1/12/2021 14:24
100147,"""velturpis""","""diam.eu.dolor@outlook.org""","{""address"":""Ap #451-916 Natoque Rd."",""state"":"""",""zipcode"":}","""malesuadafringillaest""",4,"""Closed""",8/6/2023 16:48
100148,"""etmalesuada""","""cras@icloud.net""","{""address"":""P.O. Box 236, 9686 Malesuada St."",""state"":"""",""zipcode"":}","""egestasSedpharetra""",3,"""Open""",4/14/2022 9:12
100149,"""dolorelit""","""ipsum@outlook.couk""","{""address"":""Ap #346-3707 Pellentesque, Street"",""state"":"""",""zipcode"":}","""temporerat""",3,"""Open""",9/14/2021 18:54
100150,"""lectusante""","""quisque@aol.net""","{""address"":""378-7449 Et Street"",""state"":"""",""zipcode"":}","""netusetmalesuada""",2,"""Open""",9/23/2021 2:01
100151,"""eutempor""","""hendrerit@outlook.edu""","{""address"":""221-2408 Turpis. Av."",""state"":"""",""zipcode"":}","""natoque""",3,"""Open""",5/18/2021 13:47
100152,"""Vestibulumante""","""non@outlook.edu""","{""address"":""Ap #958-3075 Nullam Avenue"",""state"":"""",""zipcode"":}","""congueturpis""",4,"""Closed""",4/7/2021 12:48
100153,"""faucibusorci""","""lorem.auctor.quis@google.couk""","{""address"":""P.O. Box 481, 6269 Vitae Road"",""state"":"""",""zipcode"":}","""NullaaliquetProin""",2,"""Open""",5/14/2023 15:21
100154,"""Nuncmauris""","""quisque.fringilla@protonmail.couk""","{""address"":""Ap #216-8789 Ullamcorper Street"",""state"":"""",""zipcode"":}","""lobortis""",2,"""Open""",11/10/2022 16:05
100155,"""eratsemper""","""congue.in.scelerisque@hotmail.com""","{""address"":""P.O. Box 443, 8330 Velit. Road"",""state"":"""",""zipcode"":}","""semsemper""",4,"""Closed""",7/23/2022 2:22
100156,"""disparturient""","""arcu@outlook.net""","{""address"":""106-5943 Nullam Street"",""state"":"""",""zipcode"":}","""Suspendisseacmetus""",5,"""Closed""",11/5/2023 14:56
100157,"""gravidasit""","""ac.orci.ut@aol.couk""","{""address"":""Ap #165-9923 Pede. Road"",""state"":"""",""zipcode"":}","""arcuvel""",3,"""Open""",5/14/2023 3:37
100158,"""auctornunc""","""egestas.sed@google.couk""","{""address"":""6076 Cursus Road"",""state"":"""",""zipcode"":}","""aultricies""",4,"""Open""",7/3/2020 14:31
100159,"""loremvitae""","""quam@hotmail.net""","{""address"":""Ap #208-8602 Risus. Road"",""state"":"""",""zipcode"":}","""Quisque""",3,"""Closed""",8/29/2023 19:23
100160,"""sodalesat""","""nulla.dignissim@outlook.org""","{""address"":""116-6890 Dui. Street"",""state"":"""",""zipcode"":}","""nonummyFusce""",2,"""Open""",5/27/2020 2:36
100161,"""adipiscingfringilla""","""enim.nunc@hotmail.net""","{""address"":""Ap #364-7917 Egestas St."",""state"":"""",""zipcode"":}","""ipsumprimis""",5,"""Closed""",3/25/2022 3:52
100162,"""facilisislorem""","""nibh@icloud.ca""","{""address"":""816-8585 Mi Rd."",""state"":"""",""zipcode"":}","""inlobortis""",2,"""Open""",12/2/2022 1:32
100163,"""enimEtiam""","""suspendisse@google.edu""","{""address"":""P.O. Box 677, 795 Ipsum Av."",""state"":"""",""zipcode"":}","""diamProin""",2,"""Closed""",7/24/2023 13:43
100164,"""egetlaoreet""","""cum.sociis@outlook.couk""","{""address"":""Ap #647-6878 In Rd."",""state"":"""",""zipcode"":}","""netuset""",5,"""Open""",5/12/2021 16:05
100165,"""adui""","""lobortis.tellus@protonmail.couk""","{""address"":""Ap #313-3187 Tristique Av."",""state"":"""",""zipcode"":}","""arcuvel""",2,"""Closed""",5/13/2023 21:35
100166,"""portaelit""","""luctus@aol.net""","{""address"":""Ap #416-9715 Ridiculus St."",""state"":"""",""zipcode"":}","""blanditenimconsequat""",2,"""Open""",2/24/2021 15:32
100167,"""euismodurna""","""elit.pede.malesuada@outlook.couk""","{""address"":""1164 Tincidunt Rd."",""state"":"""",""zipcode"":}","""risusQuisque""",3,"""Closed""",1/19/2023 20:26
100168,"""risusNulla""","""aliquam.rutrum.lorem@icloud.com""","{""address"":""4755 Fusce St."",""state"":"""",""zipcode"":}","""per""",4,"""Closed""",7/29/2021 2:35
100169,"""Sedmolestie""","""adipiscing.non@yahoo.org""","{""address"":""Ap #649-2309 Eu, Rd."",""state"":"""",""zipcode"":}","""Namligula""",4,"""Closed""",10/31/2022 11:01
100170,"""estmollis""","""malesuada.integer@yahoo.net""","{""address"":""Ap #884-6569 At Av."",""state"":"""",""zipcode"":}","""netuset""",5,"""Closed""",10/28/2022 5:16
100171,"""nonmagna""","""a.odio@protonmail.net""","{""address"":""6234 Convallis St."",""state"":"""",""zipcode"":}","""ipsumnuncid""",5,"""Closed""",12/6/2020 0:24
100172,"""fermentumvel""","""vel.quam.dignissim@aol.org""","{""address"":""949-3608 Cubilia Rd."",""state"":"""",""zipcode"":}","""id""",3,"""Closed""",5/20/2023 9:34
100173,"""auctorMauris""","""in.scelerisque@protonmail.couk""","{""address"":""Ap #805-3751 Aliquet Avenue"",""state"":"""",""zipcode"":}","""purus""",3,"""Closed""",6/29/2021 21:57
100174,"""luctuslobortis""","""lorem.donec@yahoo.edu""","{""address"":""140-8816 Magna. Rd."",""state"":"""",""zipcode"":}","""risus""",5,"""Closed""",1/31/2022 2:49
100175,"""semmollis""","""mattis.cras@aol.org""","{""address"":""Ap #748-5963 Sed St."",""state"":"""",""zipcode"":}","""augue""",3,"""Open""",6/2/2023 17:47
100176,"""velitjusto""","""odio@outlook.org""","{""address"":""Ap #518-4704 Mattis Street"",""state"":"""",""zipcode"":}","""Intincidunt""",4,"""Closed""",5/6/2022 1:38
100177,"""sitamet""","""aliquet.vel@outlook.net""","{""address"":""4287 In Rd."",""state"":"""",""zipcode"":}","""Phasellusvitae""",5,"""Closed""",7/16/2020 19:26
100178,"""ametconsectetuer""","""facilisi.sed.neque@aol.edu""","{""address"":""874-3136 In Rd."",""state"":"""",""zipcode"":}","""etultricesposuere""",2,"""Closed""",3/3/2022 21:04
100179,"""Praesenteu""","""vestibulum@google.org""","{""address"":""1779 Quis Street"",""state"":"""",""zipcode"":}","""feugiat""",5,"""Open""",1/7/2024 17:48
100180,"""orciluctus""","""dui.fusce@outlook.edu""","{""address"":""8775 Cursus Av."",""state"":"""",""zipcode"":}","""auctorquistristique""",2,"""Open""",2/2/2024 11:11
100181,"""vulputaterisus""","""ante@aol.org""","{""address"":""3924 Duis Street"",""state"":"""",""zipcode"":}","""sedsemegestas""",2,"""Open""",11/6/2022 2:49
100182,"""cursusdiam""","""id.risus@aol.ca""","{""address"":""943-8557 Dui Ave"",""state"":"""",""zipcode"":}","""Aliquamadipiscinglobortis""",1,"""Open""",11/16/2023 20:58
100183,"""vestibulumnec""","""sem@icloud.com""","{""address"":""P.O. Box 332, 7060 Et, Avenue"",""state"":"""",""zipcode"":}","""malesuadavelvenenatis""",3,"""Closed""",11/6/2021 20:57
100184,"""Quisqueac""","""fringilla.cursus@icloud.org""","{""address"":""Ap #490-9924 Diam Avenue"",""state"":"""",""zipcode"":}","""malesuada""",2,"""Open""",10/17/2022 5:53
100185,"""duiFusce""","""id.sapien@hotmail.couk""","{""address"":""199-6711 Venenatis Street"",""state"":"""",""zipcode"":}","""nequevitae""",3,"""Closed""",11/3/2023 17:14
100186,"""ornareelit""","""quis.diam@icloud.org""","{""address"":""7312 Facilisis Rd."",""state"":"""",""zipcode"":}","""porttitorscelerisqueneque""",1,"""Open""",3/22/2021 15:20
100187,"""ametfaucibus""","""arcu.sed.eu@hotmail.com""","{""address"":""P.O. Box 732, 8354 Blandit St."",""state"":"""",""zipcode"":}","""Aliquamnec""",5,"""Closed""",8/11/2021 22:10
100188,"""Aliquamvulputate""","""aliquet@outlook.net""","{""address"":""P.O. Box 223, 1639 Fusce Av."",""state"":"""",""zipcode"":}","""ultriciesligula""",1,"""Open""",6/5/2020 13:51
100189,"""tellusjusto""","""duis.ac.arcu@google.net""","{""address"":""P.O. Box 254, 2704 Laoreet St."",""state"":"""",""zipcode"":}","""nullamagna""",3,"""Open""",11/7/2020 18:46
100190,"""ataugue""","""cum.sociis.natoque@aol.edu""","{""address"":""850-5675 Purus Road"",""state"":"""",""zipcode"":}","""neccursusa""",5,"""Closed""",6/6/2022 14:38
100191,"""volutpatNulla""","""dolor.donec.fringilla@aol.org""","{""address"":""Ap #610-6051 Justo Av."",""state"":"""",""zipcode"":}","""magnaet""",2,"""Open""",1/22/2021 19:56
100192,"""Nullatincidunt""","""id.sapien@protonmail.com""","{""address"":""6751 Est. Ave"",""state"":"""",""zipcode"":}","""Phasellusdapibus""",1,"""Open""",9/5/2020 2:08
100193,"""cursusa""","""vestibulum.neque@icloud.couk""","{""address"":""226-7786 At Street"",""state"":"""",""zipcode"":}","""justo""",1,"""Open""",8/8/2020 9:46
100194,"""Infaucibus""","""felis.ullamcorper@yahoo.edu""","{""address"":""8666 A, Av."",""state"":"""",""zipcode"":}","""natoquepenatibuset""",2,"""Closed""",6/21/2020 11:33
100195,"""ultricesposuere""","""praesent.interdum.ligula@google.ca""","{""address"":""191-677 Donec Ave"",""state"":"""",""zipcode"":}","""Cras""",3,"""Open""",1/23/2023 22:16
100196,"""blanditenim""","""mauris@aol.org""","{""address"":""Ap #137-3887 Fusce St."",""state"":"""",""zipcode"":}","""vestibulumneque""",4,"""Open""",12/14/2020 12:33
100197,"""tristiquesenectus""","""sit.amet@hotmail.org""","{""address"":""1620 Lacus, St."",""state"":"""",""zipcode"":}","""nibhQuisquenonummy""",5,"""Open""",1/17/2023 10:04
100198,"""adipiscinglacus""","""eleifend.egestas@aol.net""","{""address"":""760-6710 Quisque Ave"",""state"":"""",""zipcode"":}","""vitaesemperegestas""",1,"""Closed""",7/3/2021 7:30
100199,"""vitaerisus""","""suspendisse.aliquet@google.ca""","{""address"":""143-8025 Scelerisque St."",""state"":"""",""zipcode"":}","""malesuadafames""",4,"""Closed""",3/5/2024 21:10
,"""lacuspede""","""neque.venenatis@hotmail.org""","{""address"":""Ap #730-899 Elit, Ave"",""state"":"""",""zipcode"":}","""ligulaelit""",3,"""Open""",3/22/2023 13:46
,"""nibhenim""","""blandit.viverra.donec@outlook.net""","{""address"":""726-3492 Mauris Street"",""state"":"""",""zipcode"":}","""enimcondimentumeget""",2,"""Open""",5/4/2023 21:29
,"""justoProin""","""nulla@hotmail.org""","{""address"":""Ap #399-3616 Mauris Road"",""state"":"""",""zipcode"":}","""NullafacilisiSed""",5,"""Open""",6/25/2022 3:28
,"""Donecelementum""","""eros.proin.ultrices@hotmail.edu""","{""address"":""290-2545 Tempus St."",""state"":"""",""zipcode"":}","""sodalespurus""",2,"""Open""",10/12/2020 23:18
,"""elementumlorem""","""dis.parturient.montes@protonmail.couk""","{""address"":""P.O. Box 796, 926 Metus Av."",""state"":"""",""zipcode"":}","""arcuVestibulum""",4,"""Open""",8/9/2021 22:45
,"""euaccumsan""","""et.eros@icloud.edu""","{""address"":""Ap #204-7512 Placerat Ave"",""state"":"""",""zipcode"":}","""semperNam""",5,"""Closed""",1/12/2024 15:27
,"""famesac""","""eu.ligula@aol.couk""","{""address"":""955-1236 Fringilla Road"",""state"":"""",""zipcode"":}","""scelerisque""",2,"""Closed""",5/13/2022 8:42
,"""Donecnon""","""augue.eu@aol.couk""","{""address"":""P.O. Box 786, 8729 Dolor Av."",""state"":"""",""zipcode"":}","""amet""",1,"""Closed""",7/27/2022 10:18
,"""metusAenean""","""arcu@icloud.net""","{""address"":""Ap #732-3532 Accumsan St."",""state"":"""",""zipcode"":}","""dolor""",3,"""Open""",7/13/2021 14:56
,"""ridiculusmus""","""ipsum.dolor@google.net""","{""address"":""186-6145 Elementum Avenue"",""state"":"""",""zipcode"":}","""estac""",4,"""Closed""",5/8/2022 9:24
,"""dolorNulla""","""ipsum.dolor@outlook.com""","{""address"":""523-2449 Non, St."",""state"":"""",""zipcode"":}","""eu""",3,"""Open""",7/12/2023 8:34
,"""sitamet""","""quam.pellentesque.habitant@hotmail.ca""","{""address"":""Ap #731-654 Velit Street"",""state"":"""",""zipcode"":}","""mus""",3,"""Closed""",4/16/2023 14:43
,"""malesuadaInteger""","""ut.nisi.a@outlook.org""","{""address"":""887-6737 Hendrerit Rd."",""state"":"""",""zipcode"":}","""diam""",2,"""Closed""",12/21/2021 1:55
,"""Quisquetincidunt""","""nunc.pulvinar.arcu@hotmail.couk""","{""address"":""Ap #769-6089 Turpis. Rd."",""state"":"""",""zipcode"":}","""semNulla""",4,"""Open""",5/14/2021 5:12
,"""atfringilla""","""vitae@google.net""","{""address"":""686-6812 Curabitur Rd."",""state"":"""",""zipcode"":}","""Fuscedolorquam""",4,"""Open""",5/4/2021 15:01
,"""Donectempor""","""suscipit.nonummy@icloud.net""","{""address"":""P.O. Box 947, 4033 Sagittis. Av."",""state"":"""",""zipcode"":}","""mauriserat""",3,"""Closed""",5/24/2021 4:51
,"""dignissimlacus""","""et.tristique@google.ca""","{""address"":""P.O. Box 311, 2355 Imperdiet Street"",""state"":"""",""zipcode"":}","""diamloremauctor""",4,"""Closed""",6/19/2023 17:45
,"""miAliquam""","""iaculis.nec.eleifend@hotmail.couk""","{""address"":""Ap #786-1281 Integer Street"",""state"":"""",""zipcode"":}","""ametluctus""",3,"""Open""",10/3/2022 9:17
,"""liberoDonec""","""pede.praesent@yahoo.couk""","{""address"":""393 Ac Street"",""state"":"""",""zipcode"":}","""arcuAliquamultrices""",1,"""Closed""",6/19/2023 2:59
,"""antedictum""","""eleifend.nec@protonmail.org""","{""address"":""7168 Quam Road"",""state"":"""",""zipcode"":}","""loremeget""",5,"""Open""",5/13/2023 7:03
,"""ridiculusmus""","""elit@aol.com""","{""address"":""Ap #308-7684 Erat Ave"",""state"":"""",""zipcode"":}","""arcuAliquam""",5,"""Open""",9/12/2023 12:22
,"""augueac""","""vitae.orci@outlook.couk""","{""address"":""Ap #362-4016 Imperdiet, Road"",""state"":"""",""zipcode"":}","""Etiambibendum""",4,"""Open""",2/27/2024 21:35
,"""semeget""","""donec.feugiat@protonmail.net""","{""address"":""Ap #601-6284 In Road"",""state"":"""",""zipcode"":}","""eudui""",3,"""Closed""",2/4/2022 2:11
,"""sitamet""","""tellus.imperdiet@protonmail.org""","{""address"":""695-1713 Scelerisque St."",""state"":"""",""zipcode"":}","""at""",1,"""Open""",10/25/2020 13:12
,"""Quisqueimperdiet""","""non.lobortis@aol.ca""","{""address"":""P.O. Box 877, 2849 Mollis Ave"",""state"":"""",""zipcode"":}","""nequeet""",3,"""Open""",7/18/2021 15:06
,"""risusIn""","""donec.tempus@google.net""","{""address"":""208-7738 Enim. Ave"",""state"":"""",""zipcode"":}","""vulputate""",5,"""Closed""",4/2/2022 11:50
,"""elitelit""","""tellus@icloud.couk""","{""address"":""622-3034 Enim. Road"",""state"":"""",""zipcode"":}","""Vestibulum""",3,"""Closed""",11/17/2022 11:42
,"""euligula""","""nec.mauris.blandit@hotmail.couk""","{""address"":""Ap #871-3921 Arcu Street"",""state"":"""",""zipcode"":}","""vulputateposuere""",3,"""Open""",3/4/2021 8:39
,"""enimdiam""","""blandit.at@hotmail.com""","{""address"":""Ap #271-7824 Sed Av."",""state"":"""",""zipcode"":}","""Nuncac""",1,"""Closed""",11/7/2022 4:49
,"""eulacus""","""sapien.cursus@yahoo.com""","{""address"":""268 Est. Avenue"",""state"":"""",""zipcode"":}","""fringillaporttitor""",3,"""Closed""",7/15/2023 10:26
,"""nonlacinia""","""lacus.cras@yahoo.com""","{""address"":""Ap #425-677 Auctor St."",""state"":"""",""zipcode"":}","""tellusimperdietnon""",3,"""Closed""",6/3/2021 7:16
,"""justoProin""","""etiam.vestibulum@aol.ca""","{""address"":""Ap #220-7885 Arcu Rd."",""state"":"""",""zipcode"":}","""famesac""",4,"""Open""",12/31/2020 14:46
,"""netuset""","""dolor@icloud.org""","{""address"":""Ap #498-8408 Habitant St."",""state"":"""",""zipcode"":}","""fermentum""",2,"""Closed""",12/1/2023 0:58
,"""urnasuscipit""","""integer.sem.elit@hotmail.edu""","{""address"":""Ap #462-4928 Luctus Avenue"",""state"":"""",""zipcode"":}","""elitfermentum""",3,"""Open""",7/17/2022 13:05
,"""parturientmontes""","""lobortis.nisi@yahoo.couk""","{""address"":""910-4288 Nisi Street"",""state"":"""",""zipcode"":}","""Namporttitorscelerisque""",2,"""Closed""",1/23/2021 8:05
,"""turpisegestas""","""primis.in@protonmail.org""","{""address"":""Ap #378-1878 Massa Ave"",""state"":"""",""zipcode"":}","""estMauriseu""",1,"""Open""",9/16/2022 1:00
,"""nequeMorbi""","""suscipit.nonummy.fusce@google.edu""","{""address"":""813-3512 Amet St."",""state"":"""",""zipcode"":}","""ipsum""",5,"""Closed""",5/13/2021 1:12
,"""antedictum""","""quam.curabitur@yahoo.com""","{""address"":""P.O. Box 718, 5822 Nec Street"",""state"":"""",""zipcode"":}","""mauriserateget""",3,"""Closed""",7/24/2021 23:22
,"""loremut""","""dolor.nulla@icloud.com""","{""address"":""572-1264 Elit Ave"",""state"":"""",""zipcode"":}","""vulputateullamcorper""",4,"""Closed""",3/17/2021 15:57
,"""ultricesa""","""id.sapien@protonmail.edu""","{""address"":""833-902 Nec, Rd."",""state"":"""",""zipcode"":}","""erat""",3,"""Open""",3/7/2024 9:28
,"""purusac""","""erat.neque.non@icloud.org""","{""address"":""Ap #339-9921 At Street"",""state"":"""",""zipcode"":}","""urnajustofaucibus""",2,"""Open""",6/23/2022 17:26
,"""nectellus""","""enim@google.org""","{""address"":""P.O. Box 690, 7286 Vel, Rd."",""state"":"""",""zipcode"":}","""enimSuspendisse""",3,"""Open""",9/2/2022 13:32
,"""lectusante""","""nibh.phasellus.nulla@aol.net""","{""address"":""956 A, Rd."",""state"":"""",""zipcode"":}","""pretium""",3,"""Closed""",4/11/2024 23:52
,"""risusIn""","""tempus.scelerisque.lorem@outlook.com""","{""address"":""569-9179 Ante Ave"",""state"":"""",""zipcode"":}","""Duissit""",2,"""Closed""",8/6/2020 21:42
,"""hendreritDonec""","""malesuada.integer@aol.net""","{""address"":""320-6273 Sociis Rd."",""state"":"""",""zipcode"":}","""mitemporlorem""",2,"""Closed""",11/8/2021 4:28
,"""anunc""","""dis@google.com""","{""address"":""9417 Accumsan St."",""state"":"""",""zipcode"":}","""Aeneansed""",4,"""Open""",3/23/2023 16:46
,"""sitamet""","""dis.parturient@protonmail.ca""","{""address"":""Ap #926-1811 Eget Avenue"",""state"":"""",""zipcode"":}","""vitae""",2,"""Open""",2/23/2024 4:16
,"""orciluctus""","""integer@hotmail.org""","{""address"":""Ap #330-6347 Id Street"",""state"":"""",""zipcode"":}","""lectusrutrum""",3,"""Open""",2/15/2021 2:39
,"""etrutrum""","""id@yahoo.edu""","{""address"":""P.O. Box 948, 4294 Nisi Street"",""state"":"""",""zipcode"":}","""semmollis""",3,"""Closed""",8/6/2023 4:41
,"""laciniaorci""","""non.quam@protonmail.ca""","{""address"":""352-227 Auctor Av."",""state"":"""",""zipcode"":}","""sapienmolestie""",2,"""Closed""",5/6/2023 11:24
,"""Proinsed""","""sed.eget@yahoo.com""","{""address"":""909-2214 Sodales St."",""state"":"""",""zipcode"":}","""sed""",2,"""Open""",2/27/2023 17:00
,"""ipsumnunc""","""consectetuer.mauris.id@icloud.com""","{""address"":""275-2489 Lacinia Rd."",""state"":"""",""zipcode"":}","""magnis""",5,"""Closed""",7/23/2022 8:33
,"""velvenenatis""","""in@hotmail.net""","{""address"":""8027 Malesuada. Avenue"",""state"":"""",""zipcode"":}","""diamvel""",5,"""Open""",11/30/2022 6:15
,"""Integerurna""","""quam.vel.sapien@google.com""","{""address"":""474-714 Nibh Rd."",""state"":"""",""zipcode"":}","""est""",3,"""Open""",11/29/2021 20:27
,"""eleifendegestas""","""nibh.quisque.nonummy@outlook.ca""","{""address"":""P.O. Box 812, 7266 Metus. Av."",""state"":"""",""zipcode"":}","""portaelita""",2,"""Closed""",6/25/2021 11:43
,"""metussit""","""porttitor@google.net""","{""address"":""8372 In, St."",""state"":"""",""zipcode"":}","""lacusvestibulum""",1,"""Closed""",1/24/2023 21:04
,"""orciconsectetuer""","""magna.ut.tincidunt@aol.net""","{""address"":""P.O. Box 167, 8122 Nulla Street"",""state"":"""",""zipcode"":}","""consequatlectussit""",5,"""Open""",11/1/2020 3:16
,"""aliquetnec""","""adipiscing.elit@aol.org""","{""address"":""Ap #492-3049 Nunc Av."",""state"":"""",""zipcode"":}","""amalesuada""",2,"""Closed""",7/22/2020 20:15
,"""Loremipsum""","""ornare.egestas@google.ca""","{""address"":""373-2315 In Rd."",""state"":"""",""zipcode"":}","""venenatis""",5,"""Closed""",2/15/2022 6:21
,"""musDonec""","""vel.sapien@hotmail.net""","{""address"":""Ap #841-3761 Massa. St."",""state"":"""",""zipcode"":}","""vulputateeu""",3,"""Closed""",1/11/2021 4:02
,"""orcisem""","""duis.dignissim@aol.org""","{""address"":""137-5806 A Avenue"",""state"":"""",""zipcode"":}","""auctor""",2,"""Closed""",10/3/2022 2:18
,"""Fuscealiquam""","""nisl.sem@aol.org""","{""address"":""Ap #187-3589 Augue Avenue"",""state"":"""",""zipcode"":}","""necipsum""",3,"""Open""",1/12/2021 20:56
,"""velquam""","""placerat.cras@aol.couk""","{""address"":""2307 Libero. Av."",""state"":"""",""zipcode"":}","""Nuncquis""",1,"""Closed""",8/25/2021 7:08
,"""Crasinterdum""","""ipsum@google.edu""","{""address"":""Ap #819-9414 Est St."",""state"":"""",""zipcode"":}","""idnunc""",4,"""Closed""",12/12/2022 7:22
,"""semeget""","""nec.orci@protonmail.ca""","{""address"":""882-6169 Proin Road"",""state"":"""",""zipcode"":}","""ligulaNullamenim""",3,"""Closed""",11/15/2020 1:27
,"""Duiselementum""","""etiam.ligula.tortor@protonmail.org""","{""address"":""830-6369 Praesent Rd."",""state"":"""",""zipcode"":}","""Aliquamrutrum""",2,"""Open""",1/7/2022 8:37
,"""orciUt""","""cubilia@icloud.net""","{""address"":""343-345 Nibh Av."",""state"":"""",""zipcode"":}","""temporlorem""",4,"""Closed""",5/2/2021 20:36
,"""etipsum""","""duis@yahoo.net""","{""address"":""730-9478 Ornare, St."",""state"":"""",""zipcode"":}","""senectuset""",4,"""Open""",10/12/2020 15:53
,"""variusNam""","""blandit@icloud.edu""","{""address"":""1892 Interdum. St."",""state"":"""",""zipcode"":}","""mi""",4,"""Open""",11/4/2021 8:18
,"""risusDonec""","""molestie.tortor@google.couk""","{""address"":""P.O. Box 582, 9678 Duis Avenue"",""state"":"""",""zipcode"":}","""atnisi""",3,"""Closed""",11/1/2021 17:37
,"""orcitincidunt""","""consectetuer@yahoo.org""","{""address"":""3850 Arcu Rd."",""state"":"""",""zipcode"":}","""ac""",2,"""Closed""",11/16/2023 14:08
,"""Aliquamerat""","""elit.elit@outlook.net""","{""address"":""991-4379 Vivamus St."",""state"":"""",""zipcode"":}","""id""",4,"""Closed""",4/6/2024 19:11
,"""Fuscefeugiat""","""quis.diam@hotmail.couk""","{""address"":""1301 Sed Rd."",""state"":"""",""zipcode"":}","""nibhsit""",4,"""Closed""",1/28/2022 5:27
,"""Crasinterdum""","""ornare.tortor@icloud.couk""","{""address"":""928-2316 Ante. St."",""state"":"""",""zipcode"":}","""facilisisnon""",3,"""Closed""",9/13/2021 23:18
,"""sociisnatoque""","""eu.enim@yahoo.ca""","{""address"":""Ap #979-8043 Vel Avenue"",""state"":"""",""zipcode"":}","""liberomauris""",3,"""Open""",8/13/2021 13:12
,"""Nuncac""","""non.lorem.vitae@yahoo.org""","{""address"":""424-1556 Eros. Rd."",""state"":"""",""zipcode"":}","""ut""",4,"""Closed""",1/1/2023 13:50
,"""Etiamlaoreet""","""eget.laoreet@hotmail.ca""","{""address"":""3177 Nunc Road"",""state"":"""",""zipcode"":}","""fermentum""",1,"""Closed""",11/21/2023 16:59
,"""utdolor""","""et.commodo@icloud.com""","{""address"":""P.O. Box 709, 5691 Euismod Avenue"",""state"":"""",""zipcode"":}","""tristiqueaceleifend""",3,"""Closed""",12/13/2020 2:32
,"""temporerat""","""litora.torquent@hotmail.org""","{""address"":""Ap #540-8622 Lorem, Avenue"",""state"":"""",""zipcode"":}","""nonhendrerit""",2,"""Open""",5/11/2021 21:50
,"""elitpellentesque""","""orci.donec@icloud.net""","{""address"":""P.O. Box 580, 6730 Aliquet, Road"",""state"":"""",""zipcode"":}","""molestiedapibus""",2,"""Open""",3/1/2023 2:43
,"""pedeblandit""","""sapien.imperdiet@protonmail.com""","{""address"":""815-3874 Sollicitudin Road"",""state"":"""",""zipcode"":}","""Proinvelnisl""",5,"""Open""",10/8/2023 1:09
,"""hendrerita""","""augue.ut@icloud.ca""","{""address"":""8748 Fringilla Rd."",""state"":"""",""zipcode"":}","""pretiumneque""",4,"""Closed""",9/9/2022 20:30
,"""Cumsociis""","""ornare.facilisis@icloud.org""","{""address"":""4797 Dictum Ave"",""state"":"""",""zipcode"":}","""tinciduntDonec""",5,"""Open""",9/24/2020 13:14
,"""Etiambibendum""","""malesuada@protonmail.ca""","{""address"":""202-6201 Semper St."",""state"":"""",""zipcode"":}","""perconubianostra""",5,"""Open""",7/24/2022 21:46
,"""lacusvarius""","""ipsum.donec.sollicitudin@aol.org""","{""address"":""Ap #169-1475 Ultrices Rd."",""state"":"""",""zipcode"":}","""at""",2,"""Open""",5/4/2021 20:09
,"""estNunc""","""fusce.feugiat@icloud.ca""","{""address"":""332-2587 Ac Road"",""state"":"""",""zipcode"":}","""Nullamenim""",3,"""Open""",4/22/2023 6:15
,"""odioAliquam""","""fringilla.porttitor@hotmail.couk""","{""address"":""P.O. Box 147, 1615 Nonummy Avenue"",""state"":"""",""zipcode"":}","""auctorvelit""",4,"""Closed""",12/15/2023 18:57
,"""eliterat""","""sagittis@google.com""","{""address"":""1283 Ut Av."",""state"":"""",""zipcode"":}","""pedeet""",5,"""Closed""",4/2/2024 21:45
,"""maurisrhoncus""","""venenatis.vel@yahoo.org""","{""address"":""P.O. Box 569, 1317 Ut St."",""state"":"""",""zipcode"":}","""sitametconsectetuer""",5,"""Closed""",8/5/2020 5:10
,"""Donecelementum""","""in.aliquet@yahoo.couk""","{""address"":""P.O. Box 139, 6367 Elit Av."",""state"":"""",""zipcode"":}","""primisin""",3,"""Closed""",3/21/2021 1:09
,"""enimcondimentum""","""molestie.in@hotmail.org""","{""address"":""Ap #431-6445 Sed St."",""state"":"""",""zipcode"":}","""tempuseu""",2,"""Open""",4/12/2022 8:29
,"""Morbiaccumsan""","""elit@yahoo.edu""","{""address"":""Ap #802-1313 Sit Road"",""state"":"""",""zipcode"":}","""sitamet""",1,"""Open""",5/23/2022 23:26
,"""urnaet""","""dolor.egestas.rhoncus@outlook.net""","{""address"":""Ap #231-5021 Risus. Road"",""state"":"""",""zipcode"":}","""Sednec""",3,"""Open""",7/18/2022 20:28
,"""arcuiaculis""","""faucibus.ut@hotmail.com""","{""address"":""Ap #201-720 Egestas Ave"",""state"":"""",""zipcode"":}","""faucibusut""",2,"""Open""",12/25/2023 13:02
,"""nonbibendum""","""ut.tincidunt@outlook.edu""","{""address"":""260-8221 Eget Rd."",""state"":"""",""zipcode"":}","""diamSed""",4,"""Open""",12/18/2020 11:10
,"""estarcu""","""vivamus.non.lorem@hotmail.net""","{""address"":""Ap #453-4208 Vestibulum, Street"",""state"":"""",""zipcode"":}","""DonecegestasAliquam""",2,"""Closed""",11/25/2020 23:10
,"""velest""","""erat.nonummy@google.ca""","{""address"":""320-7471 Sem Rd."",""state"":"""",""zipcode"":}","""parturient""",4,"""Open""",12/6/2023 8:39
,"""acnulla""","""semper.tellus.id@yahoo.couk""","{""address"":""9767 Lectus St."",""state"":"""",""zipcode"":}","""volutpatornare""",2,"""Open""",6/3/2021 23:17
,"""leoVivamus""","""volutpat.nulla@protonmail.couk""","{""address"":""P.O. Box 760, 6740 Velit Street"",""state"":"""",""zipcode"":}","""tristiquepharetra""",5,"""Closed""",2/24/2022 17:19
,"""fringillaDonec""","""semper.rutrum@aol.org""","{""address"":""273-2375 Ad Street"",""state"":"""",""zipcode"":}","""erosProin""",5,"""Closed""",12/5/2021 4:33
,"""faucibusorci""","""massa.non@icloud.org""","{""address"":""607-976 Mi Av."",""state"":"""",""zipcode"":}","""habitant""",2,"""Open""",8/2/2022 13:36
,"""tinciduntorci""","""iaculis.lacus.pede@yahoo.ca""","{""address"":""Ap #343-442 Sed Street"",""state"":"""",""zipcode"":}","""magnamalesuadavel""",3,"""Closed""",9/25/2020 5:20
,"""dignissimtempor""","""aliquet.metus@yahoo.org""","{""address"":""Ap #231-6905 Quis, St."",""state"":"""",""zipcode"":}","""ipsum""",4,"""Closed""",8/1/2023 0:40
,"""tristiquealiquet""","""et.magnis@google.net""","{""address"":""Ap #711-3392 Iaculis, Road"",""state"":"""",""zipcode"":}","""feugiatnonlobortis""",4,"""Open""",8/15/2023 16:29
,"""etultrices""","""facilisis.eget.ipsum@google.edu""","{""address"":""Ap #288-6063 Quis Rd."",""state"":"""",""zipcode"":}","""aptenttaciti""",4,"""Open""",2/28/2024 13:14
,"""Nuncsed""","""etiam@yahoo.net""","{""address"":""Ap #285-9405 In Street"",""state"":"""",""zipcode"":}","""quam""",3,"""Open""",1/26/2021 14:02
,"""vitaesodales""","""ridiculus.mus.proin@outlook.ca""","{""address"":""996-6829 Urna. Rd."",""state"":"""",""zipcode"":}","""noncursus""",4,"""Open""",6/17/2021 6:18
,"""scelerisquedui""","""non.vestibulum@protonmail.net""","{""address"":""273-1069 Vulputate, Avenue"",""state"":"""",""zipcode"":}","""accumsannequeet""",3,"""Open""",6/15/2021 0:33
,"""sitamet""","""quis.arcu.vel@protonmail.org""","{""address"":""P.O. Box 194, 1873 Auctor, Av."",""state"":"""",""zipcode"":}","""nonmagnaNam""",3,"""Closed""",11/9/2023 8:46
,"""Nuncac""","""velit.eu@yahoo.couk""","{""address"":""P.O. Box 119, 6791 Lectus Road"",""state"":"""",""zipcode"":}","""pede""",5,"""Open""",5/25/2021 11:52
,"""Integermollis""","""lacus@yahoo.couk""","{""address"":""4849 Eleifend Ave"",""state"":"""",""zipcode"":}","""porttitorscelerisque""",4,"""Closed""",11/2/2023 3:41
,"""etmalesuada""","""auctor@icloud.net""","{""address"":""Ap #111-2732 Facilisis St."",""state"":"""",""zipcode"":}","""nuncidenim""",1,"""Closed""",11/5/2022 9:38
,"""nisia""","""enim.diam@aol.net""","{""address"":""9128 Nunc Road"",""state"":"""",""zipcode"":}","""ultriciesdignissimlacus""",2,"""Closed""",9/30/2023 23:58
,"""feugiatLorem""","""metus.vitae.velit@google.ca""","{""address"":""1650 Et Rd."",""state"":"""",""zipcode"":}","""condimentumegetvolutpat""",1,"""Closed""",6/7/2020 2:22
,"""Curabituregestas""","""erat.volutpat@yahoo.net""","{""address"":""Ap #310-4466 In Rd."",""state"":"""",""zipcode"":}","""pedeac""",3,"""Closed""",10/21/2022 19:11
,"""turpisnec""","""et.malesuada@google.edu""","{""address"":""P.O. Box 859, 1542 Suscipit Ave"",""state"":"""",""zipcode"":}","""vestibulumMauris""",4,"""Closed""",12/1/2020 19:34
,"""velarcu""","""elementum@google.couk""","{""address"":""Ap #431-3297 In, Rd."",""state"":"""",""zipcode"":}","""Aeneanegetmetus""",4,"""Open""",4/19/2021 0:14
,"""lobortisClass""","""ante@google.org""","{""address"":""172-3117 Donec Av."",""state"":"""",""zipcode"":}","""porttitortellusnon""",2,"""Closed""",12/14/2021 17:52
,"""Pellentesqueultricies""","""pede.ac.urna@aol.edu""","{""address"":""P.O. Box 319, 6923 Mi St."",""state"":"""",""zipcode"":}","""enim""",2,"""Closed""",7/22/2021 18:22
,"""laciniaat""","""elit@yahoo.org""","{""address"":""Ap #296-6511 Neque Rd."",""state"":"""",""zipcode"":}","""enimnisl""",2,"""Closed""",1/10/2022 1:47
,"""afeugiat""","""sed@yahoo.couk""","{""address"":""P.O. Box 542, 1091 Pellentesque, Street"",""state"":"""",""zipcode"":}","""nonhendrerit""",4,"""Open""",1/1/2021 6:33
,"""imperdietornare""","""proin.mi@google.ca""","{""address"":""Ap #647-581 Ut, St."",""state"":"""",""zipcode"":}","""Nullamlobortisquam""",4,"""Closed""",10/9/2020 6:23
,"""feugiatSed""","""sed@yahoo.ca""","{""address"":""Ap #977-2469 Quam St."",""state"":"""",""zipcode"":}","""amet""",3,"""Open""",11/29/2022 15:16
,"""lacusCras""","""cursus@aol.couk""","{""address"":""206-3027 Ipsum. Rd."",""state"":"""",""zipcode"":}","""dictumPhasellusin""",4,"""Closed""",5/21/2021 17:55
,"""mollisInteger""","""vel@google.net""","{""address"":""Ap #239-5010 Aliquam, Rd."",""state"":"""",""zipcode"":}","""interdumNunc""",1,"""Closed""",4/1/2022 13:11
,"""perconubia""","""quisque@yahoo.net""","{""address"":""883-2325 Mauris St."",""state"":"""",""zipcode"":}","""magnaUt""",2,"""Open""",8/10/2022 18:40
,"""placerateget""","""sed.facilisis@google.ca""","{""address"":""611-6530 Sem St."",""state"":"""",""zipcode"":}","""at""",1,"""Open""",12/16/2023 8:09
,"""ametdiam""","""leo.cras@google.org""","{""address"":""Ap #646-1661 Mollis. Av."",""state"":"""",""zipcode"":}","""laciniaSed""",3,"""Closed""",12/14/2022 17:23
,"""Aliquamnisl""","""cras.vulputate@outlook.edu""","{""address"":""819-5626 Nunc Road"",""state"":"""",""zipcode"":}","""sedpede""",5,"""Closed""",4/4/2024 14:57
,"""afelis""","""volutpat@protonmail.couk""","{""address"":""613-2451 Eleifend Avenue"",""state"":"""",""zipcode"":}","""blanditmattis""",1,"""Open""",3/4/2022 11:09
,"""sitamet""","""amet@hotmail.couk""","{""address"":""351-7064 Suspendisse St."",""state"":"""",""zipcode"":}","""Nunclaoreetlectus""",5,"""Open""",4/20/2023 14:06
,"""Aeneaneuismod""","""amet.ornare.lectus@protonmail.org""","{""address"":""Ap #316-4867 Ut St."",""state"":"""",""zipcode"":}","""pede""",4,"""Closed""",7/29/2020 4:37
,"""Nunccommodo""","""lectus@icloud.ca""","{""address"":""750-2093 Phasellus Rd."",""state"":"""",""zipcode"":}","""eutellus""",3,"""Open""",10/25/2022 14:48
,"""nullaante""","""nec.tempus@outlook.couk""","{""address"":""696-5959 Sit Ave"",""state"":"""",""zipcode"":}","""arcu""",5,"""Open""",1/25/2024 23:06
,"""euismodurna""","""eget.volutpat@google.org""","{""address"":""8981 Magnis Rd."",""state"":"""",""zipcode"":}","""vulputate""",4,"""Open""",7/9/2022 5:03
,"""ornarelibero""","""fringilla.porttitor.vulputate@google.couk""","{""address"":""820-3994 Pellentesque Av."",""state"":"""",""zipcode"":}","""gravidamolestie""",1,"""Closed""",6/8/2021 11:54
,"""sociisnatoque""","""luctus.sit.amet@outlook.net""","{""address"":""Ap #969-9597 Ut Rd."",""state"":"""",""zipcode"":}","""nequeMorbi""",5,"""Open""",12/15/2022 4:04
,"""massaSuspendisse""","""sagittis.felis@outlook.ca""","{""address"":""P.O. Box 136, 9066 Nullam Street"",""state"":"""",""zipcode"":}","""ridiculusmus""",2,"""Closed""",2/18/2023 10:08
,"""tinciduntorci""","""duis.sit@aol.ca""","{""address"":""Ap #921-5312 Litora Ave"",""state"":"""",""zipcode"":}","""consequatnecmollis""",4,"""Open""",1/2/2021 17:42
,"""massarutrum""","""tortor@google.com""","{""address"":""6840 Adipiscing Rd."",""state"":"""",""zipcode"":}","""nunc""",1,"""Closed""",3/14/2024 1:42
,"""morbitristique""","""enim.nisl.elementum@icloud.org""","{""address"":""Ap #107-1159 Porttitor Street"",""state"":"""",""zipcode"":}","""cursus""",3,"""Open""",8/8/2022 16:00
,"""lectusCum""","""ullamcorper.eu@icloud.couk""","{""address"":""Ap #484-2875 Semper Rd."",""state"":"""",""zipcode"":}","""NullamnislMaecenas""",4,"""Closed""",7/10/2020 18:17
,"""milorem""","""nibh.sit@protonmail.net""","{""address"":""Ap #597-3490 Parturient Rd."",""state"":"""",""zipcode"":}","""molestietortornibh""",2,"""Open""",8/30/2023 11:09
,"""sollicitudinorci""","""auctor.non@outlook.com""","{""address"":""539-4888 Nam Road"",""state"":"""",""zipcode"":}","""facilisisSuspendisse""",4,"""Closed""",12/18/2023 15:00
,"""Nuncsed""","""consectetuer.rhoncus.nullam@hotmail.edu""","{""address"":""P.O. Box 869, 6841 Nibh. Avenue"",""state"":"""",""zipcode"":}","""ipsumporta""",2,"""Closed""",2/22/2022 17:41
,"""metusVivamus""","""elit.fermentum.risus@hotmail.org""","{""address"":""677-9220 Non Rd."",""state"":"""",""zipcode"":}","""tellusimperdiet""",3,"""Closed""",4/5/2021 10:56
,"""arcuVivamus""","""amet.faucibus@yahoo.edu""","{""address"":""Ap #584-2420 Proin Street"",""state"":"""",""zipcode"":}","""Uttincidunt""",1,"""Open""",4/23/2022 12:43
,"""egestasa""","""tortor.dictum@protonmail.com""","{""address"":""Ap #480-9976 Vel St."",""state"":"""",""zipcode"":}","""ornareelitelit""",2,"""Closed""",12/29/2020 23:22
,"""intempus""","""ut.semper@hotmail.com""","{""address"":""3322 Ac Rd."",""state"":"""",""zipcode"":}","""penatibusetmagnis""",4,"""Open""",8/16/2022 7:43
,"""Nullainterdum""","""consectetuer.adipiscing@outlook.edu""","{""address"":""426-117 Elementum Road"",""state"":"""",""zipcode"":}","""consectetuer""",5,"""Open""",10/16/2023 6:46
,"""mitempor""","""quis.pede@aol.net""","{""address"":""Ap #523-9100 Elit, Ave"",""state"":"""",""zipcode"":}","""sociisnatoque""",1,"""Closed""",1/26/2023 8:29
,"""velitPellentesque""","""faucibus.lectus.a@google.edu""","{""address"":""366-8131 Dictum St."",""state"":"""",""zipcode"":}","""ultricesVivamus""",5,"""Closed""",12/14/2023 0:53
,"""Duiselementum""","""ipsum.suspendisse@protonmail.org""","{""address"":""944-9608 Molestie St."",""state"":"""",""zipcode"":}","""mauris""",1,"""Closed""",2/15/2022 7:32
,"""Aliquamtincidunt""","""consectetuer.mauris@yahoo.com""","{""address"":""P.O. Box 175, 6084 Mauris. Avenue"",""state"":"""",""zipcode"":}","""euligula""",1,"""Closed""",12/8/2022 15:30
,"""magnatellus""","""tellus@aol.com""","{""address"":""Ap #871-832 Condimentum. Street"",""state"":"""",""zipcode"":}","""gravidasit""",1,"""Closed""",2/12/2022 18:45
,"""liberoProin""","""montes.nascetur@protonmail.org""","{""address"":""P.O. Box 958, 3657 Proin Avenue"",""state"":"""",""zipcode"":}","""lectusante""",4,"""Closed""",1/1/2021 17:36
,"""Etiamvestibulum""","""a.purus@hotmail.edu""","{""address"":""3581 Est Road"",""state"":"""",""zipcode"":}","""purussapiengravida""",2,"""Closed""",11/19/2023 23:23
,"""Sedcongue""","""purus.accumsan.interdum@outlook.edu""","{""address"":""Ap #810-8144 Augue Av."",""state"":"""",""zipcode"":}","""eu""",4,"""Closed""",8/7/2020 2:30
,"""elementumpurus""","""vehicula.aliquet.libero@aol.couk""","{""address"":""1029 Fermentum Av."",""state"":"""",""zipcode"":}","""pedeCras""",5,"""Closed""",5/27/2023 21:32
,"""magnisdis""","""at.iaculis.quis@aol.couk""","{""address"":""Ap #390-4154 Nunc Ave"",""state"":"""",""zipcode"":}","""rutrumurna""",4,"""Open""",4/7/2023 22:49
,"""Etiambibendum""","""montes.nascetur.ridiculus@icloud.org""","{""address"":""Ap #977-9928 Dolor Avenue"",""state"":"""",""zipcode"":}","""velit""",4,"""Open""",6/1/2022 5:22
,"""auctorodio""","""ultrices.a@aol.ca""","{""address"":""P.O. Box 144, 6266 Sed Ave"",""state"":"""",""zipcode"":}","""Donectempus""",4,"""Open""",4/15/2022 6:48
,"""tellusAenean""","""magna.sed@protonmail.net""","{""address"":""Ap #349-8252 Pellentesque, St."",""state"":"""",""zipcode"":}","""et""",4,"""Open""",7/24/2023 19:30
,"""Sedmolestie""","""fames.ac@outlook.com""","{""address"":""567-3176 Integer Street"",""state"":"""",""zipcode"":}","""nequeetnunc""",4,"""Closed""",6/1/2020 22:18
,"""milorem""","""velit@hotmail.net""","{""address"":""Ap #870-2407 Adipiscing Road"",""state"":"""",""zipcode"":}","""Quisque""",4,"""Open""",5/23/2022 3:05
,"""Nullamenim""","""orci@icloud.com""","{""address"":""1108 Amet, Rd."",""state"":"""",""zipcode"":}","""id""",1,"""Open""",2/21/2021 6:00
,"""sodaleselit""","""velit.eu@icloud.edu""","{""address"":""P.O. Box 813, 7171 Nec Ave"",""state"":"""",""zipcode"":}","""metussitamet""",3,"""Closed""",11/12/2021 5:37
,"""ascelerisque""","""nunc@icloud.org""","{""address"":""938-2770 Metus Rd."",""state"":"""",""zipcode"":}","""gravidaAliquam""",4,"""Open""",2/24/2021 14:44
,"""consequatnec""","""tristique.aliquet.phasellus@google.com""","{""address"":""849-5539 Sed Avenue"",""state"":"""",""zipcode"":}","""Praesenteu""",4,"""Closed""",9/25/2021 9:46
,"""nibhlacinia""","""convallis.convallis@outlook.com""","{""address"":""877-2038 Dolor. Rd."",""state"":"""",""zipcode"":}","""Fuscealiquam""",2,"""Closed""",7/11/2023 4:41
,"""Nuncmauris""","""consectetuer@protonmail.org""","{""address"":""985-658 Nisi Road"",""state"":"""",""zipcode"":}","""nibhenim""",4,"""Open""",10/7/2023 2:28
,"""orciquis""","""et.pede@protonmail.net""","{""address"":""433-4886 Vulputate, St."",""state"":"""",""zipcode"":}","""adipiscing""",3,"""Closed""",5/1/2022 12:48
,"""infaucibus""","""phasellus.elit@icloud.net""","{""address"":""781-7869 Lacus St."",""state"":"""",""zipcode"":}","""nectempusmauris""",2,"""Closed""",6/4/2021 8:32
,"""justoeu""","""nulla.facilisi.sed@yahoo.ca""","{""address"":""P.O. Box 885, 663 Congue Avenue"",""state"":"""",""zipcode"":}","""commodotincidunt""",4,"""Open""",8/12/2020 2:52
,"""liberoest""","""sem@yahoo.edu""","{""address"":""Ap #676-5191 Dolor Street"",""state"":"""",""zipcode"":}","""consectetueradipiscing""",5,"""Closed""",4/9/2023 0:10
,"""Vestibulumante""","""purus.in.molestie@icloud.ca""","{""address"":""Ap #773-9602 Vitae St."",""state"":"""",""zipcode"":}","""ligulaAeneangravida""",5,"""Closed""",10/24/2022 5:31
,"""sollicitudinorci""","""tincidunt@outlook.couk""","{""address"":""Ap #994-6972 Pede, Avenue"",""state"":"""",""zipcode"":}","""Integeridmagna""",2,"""Open""",6/16/2023 17:18
,"""nonmassa""","""non.bibendum@icloud.org""","{""address"":""382-8202 At Avenue"",""state"":"""",""zipcode"":}","""etnunc""",3,"""Open""",5/6/2020 16:08
,"""pretiumet""","""risus.quisque.libero@hotmail.edu""","{""address"":""355-2674 Eleifend Av."",""state"":"""",""zipcode"":}","""risus""",4,"""Open""",2/27/2023 15:46
,"""nonummyFusce""","""dictum.eu@hotmail.com""","{""address"":""Ap #635-251 Tincidunt. Street"",""state"":"""",""zipcode"":}","""estmauris""",2,"""Open""",1/16/2022 14:12
,"""dolorFusce""","""tincidunt.nunc.ac@google.com""","{""address"":""747-1233 Vitae Street"",""state"":"""",""zipcode"":}","""liberomaurisaliquam""",2,"""Open""",1/31/2022 22:25
,"""ametluctus""","""cras.vehicula@hotmail.org""","{""address"":""Ap #708-1806 Id, Road"",""state"":"""",""zipcode"":}","""Proin""",1,"""Closed""",10/21/2020 12:55
,"""Sedauctor""","""pede.malesuada@aol.com""","{""address"":""8621 Euismod Avenue"",""state"":"""",""zipcode"":}","""convallisestvitae""",1,"""Open""",10/7/2023 15:14
,"""Etiamligula""","""elementum.at@icloud.com""","{""address"":""1632 Lobortis St."",""state"":"""",""zipcode"":}","""commodo""",2,"""Closed""",8/30/2021 2:08
,"""nequeet""","""magna.lorem@google.ca""","{""address"":""Ap #404-3627 Sodales Rd."",""state"":"""",""zipcode"":}","""vitaenibh""",5,"""Closed""",9/10/2020 2:34
,"""arcuimperdiet""","""ultrices@yahoo.com""","{""address"":""Ap #122-6201 Mi Road"",""state"":"""",""zipcode"":}","""velfaucibus""",3,"""Closed""",7/15/2020 12:22
,"""Quisqueporttitor""","""enim.condimentum@icloud.net""","{""address"":""655-3405 Ultrices St."",""state"":"""",""zipcode"":}","""orciquis""",2,"""Open""",12/27/2023 9:25
,"""lectusCum""","""purus.sapien@outlook.edu""","{""address"":""965 Leo. Avenue"",""state"":"""",""zipcode"":}","""dignissimtempor""",3,"""Open""",12/18/2023 16:12
,"""massaSuspendisse""","""nunc@hotmail.net""","{""address"":""Ap #774-379 Suscipit, Road"",""state"":"""",""zipcode"":}","""nisi""",3,"""Open""",4/2/2022 18:18
,"""habitantmorbi""","""mauris@hotmail.net""","{""address"":""493-5740 Nunc Street"",""state"":"""",""zipcode"":}","""mi""",5,"""Open""",8/18/2021 23:00
,"""hendrerita""","""a.enim@google.edu""","{""address"":""Ap #241-8241 Aenean Avenue"",""state"":"""",""zipcode"":}","""acmattis""",3,"""Open""",2/15/2021 8:21
,"""Duisvolutpat""","""consectetuer.mauris@aol.edu""","{""address"":""9418 Suspendisse Rd."",""state"":"""",""zipcode"":}","""quis""",2,"""Closed""",6/26/2020 2:19
,"""Craseget""","""dolor.dapibus@icloud.edu""","{""address"":""287-1297 Tortor, Ave"",""state"":"""",""zipcode"":}","""velitegetlaoreet""",1,"""Open""",1/3/2023 1:39
,"""egetdictum""","""fusce.mollis.duis@protonmail.couk""","{""address"":""397-1556 Sed, Road"",""state"":"""",""zipcode"":}","""nequeNullam""",3,"""Open""",6/7/2021 2:26
,"""auctorMauris""","""molestie.pharetra.nibh@protonmail.com""","{""address"":""392-2643 Et Av."",""state"":"""",""zipcode"":}","""magna""",1,"""Open""",5/24/2020 9:33
,"""dolorQuisque""","""lobortis.ultrices@icloud.couk""","{""address"":""Ap #962-5372 Sem. St."",""state"":"""",""zipcode"":}","""tristique""",3,"""Open""",1/16/2021 17:24
,"""cursusa""","""accumsan.convallis@protonmail.org""","{""address"":""458-407 Fusce Ave"",""state"":"""",""zipcode"":}","""luctus""",3,"""Closed""",5/11/2022 13:03
,"""luctusCurabitur""","""felis.purus.ac@aol.org""","{""address"":""Ap #326-3493 Nulla Rd."",""state"":"""",""zipcode"":}","""tinciduntorci""",1,"""Open""",5/26/2020 22:39
,"""tinciduntDonec""","""duis.elementum.dui@hotmail.org""","{""address"":""Ap #451-9536 Duis Street"",""state"":"""",""zipcode"":}","""mollisnec""",4,"""Open""",4/10/2024 23:11
,"""egetodio""","""non@hotmail.com""","{""address"":""Ap #868-2195 Sit Avenue"",""state"":"""",""zipcode"":}","""suscipit""",3,"""Open""",2/27/2023 23:56
,"""liberoProin""","""netus.et.malesuada@google.org""","{""address"":""1536 Mauris St."",""state"":"""",""zipcode"":}","""maurisipsum""",5,"""Closed""",5/4/2020 1:41
,"""euismodenim""","""purus.nullam@google.net""","{""address"":""Ap #779-5940 Nunc Avenue"",""state"":"""",""zipcode"":}","""nunc""",3,"""Open""",12/15/2023 5:15
,"""orcisem""","""vestibulum.ante@yahoo.couk""","{""address"":""Ap #361-5706 Mi Av."",""state"":"""",""zipcode"":}","""etultricesposuere""",1,"""Open""",12/8/2023 7:28
,"""facilisiseget""","""integer.id@aol.net""","{""address"":""885-6298 Elit. Street"",""state"":"""",""zipcode"":}","""Duisa""",3,"""Closed""",6/30/2021 20:43
,"""eteuismod""","""sed.tortor@aol.net""","{""address"":""187-2960 Laoreet, Avenue"",""state"":"""",""zipcode"":}","""Nullam""",1,"""Open""",7/15/2021 2:36
,"""tincidunttempus""","""phasellus.ornare.fusce@yahoo.ca""","{""address"":""Ap #265-4885 Ut Av."",""state"":"""",""zipcode"":}","""elitpede""",1,"""Closed""",6/29/2022 3:56
,"""quamCurabitur""","""dictum.mi.ac@yahoo.org""","{""address"":""905-9488 Neque. St."",""state"":"""",""zipcode"":}","""Vivamus""",4,"""Open""",5/22/2023 21:38
,"""laoreetipsum""","""a@icloud.org""","{""address"":""Ap #814-5943 Sociis Rd."",""state"":"""",""zipcode"":}","""sociisnatoquepenatibus""",5,"""Closed""",7/1/2022 15:46
,"""magnaDuis""","""egestas@google.ca""","{""address"":""778-4896 Vel, Street"",""state"":"""",""zipcode"":}","""odiotristique""",2,"""Open""",12/6/2020 8:42
,"""Loremipsum""","""suspendisse.aliquet@aol.couk""","{""address"":""P.O. Box 769, 615 Leo, Road"",""state"":"""",""zipcode"":}","""orci""",4,"""Closed""",4/28/2023 15:45
,"""tortornibh""","""a.feugiat@outlook.net""","{""address"":""117-2821 Faucibus Street"",""state"":"""",""zipcode"":}","""imperdiet""",4,"""Closed""",5/29/2021 1:40
,"""turpisvitae""","""sed.pharetra@icloud.couk""","{""address"":""P.O. Box 899, 8983 Arcu. Ave"",""state"":"""",""zipcode"":}","""nisi""",4,"""Open""",5/11/2021 8:45
,"""acturpis""","""ut.quam.vel@outlook.org""","{""address"":""822-8777 Dui, Rd."",""state"":"""",""zipcode"":}","""Duis""",3,"""Open""",8/14/2023 0:54
,"""vulputaterisus""","""vel.pede@icloud.ca""","{""address"":""3955 Consectetuer St."",""state"":"""",""zipcode"":}","""tortorInteger""",5,"""Open""",9/24/2020 16:22
,"""euerat""","""sagittis@google.com""","{""address"":""6217 Nunc Street"",""state"":"""",""zipcode"":}","""feugiatSed""",1,"""Open""",12/14/2023 18:01
,"""Crassed""","""vulputate.mauris@hotmail.edu""","{""address"":""P.O. Box 962, 7697 Morbi Ave"",""state"":"""",""zipcode"":}","""pede""",3,"""Open""",12/2/2020 6:27
,"""commodohendrerit""","""lacus.quisque@google.org""","{""address"":""6229 Volutpat. Road"",""state"":"""",""zipcode"":}","""egetvenenatis""",4,"""Open""",6/27/2020 11:48
,"""sitamet""","""tempor.diam.dictum@icloud.org""","{""address"":""P.O. Box 810, 9077 Duis Rd."",""state"":"""",""zipcode"":}","""erat""",3,"""Open""",6/2/2021 14:18
,"""anteNunc""","""ullamcorper@protonmail.ca""","{""address"":""722-7328 Lectus Ave"",""state"":"""",""zipcode"":}","""mollisPhaselluslibero""",3,"""Closed""",11/10/2021 14:47
,"""dictumProin""","""a.malesuada@aol.couk""","{""address"":""P.O. Box 844, 5700 A Rd."",""state"":"""",""zipcode"":}","""orcilacusvestibulum""",1,"""Open""",6/17/2021 16:25
,"""Nuncac""","""metus.vitae@icloud.net""","{""address"":""736-2877 Nisi St."",""state"":"""",""zipcode"":}","""Lorem""",1,"""Closed""",2/10/2023 4:51
,"""sedsem""","""in@protonmail.com""","{""address"":""Ap #629-7835 Adipiscing St."",""state"":"""",""zipcode"":}","""Cumsociis""",4,"""Closed""",12/11/2022 22:56
,"""sedorci""","""nunc.pulvinar@hotmail.edu""","{""address"":""971-2277 Libero St."",""state"":"""",""zipcode"":}","""dictum""",1,"""Open""",4/12/2022 19:07
,"""inaliquet""","""nisl.arcu@icloud.org""","{""address"":""1407 Et St."",""state"":"""",""zipcode"":}","""egestasnuncsed""",2,"""Open""",5/7/2023 6:51
,"""ultricesposuere""","""in.dolor.fusce@outlook.edu""","{""address"":""4174 Non, Avenue"",""state"":"""",""zipcode"":}","""aliquet""",3,"""Closed""",1/13/2022 15:33
,"""magnaNam""","""auctor.velit.eget@hotmail.org""","{""address"":""P.O. Box 167, 5459 Vitae, Rd."",""state"":"""",""zipcode"":}","""risusatfringilla""",4,"""Closed""",10/29/2023 12:35
,"""etmalesuada""","""vel@icloud.edu""","{""address"":""Ap #920-6805 Venenatis Road"",""state"":"""",""zipcode"":}","""eu""",4,"""Closed""",5/13/2022 12:20
,"""Pellentesqueut""","""turpis@icloud.org""","{""address"":""1455 Blandit Rd."",""state"":"""",""zipcode"":}","""odioPhasellusat""",5,"""Closed""",10/19/2020 10:39
,"""miac""","""ipsum.nunc@yahoo.com""","{""address"":""415-5129 Maecenas Rd."",""state"":"""",""zipcode"":}","""massaQuisqueporttitor""",4,"""Closed""",10/30/2020 1:41
,"""etpede""","""id.libero.donec@hotmail.edu""","{""address"":""Ap #422-5251 Ut Ave"",""state"":"""",""zipcode"":}","""Aenean""",1,"""Closed""",5/20/2020 11:05
,"""risusDonec""","""fermentum.vel@google.com""","{""address"":""P.O. Box 628, 5633 Rutrum. St."",""state"":"""",""zipcode"":}","""at""",5,"""Open""",3/12/2024 22:46
,"""quisaccumsan""","""cras.lorem@outlook.couk""","{""address"":""696-8165 Quis, Road"",""state"":"""",""zipcode"":}","""purusNullam""",5,"""Closed""",8/19/2022 2:05
,"""Duisa""","""dictum.placerat@aol.edu""","{""address"":""950-8710 Enim Street"",""state"":"""",""zipcode"":}","""doloregestasrhoncus""",3,"""Open""",3/28/2021 12:49
,"""justonec""","""et@aol.net""","{""address"":""Ap #642-4099 Risus. Av."",""state"":"""",""zipcode"":}","""ridiculusmusProin""",4,"""Closed""",6/8/2021 12:49
,"""ametdiam""","""hendrerit.id@protonmail.ca""","{""address"":""896-839 Velit. Avenue"",""state"":"""",""zipcode"":}","""velvulputate""",2,"""Open""",5/2/2024 2:58
,"""lacusUt""","""lectus.convallis@icloud.net""","{""address"":""1807 Mi Street"",""state"":"""",""zipcode"":}","""etnuncQuisque""",1,"""Closed""",4/7/2021 6:16
,"""diamlorem""","""diam@icloud.edu""","{""address"":""P.O. Box 645, 6109 Metus. Rd."",""state"":"""",""zipcode"":}","""eumetus""",3,"""Open""",10/13/2020 23:13
,"""orcisem""","""sed.eget@google.edu""","{""address"":""Ap #186-6421 Ut Rd."",""state"":"""",""zipcode"":}","""magnaSuspendisse""",3,"""Closed""",4/13/2024 0:49
,"""nuncsed""","""imperdiet.erat@icloud.net""","{""address"":""Ap #352-9706 Donec Rd."",""state"":"""",""zipcode"":}","""Aliquamfringilla""",1,"""Closed""",7/21/2023 23:46
,"""Nullamsuscipit""","""mi.eleifend.egestas@yahoo.org""","{""address"":""Ap #946-5482 Ac Av."",""state"":"""",""zipcode"":}","""duiinsodales""",5,"""Open""",12/15/2023 4:42
,"""Etiamligula""","""quis.massa@outlook.org""","{""address"":""Ap #447-1837 Etiam Av."",""state"":"""",""zipcode"":}","""Nunclectus""",5,"""Open""",11/1/2021 5:32
,"""Nullamlobortis""","""aliquam.ornare@aol.couk""","{""address"":""Ap #162-9159 Ipsum Rd."",""state"":"""",""zipcode"":}","""nonnisi""",3,"""Open""",11/29/2020 8:14
,"""nuncullamcorper""","""laoreet@hotmail.net""","{""address"":""660-3534 Laoreet, Road"",""state"":"""",""zipcode"":}","""Mauriseu""",1,"""Open""",6/4/2023 0:15
,"""interdumfeugiat""","""donec@icloud.com""","{""address"":""219-1245 Ut St."",""state"":"""",""zipcode"":}","""eu""",4,"""Closed""",8/6/2020 17:32
,"""purusgravida""","""libero.morbi.accumsan@aol.ca""","{""address"":""Ap #544-9149 Egestas Rd."",""state"":"""",""zipcode"":}","""lectussitamet""",4,"""Closed""",4/30/2023 20:30
,"""arcuNunc""","""urna@icloud.com""","{""address"":""751-7996 Sit Road"",""state"":"""",""zipcode"":}","""Duis""",3,"""Open""",3/21/2024 7:54
,"""dolordapibus""","""ac.turpis.egestas@yahoo.org""","{""address"":""537-1413 Lacus. Ave"",""state"":"""",""zipcode"":}","""musProin""",1,"""Closed""",10/1/2020 5:58
,"""sedsapien""","""aliquet.metus@hotmail.com""","{""address"":""325-3256 Libero Street"",""state"":"""",""zipcode"":}","""molestie""",2,"""Open""",11/9/2021 19:13
,"""tacitisociosqu""","""auctor@protonmail.edu""","{""address"":""Ap #845-3756 Nisl. St."",""state"":"""",""zipcode"":}","""sedsem""",3,"""Closed""",10/10/2023 20:22
,"""enimCurabitur""","""vel.arcu.eu@hotmail.org""","{""address"":""831-5924 Morbi St."",""state"":"""",""zipcode"":}","""dignissim""",3,"""Closed""",7/22/2021 22:28
,"""euarcu""","""nunc.ut.erat@yahoo.com""","{""address"":""3597 Nonummy. Ave"",""state"":"""",""zipcode"":}","""sitamet""",3,"""Open""",11/17/2022 17:34
,"""erosturpis""","""diam.pellentesque@icloud.com""","{""address"":""9648 Feugiat. St."",""state"":"""",""zipcode"":}","""Crassedleo""",2,"""Open""",1/22/2021 14:29
,"""nisia""","""mollis@hotmail.couk""","{""address"":""5447 Mauris St."",""state"":"""",""zipcode"":}","""lobortisauguescelerisque""",2,"""Closed""",9/12/2020 0:39
,"""Integermollis""","""dictum.eu@icloud.net""","{""address"":""211-2533 Eu Avenue"",""state"":"""",""zipcode"":}","""Donec""",2,"""Open""",1/22/2023 6:38
,"""sociisnatoque""","""elit.dictum@hotmail.com""","{""address"":""9890 Faucibus Av."",""state"":"""",""zipcode"":}","""Classaptent""",2,"""Closed""",5/4/2020 16:10
,"""netuset""","""ligula.aenean.gravida@outlook.com""","{""address"":""943-6346 Sed Av."",""state"":"""",""zipcode"":}","""Nullatempor""",4,"""Closed""",1/18/2024 9:15
,"""estarcu""","""cursus.et.magna@yahoo.ca""","{""address"":""Ap #261-6575 Orci. Rd."",""state"":"""",""zipcode"":}","""metusurnaconvallis""",3,"""Open""",2/2/2021 21:53
,"""loremluctus""","""sed.neque.sed@yahoo.com""","{""address"":""2776 Ut Av."",""state"":"""",""zipcode"":}","""tincidunt""",4,"""Open""",1/27/2023 11:56
,"""vitaediam""","""ultricies@google.net""","{""address"":""Ap #327-2688 Fusce Rd."",""state"":"""",""zipcode"":}","""magna""",4,"""Closed""",5/21/2022 15:57
,"""laoreetipsum""","""nisl@yahoo.ca""","{""address"":""558-2102 Tellus Rd."",""state"":"""",""zipcode"":}","""nibh""",2,"""Open""",4/3/2022 2:07
,"""Phasellusdolor""","""nunc.sit.amet@google.org""","{""address"":""Ap #550-3304 Nibh. Road"",""state"":"""",""zipcode"":}","""acorciUt""",4,"""Open""",3/30/2021 9:37
,"""orciquis""","""integer@outlook.org""","{""address"":""778-3443 Non, Road"",""state"":"""",""zipcode"":}","""Quisque""",5,"""Closed""",2/20/2024 4:52
,"""montesnascetur""","""mauris@hotmail.edu""","{""address"":""737-3682 Adipiscing Avenue"",""state"":"""",""zipcode"":}","""turpisNulla""",5,"""Open""",12/2/2023 8:56
,"""congueturpis""","""lorem.vitae.odio@protonmail.net""","{""address"":""P.O. Box 276, 1922 Quam Av."",""state"":"""",""zipcode"":}","""nunc""",5,"""Open""",6/23/2020 16:56
,"""lectusa""","""sit@outlook.com""","{""address"":""Ap #456-7457 Suscipit Ave"",""state"":"""",""zipcode"":}","""magnisdis""",1,"""Closed""",7/30/2020 4:05
,"""dictummagna""","""habitant.morbi@protonmail.com""","{""address"":""Ap #151-2332 Ullamcorper Rd."",""state"":"""",""zipcode"":}","""sem""",2,"""Open""",8/29/2021 1:56
,"""acorci""","""ante@yahoo.org""","{""address"":""7166 Congue Rd."",""state"":"""",""zipcode"":}","""amet""",5,"""Closed""",1/3/2022 23:48
,"""montesnascetur""","""nunc.sed@hotmail.edu""","{""address"":""942-2773 Ridiculus Road"",""state"":"""",""zipcode"":}","""vitaeeratvel""",3,"""Open""",8/14/2020 2:52
,"""liberomauris""","""volutpat.nulla@aol.org""","{""address"":""Ap #771-4602 Morbi Avenue"",""state"":"""",""zipcode"":}","""euligulaAenean""",1,"""Closed""",11/8/2022 5:39
,"""Loremipsum""","""lorem.ipsum@icloud.com""","{""address"":""Ap #586-4822 Semper Ave"",""state"":"""",""zipcode"":}","""Vestibulumaccumsan""",3,"""Open""",6/15/2022 15:42
,"""venenatislacus""","""phasellus.elit.pede@protonmail.net""","{""address"":""Ap #115-3429 Proin Road"",""state"":"""",""zipcode"":}","""etnetus""",3,"""Closed""",9/14/2021 0:36
,"""ridiculusmus""","""proin.eget@protonmail.com""","{""address"":""384-9446 Odio, Ave"",""state"":"""",""zipcode"":}","""estmaurisrhoncus""",2,"""Open""",11/30/2023 7:40
,"""lacusUt""","""nunc.sed.libero@aol.ca""","{""address"":""492-7962 Tempor, Av."",""state"":"""",""zipcode"":}","""duiinsodales""",3,"""Open""",3/10/2024 13:17
,"""dignissimlacus""","""et.arcu@hotmail.com""","{""address"":""Ap #242-5433 Tempus St."",""state"":"""",""zipcode"":}","""Loremipsumdolor""",5,"""Closed""",12/30/2020 23:52
,"""vitaedolor""","""donec.luctus@google.edu""","{""address"":""Ap #543-546 Ipsum St."",""state"":"""",""zipcode"":}","""estmaurisrhoncus""",1,"""Open""",3/4/2021 4:37
,"""ametrisus""","""pede.ac@aol.net""","{""address"":""Ap #382-7271 Nullam Street"",""state"":"""",""zipcode"":}","""NullamnislMaecenas""",4,"""Open""",11/18/2020 0:49
,"""aauctor""","""ante.ipsum.primis@outlook.org""","{""address"":""265 Proin Street"",""state"":"""",""zipcode"":}","""vulputateeu""",3,"""Open""",1/31/2023 10:44
,"""auctorodio""","""in.at@hotmail.edu""","{""address"":""Ap #448-8492 Auctor Avenue"",""state"":"""",""zipcode"":}","""sitamet""",3,"""Closed""",1/5/2023 15:36
,"""cursuspurus""","""purus.mauris@outlook.couk""","{""address"":""547-2843 Faucibus Avenue"",""state"":"""",""zipcode"":}","""ipsumsodalespurus""",5,"""Open""",4/6/2023 23:46
,"""tortorInteger""","""suspendisse.aliquet@hotmail.net""","{""address"":""630-4807 Rutrum St."",""state"":"""",""zipcode"":}","""odiovel""",3,"""Closed""",3/23/2024 4:57
,"""etmalesuada""","""mauris.id@yahoo.ca""","{""address"":""Ap #800-9584 Ad Rd."",""state"":"""",""zipcode"":}","""sitametconsectetuer""",5,"""Closed""",6/30/2023 6:23
,"""fringillapurus""","""congue.elit@google.org""","{""address"":""139 Vel Rd."",""state"":"""",""zipcode"":}","""ornare""",5,"""Open""",11/21/2023 0:37
,"""luctusvulputate""","""aliquet.nec.imperdiet@aol.edu""","{""address"":""P.O. Box 299, 9071 Ut, Rd."",""state"":"""",""zipcode"":}","""vitaerisusDuis""",2,"""Open""",1/12/2024 8:18
,"""eratvel""","""vivamus@hotmail.com""","{""address"":""Ap #261-1473 Morbi Road"",""state"":"""",""zipcode"":}","""sodalespurus""",5,"""Closed""",5/26/2020 18:52
,"""arcuVestibulum""","""in@outlook.edu""","{""address"":""649-4793 Non Road"",""state"":"""",""zipcode"":}","""iaculislacus""",1,"""Open""",7/6/2021 20:32
,"""sodaleselit""","""leo.vivamus@aol.com""","{""address"":""9761 Duis Rd."",""state"":"""",""zipcode"":}","""id""",5,"""Closed""",4/21/2023 14:46
,"""semPellentesque""","""magna.sed@yahoo.net""","{""address"":""Ap #884-9055 Elit, Street"",""state"":"""",""zipcode"":}","""lacinia""",4,"""Closed""",10/17/2022 11:41
,"""duiSuspendisse""","""nec.tempus@outlook.ca""","{""address"":""Ap #281-1672 Enim, Ave"",""state"":"""",""zipcode"":}","""egestas""",4,"""Open""",5/8/2021 8:52
,"""Aeneangravida""","""ornare.lectus@protonmail.ca""","{""address"":""P.O. Box 421, 345 Non, Rd."",""state"":"""",""zipcode"":}","""pede""",3,"""Open""",12/10/2020 21:02
,"""orcitincidunt""","""maecenas.malesuada@hotmail.net""","{""address"":""710-9237 Justo Rd."",""state"":"""",""zipcode"":}","""nequeSed""",3,"""Open""",2/13/2022 18:17
,"""pedeCras""","""turpis.egestas@yahoo.ca""","{""address"":""696-6132 Fringilla Road"",""state"":"""",""zipcode"":}","""nislsemconsequat""",1,"""Open""",5/10/2022 11:24
,"""mollisInteger""","""eleifend.nunc@yahoo.net""","{""address"":""Ap #854-6091 Augue Avenue"",""state"":"""",""zipcode"":}","""arcuMorbi""",2,"""Closed""",9/27/2023 10:24
,"""sedconsequat""","""eleifend@outlook.com""","{""address"":""904-5907 Eget Ave"",""state"":"""",""zipcode"":}","""nullaIn""",4,"""Open""",6/21/2021 0:57
,"""euturpis""","""facilisis.vitae@google.com""","{""address"":""P.O. Box 499, 2367 Nec Road"",""state"":"""",""zipcode"":}","""utquamvel""",3,"""Open""",10/5/2022 4:58
,"""metusAliquam""","""sem.vitae@hotmail.org""","{""address"":""163-8712 Nunc Rd."",""state"":"""",""zipcode"":}","""Quisquetincidunt""",2,"""Closed""",4/8/2022 14:04
,"""mollisvitae""","""in.lorem@protonmail.net""","{""address"":""Ap #499-9017 Massa Street"",""state"":"""",""zipcode"":}","""afelis""",5,"""Open""",9/7/2020 9:00
,"""ettristique""","""ipsum.primis@yahoo.couk""","{""address"":""9243 Scelerisque St."",""state"":"""",""zipcode"":}","""Praesenteu""",3,"""Closed""",6/23/2021 7:57
,"""Donecnibh""","""arcu.eu@hotmail.org""","{""address"":""Ap #177-6217 Eget Av."",""state"":"""",""zipcode"":}","""Donecsollicitudinadipiscing""",3,"""Closed""",9/21/2021 9:07
,"""odioNam""","""tempus.lorem@protonmail.net""","{""address"":""Ap #560-3560 Interdum. Avenue"",""state"":"""",""zipcode"":}","""In""",5,"""Closed""",2/25/2024 12:34
,"""Integervitae""","""hendrerit.consectetuer@protonmail.net""","{""address"":""Ap #975-7988 A, Av."",""state"":"""",""zipcode"":}","""etrutrum""",3,"""Closed""",8/23/2022 0:51
